"id","farrell","farrell_bc","escore","escore_bc","ic_inf","ic_sup","vies","pais","ano","grupo_renda"
"ARG-2013",1.08892565890625,1.18815044804466,0.918336336205384,0.841644256117313,0.642777437912448,0.916296393834783,-0.09922478913841,"Argentina",2013,"Renda média-alta"
"AUS-2013",1,1.23718184673681,1,0.80828861386675,0.606478370892038,0.992684746311168,-0.237181846736808,"Australia",2013,"Alta renda"
"AUT-2013",1.12120378766169,1.16574694415167,0.891898521040081,0.857819104752371,0.793762069439061,0.889351552012297,-0.0445431564899814,"Austria",2013,"Alta renda"
"BEL-2013",1.19756707243939,1.23593767375674,0.835026298746709,0.809102288273495,0.76071320750871,0.832269212637421,-0.0383706013173475,"Belgium",2013,"Alta renda"
"BRA-2013",1.05990614286787,1.1509529795819,0.943479766325557,0.868845224557535,0.742768006180507,0.939866824426331,-0.0910468367140314,"Brazil",2013,"Renda média-alta"
"CHN-2013",1,1.22980964078649,1,0.813133973612759,0.63159712323702,0.988870300431369,-0.229809640786492,"China",2013,"Renda média-alta"
"FRA-2013",1.89594195600962,2.01879133982775,0.527442307413618,0.49534589349156,0.439931211513224,0.525130191343438,-0.12284938381813,"France",2013,"Alta renda"
"IND-2013",2.014216477293,2.20516410407821,0.496470965893372,0.453480989532982,0.386465378707707,0.493949542392416,-0.190947626785216,"India",2013,"Renda média-baixa"
"IDN-2013",1.10703256893452,1.1542334544903,0.903315790394913,0.866375858462349,0.805353635935057,0.901427668312952,-0.0472008855557806,"Indonesia",2013,"Renda média-alta"
"ISR-2013",3.23315249822736,3.57463765945311,0.309295648921067,0.279748633363022,0.234842189829048,0.307138428470876,-0.341485161225758,"Israel",2013,"Alta renda"
"ITA-2013",1.2925965778096,1.42888920142078,0.773636583267589,0.699844325932113,0.608285127754175,0.766451203353823,-0.136292623611174,"Italy",2013,"Alta renda"
"JPN-2013",1.28425890270938,1.35547146325885,0.778659192387392,0.737750684618459,0.666950127059766,0.775421319406603,-0.0712125605494738,"Japan",2013,"Alta renda"
"MEX-2013",1.0508103422722,1.17232025454913,0.951646514857923,0.853009232007678,0.659566587345351,0.94768626911198,-0.121509912276931,"Mexico",2013,"Renda média-alta"
"NLD-2013",1.23233894862562,1.27785398841466,0.8114650609033,0.782562021221711,0.739259321060936,0.807920175085413,-0.0455150397890354,"Netherlands",2013,"Alta renda"
"NOR-2013",1.12513946340878,1.16423682173008,0.888778709236938,0.858931775164074,0.801878476358954,0.886576973647784,-0.0390973583212992,"Norway",2013,"Alta renda"
"POL-2013",1.10059368612311,1.17748448109565,0.90860052407037,0.849268093172238,0.744986086843534,0.906300518435266,-0.0768907949725324,"Poland",2013,"Alta renda"
"SGP-2013",1.46260062763855,1.51560339116915,0.683713640691207,0.65980322149358,0.624519189311007,0.680965513710359,-0.0530027635305965,"Singapore",2013,"Alta renda"
"ESP-2013",2.03480690351226,2.1577693831477,0.491447123692135,0.463441555807611,0.423821813227696,0.48969329578867,-0.12296247963544,"Spain",2013,"Alta renda"
"GBR-2013",2.98867609564224,3.34367374268355,0.334596312212652,0.299072241180273,0.237828964709386,0.333151147189262,-0.354997647041313,"United Kingdom",2013,"Alta renda"
"USA-2013",1,1.13226388045876,1,0.883186346626928,0.767672118447064,0.989934135366637,-0.132263880458759,"United States",2013,"Alta renda"
"AUT-2014",1.05358441309476,1.19620751102222,0.949140844882694,0.835975356103096,0.698210073114879,0.94056913830282,-0.14262309792746,"Austria",2014,"Alta renda"
"BRA-2014",1.11516381755835,1.23901971135303,0.896729237673352,0.807089661961863,0.719545321722472,0.884643998710192,-0.123855893794683,"Brazil",2014,"Renda média-alta"
"CHL-2014",1.63672786087605,1.77844585448867,0.610975119263112,0.56228869575988,0.504529815394588,0.607898851000296,-0.141717993612624,"Chile",2014,"Alta renda"
"CHN-2014",1,1.24386278438622,1,0.803947197836169,0.65729886213026,0.985308290082421,-0.243862784386224,"China",2014,"Renda média-alta"
"FRA-2014",3.33316460874058,3.84555460152131,0.300015185982022,0.260040515249581,0.212550169701792,0.297885237026142,-0.512389992780734,"France",2014,"Alta renda"
"GRC-2014",2.07341742175594,2.25128759336622,0.482295552023054,0.444190250480062,0.400426205429873,0.479117552697474,-0.177870171610282,"Greece",2014,"Alta renda"
"HUN-2014",1.04696326470538,1.19419647833175,0.955143350021365,0.837383142677631,0.693405376206476,0.948081029321958,-0.147233213626371,"Hungary",2014,"Alta renda"
"IND-2014",3.68571971979029,4.35360627303427,0.271317429437336,0.229694634122953,0.182468882684885,0.268926849520263,-0.667886553243977,"India",2014,"Renda média-baixa"
"ISR-2014",1.70513237884401,1.83904310535959,0.586464729898535,0.5437610445811,0.491018729694171,0.583731086965448,-0.133910726515578,"Israel",2014,"Alta renda"
"ITA-2014",1,1.25490527314539,1,0.796872896623919,0.685990433828791,0.982280588483358,-0.254905273145393,"Italy",2014,"Alta renda"
"JPN-2014",1,1.20524903281842,1,0.829704046857057,0.677711234109967,0.984317236620658,-0.205249032818423,"Japan",2014,"Alta renda"
"MEX-2014",1,1.29662090216969,1,0.771235446171398,0.578168583630935,0.98627315000007,-0.296620902169688,"Mexico",2014,"Renda média-alta"
"NLD-2014",1.20404175216422,1.31668552660618,0.830535982828283,0.759482792050995,0.681901100732694,0.826102962331009,-0.112643774441962,"Netherlands",2014,"Alta renda"
"NOR-2014",1.35952948889135,1.47498113171212,0.735548591016932,0.677974774388622,0.620912624097999,0.730334548188611,-0.115451642820775,"Norway",2014,"Alta renda"
"POL-2014",1.04553648691004,1.21059386297955,0.956446773995793,0.82604086356325,0.702555264958765,0.938799571912099,-0.165057376069515,"Poland",2014,"Alta renda"
"PRT-2014",1.07837896082481,1.19371231868949,0.927317794882736,0.8377227782133,0.709117311856792,0.920570355490314,-0.11533335786468,"Portugal",2014,"Alta renda"
"SGP-2014",1.56311659060133,1.71809794778453,0.639747544113326,0.582038993346967,0.517983357455854,0.63415119464162,-0.1549813571832,"Singapore",2014,"Alta renda"
"ESP-2014",1.54084786551105,1.78777526451168,0.64899333826726,0.559354422141612,0.46220924333193,0.64416726427479,-0.24692739900063,"Spain",2014,"Alta renda"
"GBR-2014",2.57864938647733,2.96216478755201,0.387799910000984,0.337590941666152,0.283513313269747,0.384336111321384,-0.383515401074681,"United Kingdom",2014,"Alta renda"
"USA-2014",1,1.16657511193088,1,0.857210127125748,0.728004043421734,0.979850279095231,-0.166575111930875,"United States",2014,"Alta renda"
"AUS-2015",1.14538208845972,1.3028104833443,0.873071100094444,0.767571348852684,0.68046493838423,0.860708820361376,-0.157428394884576,"Australia",2015,"Alta renda"
"AUT-2015",1,1.32370733595612,1,0.755453998657258,0.579437977309157,0.98363730717793,-0.323707335956123,"Austria",2015,"Alta renda"
"BRA-2015",1.40200972178641,1.54431077517967,0.71326181584948,0.647538057800354,0.589079025193848,0.698888050925155,-0.142301053393254,"Brazil",2015,"Renda média-alta"
"CHN-2015",1,1.30413862102162,1,0.766789652480834,0.618207294710094,0.978541974893706,-0.304138621021618,"China",2015,"Renda média-alta"
"FRA-2015",1.5429031786294,1.76925560920335,0.648128809280391,0.565209455772348,0.468144721436287,0.639325165769457,-0.226352430573955,"France",2015,"Alta renda"
"HUN-2015",2.21906377685952,2.42490132894345,0.450640495522497,0.412387913711816,0.364163921722346,0.44676573329129,-0.205837552083928,"Hungary",2015,"Alta renda"
"IND-2015",2.2706001836306,2.70336387388675,0.440412190225862,0.369909507802312,0.291994841137132,0.433859011848066,-0.432763690256148,"India",2015,"Renda média-baixa"
"ISR-2015",2.4133080943537,2.6649315920288,0.414368974413028,0.375244153730304,0.328321776033715,0.408102002739998,-0.251623497675105,"Israel",2015,"Alta renda"
"JPN-2015",1,1.17761505848988,1,0.849173923847708,0.748961087260326,0.976138552714419,-0.177615058489881,"Japan",2015,"Alta renda"
"MYS-2015",1,1.26877033717444,1,0.788164706172911,0.631465643262401,0.982093339705848,-0.268770337174444,"Malaysia",2015,"Renda média-alta"
"MEX-2015",1,1.15269212250497,1,0.867534340242438,0.711063273916553,0.981626172455278,-0.152692122504965,"Mexico",2015,"Renda média-alta"
"NLD-2015",1.97295408939636,2.18500057949373,0.50685416623453,0.457665782510549,0.411855982826092,0.499547074033983,-0.212046490097366,"Netherlands",2015,"Alta renda"
"POL-2015",1.15921660176556,1.29045992834978,0.862651551467549,0.774917514315059,0.685536119121538,0.850021294198669,-0.131243326584219,"Poland",2015,"Alta renda"
"PRT-2015",1.09283222472277,1.22256570545112,0.915053543789563,0.817951947728654,0.697195280907188,0.903660780695841,-0.129733480728354,"Portugal",2015,"Alta renda"
"SGP-2015",2.14168477001952,2.36534493079534,0.466922123180102,0.422771320571733,0.375978506035453,0.460851662403603,-0.223660160775821,"Singapore",2015,"Alta renda"
"ESP-2015",1,1.24567858943322,1,0.80277529732208,0.688597835703834,0.985862828306319,-0.245678589433218,"Spain",2015,"Alta renda"
"CHE-2015",3.65451403802529,4.26491662463735,0.273634193108846,0.234471172126379,0.193348380864142,0.269402127616137,-0.610402586612052,"Switzerland",2015,"Alta renda"
"USA-2015",1.00464954433221,1.21016672713377,0.995371973880405,0.826332419805043,0.64930122959029,0.983314946730608,-0.205517182801564,"United States",2015,"Alta renda"
"ARG-2016",1.00117007445937,1.07568793087269,0.998831293014819,0.929637649823507,0.77896479196001,0.995307086995654,-0.0745178564133164,"Argentina",2016,"Renda média-alta"
"AUT-2016",1.02344709418796,1.05757811747766,0.977090076935965,0.945556629315492,0.884044743747846,0.973521310791022,-0.0341310232897039,"Austria",2016,"Alta renda"
"BEL-2016",1.19017143146728,1.21612313350947,0.840215093019978,0.822285155545241,0.798347328331049,0.838802146717184,-0.0259517020421904,"Belgium",2016,"Alta renda"
"BRA-2016",1,1.07401444425573,1,0.931086174258089,0.835979700491664,0.994525134388262,-0.0740144442557348,"Brazil",2016,"Renda média-alta"
"CHN-2016",1,1.16743725905301,1,0.856577081333833,0.64852221946399,0.9965446948853,-0.167437259053013,"China",2016,"Renda média-alta"
"FRA-2016",1.89375410152603,2.046144780921,0.528051661614449,0.488723969742692,0.411926273085222,0.525126871300091,-0.152390679394963,"France",2016,"Alta renda"
"GRC-2016",1.07578880422536,1.10702798405572,0.929550480607635,0.903319531577143,0.870695120622481,0.926819356003638,-0.0312391798303531,"Greece",2016,"Alta renda"
"HUN-2016",1.07453591511605,1.10139194533227,0.93063431936754,0.907941994889313,0.87601225243476,0.929017181692521,-0.0268560302162189,"Hungary",2016,"Alta renda"
"IND-2016",1,1.1455657926572,1,0.872931093447239,0.681567715066303,0.993705855313718,-0.145565792657197,"India",2016,"Renda média-baixa"
"IDN-2016",1.00934965587812,1.06887096598936,0.990736950447573,0.935566622931319,0.816791238939835,0.989656345788253,-0.059521310111233,"Indonesia",2016,"Renda média-alta"
"IRL-2016",1.42514139558157,1.45388552527085,0.701684761315854,0.687812061278832,0.671604970402882,0.699950798010092,-0.0287441296892756,"Ireland",2016,"Alta renda"
"ISR-2016",1.94109830400596,1.99650154780226,0.515172259919161,0.500876145626232,0.474932485736074,0.514351256778667,-0.0554032437962984,"Israel",2016,"Alta renda"
"JPN-2016",1,1.05751974980537,1,0.945608817408887,0.860653560649988,0.994645488945877,-0.0575197498053716,"Japan",2016,"Alta renda"
"MYS-2016",1,1.11452313250147,1,0.89724472362953,0.756781858574856,0.996390627937909,-0.114523132501471,"Malaysia",2016,"Renda média-alta"
"MEX-2016",1,1.02880663585971,1,0.97199995134592,0.936041441733665,0.996723241549405,-0.028806635859712,"Mexico",2016,"Renda média-alta"
"NLD-2016",2.15639994188836,2.24550531596174,0.463735868553354,0.445334060396871,0.416480435409623,0.461945014109767,-0.0891053740733785,"Netherlands",2016,"Alta renda"
"NOR-2016",1.0887180454677,1.11788380940141,0.918511458648973,0.894547350619083,0.861549603656445,0.915522723497689,-0.0291657639337064,"Norway",2016,"Alta renda"
"POL-2016",1.081120817131,1.14327905481919,0.924966002091909,0.874677092862646,0.783240798989466,0.921846145805979,-0.0621582376881866,"Poland",2016,"Alta renda"
"PRT-2016",1.08169840257495,1.11607376143093,0.924472105736245,0.895998127146982,0.863100498231685,0.923174410793839,-0.0343753588559745,"Portugal",2016,"Alta renda"
"ROU-2016",1,1.14617342231418,1,0.872468319829777,0.67649220592425,0.9909617179722,-0.146173422314183,"Romania",2016,"Alta renda"
"SGP-2016",1.29971012756872,1.33847300375819,0.769402329633786,0.74712003693177,0.724898873926134,0.766490879983934,-0.0387628761894732,"Singapore",2016,"Alta renda"
"ZAF-2016",1.16149189787196,1.18365564566567,0.860961666484427,0.844840307788685,0.819242320565333,0.859010859205567,-0.0221637477937129,"South Africa",2016,"Renda média-alta"
"ESP-2016",1.19709222970826,1.25470290231065,0.835357523157352,0.797001424128698,0.739603795925211,0.830436214171823,-0.0576106726023968,"Spain",2016,"Alta renda"
"USA-2016",1.23808227507137,1.3344443576089,0.807700764428076,0.749375569163358,0.598876514013187,0.806406038277403,-0.0963620825375251,"United States",2016,"Alta renda"
"ARG-2017",1.03464562113316,1.12469906550958,0.966514504652123,0.889126727910028,0.780142717508905,0.957264563567176,-0.0900534443764255,"Argentina",2017,"Renda média-alta"
"AUS-2017",1,1.23434552609628,1,0.810145926613098,0.669451562532478,0.987801821858541,-0.234345526096276,"Australia",2017,"Alta renda"
"AUT-2017",1.0943369256893,1.24968094210854,0.913795355457024,0.800204249184384,0.689529790538774,0.902020890346028,-0.155344016419244,"Austria",2017,"Alta renda"
"BEL-2017",2.29224267191676,2.46769013233988,0.436253984908067,0.405237264960733,0.364278979491356,0.432954506042122,-0.175447460423118,"Belgium",2017,"Alta renda"
"BRA-2017",1.48419460877941,1.67813964368756,0.673766091107416,0.595897965798954,0.514475193850357,0.664131035385299,-0.193945034908157,"Brazil",2017,"Renda média-alta"
"CHL-2017",1.05887472164545,1.13943644041925,0.944398784443581,0.877626837730464,0.785301693654087,0.93618446861828,-0.0805617187737957,"Chile",2017,"Alta renda"
"CHN-2017",1,1.28813873550806,1,0.776313895727685,0.591632481488181,0.984197302887037,-0.288138735508065,"China",2017,"Renda média-alta"
"COL-2017",1,1.26287055586622,1,0.791846793287601,0.623376257918811,0.990721565821849,-0.262870555866225,"Colombia",2017,"Renda média-alta"
"FRA-2017",1.77711579679058,1.98764111926976,0.562709532944321,0.503108931640231,0.43229397110563,0.555062568383646,-0.210525322479178,"France",2017,"Alta renda"
"GRC-2017",1.3827879356943,1.49312447089918,0.723176688331389,0.669736528661796,0.60967800452931,0.718343200317843,-0.110336535204884,"Greece",2017,"Alta renda"
"HUN-2017",1.00424362427248,1.14112839449307,0.995774307976763,0.876325578108356,0.718407817652755,0.988729491196923,-0.136884770220595,"Hungary",2017,"Alta renda"
"IND-2017",3.05145729516742,3.58100034662709,0.32771227098072,0.279251578666249,0.217246771593924,0.325536729866056,-0.529543051459668,"India",2017,"Renda média-baixa"
"ISR-2017",3.34612606951735,3.73451908895644,0.298853055510919,0.267772094928409,0.229273061698461,0.296128786803719,-0.388393019439097,"Israel",2017,"Alta renda"
"JPN-2017",1,1.15081943400818,1,0.868946048744684,0.744996953425269,0.98772708439744,-0.150819434008179,"Japan",2017,"Alta renda"
"LUX-2017",1,1.17587469216184,1,0.85043075309454,0.650215981591127,0.994568811262071,-0.175874692161836,"Luxembourg",2017,"Alta renda"
"MEX-2017",1.11428720814933,1.21233599851859,0.897434694292912,0.824853836908207,0.750231587151923,0.88723575125205,-0.0980487903692544,"Mexico",2017,"Renda média-alta"
"NLD-2017",2.71495725627477,3.04685574533041,0.368329924049012,0.328207202304406,0.291780591700663,0.363969632062466,-0.331898489055638,"Netherlands",2017,"Alta renda"
"NOR-2017",1.57004336475345,1.67232247396235,0.636925082739377,0.597970795447502,0.551793660324384,0.631761383050057,-0.102279109208899,"Norway",2017,"Alta renda"
"POL-2017",1.36598663923621,1.5767537827873,0.732071582017191,0.634214428984754,0.525894351566238,0.726797617707029,-0.210767143551091,"Poland",2017,"Alta renda"
"PRT-2017",1.908557609607,2.04799442741201,0.523955889498098,0.488282578612126,0.441180123772993,0.519725859545695,-0.139436817805007,"Portugal",2017,"Alta renda"
"SGP-2017",1.98129115202688,2.18850543760513,0.504721377762673,0.45693283773345,0.407117290860434,0.50009030493029,-0.207214285578255,"Singapore",2017,"Alta renda"
"ZAF-2017",1.45123389811593,1.55318348153074,0.68906879952174,0.643838935896,0.596013503404037,0.684142725088576,-0.101949583414812,"South Africa",2017,"Renda média-alta"
"ESP-2017",1.09250488934619,1.22030128311442,0.915327711346403,0.819469760326589,0.708670624784147,0.906789617685966,-0.12779639376823,"Spain",2017,"Alta renda"
"USA-2017",1.27119501197219,1.48858820933848,0.786661362404618,0.671777455797794,0.514760178082726,0.781453085862393,-0.21739319736629,"United States",2017,"Alta renda"
"ARG-2018",1,1.13613978828843,1,0.880173382103338,0.721594241052537,0.991799308336435,-0.136139788288433,"Argentina",2018,"Renda média-alta"
"AUT-2018",1.2531562478342,1.34912876980897,0.797985089032815,0.741219090703696,0.687704542831004,0.789195509250945,-0.0959725219747711,"Austria",2018,"Alta renda"
"BEL-2018",1.18293429605068,1.28043051346804,0.845355488752483,0.780987323780267,0.716928548354442,0.837874946456761,-0.0974962174173588,"Belgium",2018,"Alta renda"
"BRA-2018",1.28774249166542,1.43661660529942,0.776552770815781,0.696079939707768,0.626736717998049,0.767738518398726,-0.148874113634003,"Brazil",2018,"Renda média-alta"
"BGR-2018",1.58779787739155,1.68080791378042,0.629803084031584,0.594951982199342,0.553935838419969,0.626893227530872,-0.0930100363888706,"Bulgaria",2018,"Alta renda"
"CHL-2018",1.4306831715034,1.50374541536264,0.698966773299761,0.665006183748759,0.620306242879185,0.694232669349816,-0.0730622438592385,"Chile",2018,"Alta renda"
"CHN-2018",1,1.23842690518216,1,0.807475997021328,0.559930848914815,0.990048176409959,-0.238426905182157,"China",2018,"Renda média-alta"
"HRV-2018",1.08765303145904,1.1695189627376,0.919410851692792,0.855052403476388,0.775184383240757,0.910984898007117,-0.0818659312785666,"Croatia",2018,"Alta renda"
"FRA-2018",1.44810160270912,1.56287688303265,0.690559279907701,0.639845665935996,0.578539514230872,0.685472290559623,-0.114775280323527,"France",2018,"Alta renda"
"GRC-2018",1,1.20746704805902,1,0.828179950423893,0.680655911535684,0.986535027639569,-0.207467048059015,"Greece",2018,"Alta renda"
"HUN-2018",1.25222074338348,1.32317357790318,0.798581244787574,0.755758742994769,0.710655035172307,0.792491270128755,-0.0709528345197028,"Hungary",2018,"Alta renda"
"IND-2018",2.41967825603774,2.74139465543405,0.413278086664925,0.364777832340841,0.296397233812493,0.410768328135302,-0.32171639939631,"India",2018,"Renda média-baixa"
"IRL-2018",1.61716681310193,1.73178705054056,0.618365397990004,0.577438201589429,0.538985645312479,0.614003359305524,-0.114620237438629,"Ireland",2018,"Alta renda"
"ISR-2018",4.84464008454501,5.37121290095973,0.206413682450864,0.18617768806396,0.16243019050497,0.20536880438696,-0.526572816414715,"Israel",2018,"Alta renda"
"JPN-2018",1,1.1745074381451,1,0.851420746708343,0.745999857543184,0.992119383262887,-0.174507438145095,"Japan",2018,"Alta renda"
"LUX-2018",1.09929788959151,1.18023464627678,0.909671536230811,0.847289141320027,0.77133322599781,0.905500054917199,-0.0809367566852688,"Luxembourg",2018,"Alta renda"
"MYS-2018",1.07077275546012,1.19476555885822,0.933904971807293,0.836984287491223,0.747845734748515,0.92280378399359,-0.123992803398101,"Malaysia",2018,"Renda média-alta"
"MEX-2018",1,1.14473364270419,1,0.873565659901211,0.75471079714724,0.98828232165548,-0.144733642704187,"Mexico",2018,"Renda média-alta"
"NOR-2018",1.33723446514747,1.43290789748143,0.747812015067768,0.697881560816062,0.652363577610144,0.738963128171256,-0.0956734323339554,"Norway",2018,"Alta renda"
"PHL-2018",1.03856733050981,1.12482181459038,0.962864872236178,0.88902969966329,0.794718285882988,0.952413126250755,-0.0862544840805637,"Philippines",2018,"Renda média-baixa"
"POL-2018",1,1.16310152389725,1,0.859770174360409,0.767088313275566,0.993021946471919,-0.163101523897254,"Poland",2018,"Alta renda"
"PRT-2018",1.62095314277775,1.76298035484058,0.61692097915079,0.567221295038439,0.527788159727658,0.611279882625006,-0.142027212062832,"Portugal",2018,"Alta renda"
"SGP-2018",3.22965501054229,3.52057307953749,0.309630594207673,0.284044664720146,0.250944152801443,0.307845261637357,-0.290918068995201,"Singapore",2018,"Alta renda"
"ZAF-2018",1.36168431324475,1.43140748961649,0.734384607557904,0.698613083453912,0.653696971947025,0.730030848355304,-0.0697231763717405,"South Africa",2018,"Renda média-alta"
"ESP-2018",1,1.17113618243033,1,0.853871663263623,0.750883227454044,0.989323867473938,-0.171136182430335,"Spain",2018,"Alta renda"
"UKR-2018",1,1.19655068969118,1,0.835735592829831,0.682737186076913,0.989586892771072,-0.196550689691178,"Ukraine",2018,"Renda média-alta"
"USA-2018",1.28382267887024,1.46216886240211,0.778923769192175,0.683915535143565,0.541793807249262,0.774978058951248,-0.178346183531878,"United States",2018,"Alta renda"
"ARG-2019",1.00669264556147,1.07624328902841,0.993351848162417,0.929157942441401,0.821436055704486,0.988700756695209,-0.069550643466935,"Argentina",2019,"Renda média-alta"
"AUS-2019",1,1.1256788998312,1,0.88835279772052,0.806464520285551,0.989495776011657,-0.125678899831196,"Australia",2019,"Alta renda"
"AUT-2019",1.39570535095211,1.50317161775057,0.71648360401988,0.665260032980438,0.617289547175206,0.708251419766187,-0.107466266798456,"Austria",2019,"Alta renda"
"BRA-2019",1.91200035968861,2.09268134521683,0.523012453911286,0.4778558390104,0.433157177586347,0.518248317043955,-0.180680985528221,"Brazil",2019,"Renda média-alta"
"BGR-2019",1.00331006101888,1.1372722086465,0.996700859338021,0.879296963732305,0.686318516332034,0.990366051897851,-0.13396214762762,"Bulgaria",2019,"Alta renda"
"CHL-2019",1.20371197016945,1.26891067255589,0.83076352547963,0.788077538969518,0.740559505709906,0.822982695131222,-0.065198702386442,"Chile",2019,"Alta renda"
"CHN-2019",1,1.28197967650119,1,0.780043567250007,0.541581167657196,0.989910357636066,-0.281979676501192,"China",2019,"Renda média-alta"
"COL-2019",1.02224071841915,1.10992713795001,0.978243169129925,0.900960041257269,0.792001220562252,0.968925531732814,-0.0876864195308573,"Colombia",2019,"Renda média-alta"
"HRV-2019",1.01345691763666,1.08920825001203,0.986721766458465,0.918098077194103,0.80897353771481,0.98134327799077,-0.075751332375368,"Croatia",2019,"Alta renda"
"GRC-2019",1.00084878324609,1.12968412620437,0.999151936575932,0.885203196897085,0.733645446597692,0.994347948818775,-0.128835342958278,"Greece",2019,"Alta renda"
"HUN-2019",1.06189862364693,1.12693982660377,0.941709479352799,0.887358824662075,0.815864761814817,0.936320507781189,-0.0650412029568398,"Hungary",2019,"Alta renda"
"IND-2019",1,1.18186344426141,1,0.8461214405569,0.733108411515916,0.991421115241755,-0.181863444261405,"India",2019,"Renda média-baixa"
"ISR-2019",6.61553651965729,7.3276587804908,0.151159319735991,0.13646923662199,0.12151708283716,0.149546901456278,-0.712122260833512,"Israel",2019,"Alta renda"
"JPN-2019",1.71677091782375,1.93901301553875,0.582488897975767,0.515726295793921,0.4197296371616,0.57808840724431,-0.222242097715005,"Japan",2019,"Alta renda"
"LUX-2019",1.02462465788604,1.07416449139555,0.975967142995719,0.930956113342382,0.862338820793725,0.970376343757431,-0.0495398335095171,"Luxembourg",2019,"Alta renda"
"MEX-2019",1.51487960980542,1.62575785043555,0.660118463227879,0.615097752554042,0.576297735935501,0.651568471531964,-0.110878240630138,"Mexico",2019,"Renda média-alta"
"NOR-2019",2.40431793899911,2.60107763420356,0.415918370769337,0.384456037317085,0.352391881534684,0.409762139110336,-0.196759695204451,"Norway",2019,"Alta renda"
"PER-2019",1,1.27855615485678,1,0.782132248318821,0.539187070940463,0.987494036371729,-0.27855615485678,"Peru",2019,"Renda média-alta"
"POL-2019",1.23244219398212,1.35411037619472,0.81139708205617,0.738492236364198,0.670397361323818,0.806320808057217,-0.12166818221259,"Poland",2019,"Alta renda"
"ROU-2019",1,1.20588577059179,1,0.829265942419447,0.698012664160517,0.988269473913102,-0.205885770591788,"Romania",2019,"Alta renda"
"SGP-2019",6.97121532756406,7.90983328326159,0.143447010745173,0.126424914936722,0.108073216663193,0.142278293580308,-0.938617955697526,"Singapore",2019,"Alta renda"
"ZAF-2019",2.40326070875716,2.64594556278284,0.416101339466057,0.377936724801043,0.336348158720579,0.412931385365269,-0.242684854025685,"South Africa",2019,"Renda média-alta"
"ESP-2019",1.31268894325521,1.4552699136368,0.761795096346435,0.687157750345396,0.608353927589887,0.75721270699274,-0.142580970381591,"Spain",2019,"Alta renda"
"USA-2019",1.32417354796953,1.51051661775168,0.755188020130284,0.662025156325951,0.494310581485663,0.75149435002283,-0.186343069782149,"United States",2019,"Alta renda"
"ARG-2020",1.16446404771529,1.29959160533834,0.858764168771058,0.769472498816007,0.67308018901445,0.84717597903688,-0.135127557623055,"Argentina",2020,"Renda média-alta"
"AUT-2020",1.5802532562664,1.81539638388945,0.632809960070997,0.550843886698462,0.487755224482755,0.623560075541529,-0.23514312762306,"Austria",2020,"Alta renda"
"BRA-2020",1.98212241412442,2.26491629995929,0.504509707813247,0.44151741943752,0.384521961297721,0.497528888474957,-0.282793885834864,"Brazil",2020,"Renda média-alta"
"CHN-2020",1,1.3309777221564,1,0.75132737637399,0.539387756672865,0.987172441945741,-0.330977722156403,"China",2020,"Renda média-alta"
"GRC-2020",1.01176797393645,1.20514213885041,0.988368900538858,0.82977764013289,0.701449538057333,0.976266157106525,-0.193374164913961,"Greece",2020,"Alta renda"
"HUN-2020",1.05666863073556,1.21676983139355,0.946370480690706,0.821848121312073,0.694068142256391,0.934835537182074,-0.160101200657996,"Hungary",2020,"Alta renda"
"IND-2020",3.10778327234943,3.66375541586677,0.321772759669955,0.272943984106925,0.208933985088613,0.318222736850138,-0.555972143517336,"India",2020,"Renda média-baixa"
"ISR-2020",6.80940930107508,7.88246560276169,0.14685561636633,0.126863858390913,0.101583658177547,0.14477527252459,-1.07305630168661,"Israel",2020,"Alta renda"
"JPN-2020",1.64966748928657,1.9274014414868,0.60618276500828,0.518833273896795,0.418557265704665,0.599907724572602,-0.277733952200236,"Japan",2020,"Alta renda"
"LUX-2020",4.11845903478049,4.81210170785567,0.242809262288388,0.207809406515145,0.167639170672724,0.240266039708962,-0.693642673075172,"Luxembourg",2020,"Alta renda"
"MYS-2020",1,1.21953144627579,1,0.819987055728494,0.710158514452776,0.986320021001727,-0.219531446275794,"Malaysia",2020,"Renda média-alta"
"MEX-2020",1.04739017904879,1.1870501730703,0.954754035318693,0.842424374880047,0.741796955952885,0.942191097426937,-0.139659994021512,"Mexico",2020,"Renda média-alta"
"PER-2020",1,1.33005947780209,1,0.751846076577335,0.53936196022103,0.987879126321902,-0.33005947780209,"Peru",2020,"Renda média-alta"
"POL-2020",1.35113348130513,1.53997797152309,0.740119324875322,0.649359937928832,0.568148638752475,0.732980742196319,-0.188844490217952,"Poland",2020,"Alta renda"
"ROU-2020",1,1.29899938869864,1,0.769823302997716,0.598606928122335,0.984097770742289,-0.298999388698638,"Romania",2020,"Alta renda"
"ZAF-2020",1.68751302696152,1.91386145874394,0.592588018002187,0.522503860157304,0.461840079754025,0.583900296963922,-0.226348431782422,"South Africa",2020,"Renda média-alta"
"ESP-2020",1,1.18696266910863,1,0.842486479167004,0.746819448433703,0.98473487405652,-0.186962669108631,"Spain",2020,"Alta renda"
"USA-2020",1.28005673082412,1.48833571747621,0.781215375787437,0.671891420905836,0.536750946247005,0.773650121501825,-0.208278986652096,"United States",2020,"Alta renda"
"ARG-2021",1.06148511752345,1.17727527779135,0.942076326357831,0.849419009185406,0.738667492264822,0.932952288453244,-0.1157901602679,"Argentina",2021,"Renda média-alta"
"AUT-2021",1.51436465157763,1.69111178962282,0.660342935869657,0.591326963797609,0.526548455331117,0.649904424191732,-0.176747138045188,"Austria",2021,"Alta renda"
"BGR-2021",1,1.17518198741781,1,0.850932034958493,0.667399996988396,0.9892724345359,-0.175181987417806,"Bulgaria",2021,"Alta renda"
"CHN-2021",1,1.28152953600738,1,0.780317559527745,0.529106682905866,0.992897300908098,-0.281529536007378,"China",2021,"Renda média-alta"
"GRC-2021",1,1.19231528325142,1,0.838704337726024,0.72398488712874,0.987747693708008,-0.192315283251422,"Greece",2021,"Alta renda"
"HUN-2021",1.05864047737755,1.16458293855617,0.944607750571928,0.858676498592519,0.765434402477371,0.933934836401096,-0.10594246117862,"Hungary",2021,"Alta renda"
"ISR-2021",8.97578531306203,10.2513520273914,0.111410864355763,0.0975481085156393,0.0800790317965313,0.110156098969905,-1.27556671432942,"Israel",2021,"Alta renda"
"JPN-2021",1,1.20050124470192,1,0.832985392071208,0.713471087019732,0.985279775812545,-0.200501244701918,"Japan",2021,"Alta renda"
"LUX-2021",2.19945044326299,2.49803330183905,0.454659027696234,0.40031491944635,0.343771095509876,0.448251377852042,-0.298582858576066,"Luxembourg",2021,"Alta renda"
"MEX-2021",1.42614692022346,1.58517804946952,0.701190028754759,0.630843961241232,0.561520955180934,0.69342908928109,-0.159031129246055,"Mexico",2021,"Renda média-alta"
"PER-2021",1,1.16438665145761,1,0.858821250439596,0.667399996988444,0.99577064859075,-0.164386651457612,"Peru",2021,"Renda média-alta"
"POL-2021",1,1.15281932088307,1,0.867438619292045,0.749923938278975,0.989038536998416,-0.152819320883066,"Poland",2021,"Alta renda"
"ROU-2021",1.03204097164696,1.15501888680446,0.968953779426195,0.865786708273367,0.760181443612653,0.960680639178174,-0.122977915157502,"Romania",2021,"Alta renda"
"ESP-2021",1.06160242795638,1.20295174748392,0.941972223937955,0.831288538456829,0.725902607730275,0.930322189182612,-0.141349319527549,"Spain",2021,"Alta renda"
"GBR-2021",1.72004834322927,1.93146900335124,0.581379008291458,0.517740641069014,0.434315712855615,0.573628244811482,-0.211420660121967,"United Kingdom",2021,"Alta renda"
"USA-2021",1.55839633270004,1.80029126297429,0.641685288278,0.555465674119799,0.447310062150119,0.639088621560975,-0.241894930274257,"United States",2021,"Alta renda"
