"id","pais","ano","grupo_renda","escore_pub","se_pub","escore_pat","se_pat"
"ARG-2017","Argentina",2017,"Renda média-alta",0.79292438590318,0.342486744323726,1,0.776161338409876
"AUS-2017","Australia",2017,"Alta renda",1,1,0.480651790949342,0.954664969466961
"AUT-2017","Austria",2017,"Alta renda",0.759442834975369,0.557567050462234,0.664396864665656,0.65349117301412
"BEL-2017","Belgium",2017,"Alta renda",0.533200378360727,0.701254395544381,0.441495490175891,0.962112990074316
"BRA-2017","Brazil",2017,"Renda média-alta",0.424116179899043,0.830066897514614,0.440286565771502,0.817580107798444
"CAN-2017","Canada",2017,"Alta renda",0.816508374941016,0.705943632731283,0.506495787409315,0.873242176441526
"CHE-2017","Switzerland",2017,"Alta renda",0.60304221112671,0.953555143234781,0.275114328694873,0.9828898657083
"CHN-2017","China",2017,"Renda média-alta",1,0.708215396592328,1,1
"CZE-2017","Czechia",2017,"Alta renda",0.831365295994962,0.463567198632853,0.865734422135025,0.899312486310526
"DEU-2017","Germany",2017,"Alta renda",0.768706411519935,0.771172568905439,0.165379889236534,0.998272770236396
"DNK-2017","Denmark",2017,"Alta renda",0.538311104934509,0.58181853419778,0.559112516304178,0.959088934029646
"ESP-2017","Spain",2017,"Alta renda",0.794406931811633,0.909361192970181,0.511386536514246,0.975143351755542
"FIN-2017","Finland",2017,"Alta renda",0.349466435180244,0.997524872161916,0.612974889827896,0.92614210751069
"FRA-2017","France",2017,"Alta renda",0.677297738325709,0.832033282979656,0.170377925556247,0.979002803787428
"GBR-2017","United Kingdom",2017,"Alta renda",1,0.594836945565029,0.175471735387068,0.934155649709317
"GRC-2017","Greece",2017,"Alta renda",0.995960318196392,0.521441102324089,0.912492413935938,0.994969151826292
"HUN-2017","Hungary",2017,"Alta renda",0.630844279739991,0.534632058797092,0.944268157991747,0.999990137732579
"IND-2017","India",2017,"Renda média-baixa",1,1,0.588000744041995,0.986229336570714
"ISR-2017","Israel",2017,"Alta renda",0.380122198000567,0.859734298718859,0.376774434452702,0.935805910721465
"ITA-2017","Italy",2017,"Alta renda",1,0.900392156369812,0.515625714378827,0.52811897294144
"JPN-2017","Japan",2017,"Alta renda",0.685911603753453,0.92319794014323,1,0.955020408376128
"KOR-2017","South Korea",2017,"Alta renda",0.657366223673695,0.969245943216111,1,1
"MEX-2017","Mexico",2017,"Renda média-alta",0.640408649978697,0.518560945646016,0.824951466112717,0.976428573581835
"MYS-2017","Malaysia",2017,"Renda média-alta",1,0.47231891275321,0.898867416806014,0.848859236647156
"NLD-2017","Netherlands",2017,"Alta renda",0.615779736809745,0.854674061860275,0.329580640056456,0.961416824247527
"NOR-2017","Norway",2017,"Alta renda",0.502768376787052,0.536374885439877,0.605232810187881,0.869793902792908
"NZL-2017","New Zealand",2017,"Alta renda",0.664649020317488,0.692059300231482,0.88008382328883,0.968701882637456
"PHL-2017","Philippines",2017,"Renda média-alta",0.650369400817244,0.455851664526407,1,0.980328014083663
"POL-2017","Poland",2017,"Alta renda",0.762206831971964,0.526626298150008,0.740623547089517,0.976515914071462
"PRT-2017","Portugal",2017,"Alta renda",0.919357141503499,0.550834642154117,0.847304878440204,0.992768356997788
"ROU-2017","Romania",2017,"Alta renda",1,0.467422368010375,1,1
"RUS-2017","Russia",2017,"Alta renda",0.570107045069776,0.502510811377787,1,0.587087863301554
"SGP-2017","Singapore",2017,"Alta renda",1,1,0.73087411971316,0.988939473750067
"SWE-2017","Sweden",2017,"Alta renda",0.481754085441982,0.790254978849404,0.367848180625229,0.950189016191571
"TUR-2017","Turkey",2017,"Renda média-alta",0.504413324341344,0.781917747362023,0.477616700457084,0.97775088977725
"USA-2017","United States",2017,"Alta renda",1,0.346722910135935,0.938115032709998,0.451514025293554
"ZAF-2017","South Africa",2017,"Renda média-alta",0.452231448295105,0.705820119820579,0.822004369286364,0.995239469860979
"ARG-2018","Argentina",2018,"Renda média-alta",0.430492853047521,0.536392158629034,0.783487506001132,0.656908456852819
"AUS-2018","Australia",2018,"Alta renda",0.992098306205638,0.967040256412246,0.406049367098829,0.869320809366206
"AUT-2018","Austria",2018,"Alta renda",0.504984850430488,0.580186621838925,0.501970541594208,0.520670807571868
"BEL-2018","Belgium",2018,"Alta renda",0.315773712727582,0.977736930992278,0.277900512687068,0.909427561505749
"BGR-2018","Bulgaria",2018,"Alta renda",1,0.27538050166555,1,0.76279921206301
"BRA-2018","Brazil",2018,"Renda média-alta",0.330037247732048,0.957447585797748,0.307079478539988,0.821093888706926
"CAN-2018","Canada",2018,"Alta renda",0.873407874329409,0.789119329997834,0.420918121237175,0.961342267080984
"CHE-2018","Switzerland",2018,"Alta renda",0.567679165459171,0.956923175387457,0.187928105367359,0.867726390509755
"CHL-2018","Chile",2018,"Alta renda",0.841401580207707,0.345133221370409,0.905341513921498,0.77036683020231
"CHN-2018","China",2018,"Renda média-alta",1,0.588292925124217,1,1
"CZE-2018","Czechia",2018,"Alta renda",0.509194734924832,0.627107988037258,0.612912334569838,0.810580431489262
"DEU-2018","Germany",2018,"Alta renda",0.796277823014345,0.755787553592996,0.136884744569415,0.91417253866914
"DNK-2018","Denmark",2018,"Alta renda",0.345472658994141,0.780038790412499,0.409227823612289,0.81573325797622
"ESP-2018","Spain",2018,"Alta renda",0.538120932768327,0.993928772415714,0.368604079314744,0.868311581804956
"FIN-2018","Finland",2018,"Alta renda",0.441093472574266,0.761387765518464,0.487406427033256,0.817760604490522
"FRA-2018","France",2018,"Alta renda",0.471458601437839,0.7542755488932,0.120432004734226,0.937953430486341
"GBR-2018","United Kingdom",2018,"Alta renda",1,0.719307771309256,0.120142762281251,0.956322951339198
"GRC-2018","Greece",2018,"Alta renda",1,0.582027520170705,0.709889713148508,0.820693618929977
"HUN-2018","Hungary",2018,"Alta renda",0.707230537295701,0.417363925098066,0.850007264368301,0.735698587492714
"IND-2018","India",2018,"Renda média-baixa",1,1,0.402357958469982,0.860546745425449
"IRL-2018","Ireland",2018,"Alta renda",0.450885305950401,0.725296076048089,0.546689720593284,0.855183803075574
"ISR-2018","Israel",2018,"Alta renda",0.309310634360371,0.956649042385102,0.233984717622577,0.937159242877106
"ITA-2018","Italy",2018,"Alta renda",1,0.857301980697716,0.555326012847717,0.308397904564032
"JPN-2018","Japan",2018,"Alta renda",0.485825877465174,0.78361779571402,0.669002454285601,0.693985240074636
"KOR-2018","South Korea",2018,"Alta renda",0.760618743498828,0.971038742656732,1,1
"LUX-2018","Luxembourg",2018,"Alta renda",0.88007497260501,0.31354354537885,0.99132589665978,0.733724598998713
"MEX-2018","Mexico",2018,"Renda média-alta",0.469221106137842,0.605453391119523,0.748290342948655,0.784872196738931
"MYS-2018","Malaysia",2018,"Renda média-alta",1,0.577272569944789,0.927763038599747,0.541366769128342
"NLD-2018","Netherlands",2018,"Alta renda",0.495043495832857,0.927135184544632,0.21347261171832,0.942571150711007
"NOR-2018","Norway",2018,"Alta renda",0.400475423538645,0.690504921866803,0.401253439837794,0.798791802960847
"NZL-2018","New Zealand",2018,"Alta renda",0.745110078906074,0.463298948794406,0.955509949153302,0.604209864257763
"POL-2018","Poland",2018,"Alta renda",0.505601167237886,0.705844406182493,0.558182201114391,0.812383869511755
"PRT-2018","Portugal",2018,"Alta renda",0.69012039708343,0.674839381092487,0.677377905574164,0.83187943085975
"RUS-2018","Russia",2018,"Alta renda",0.495923255835967,0.642391033387381,0.868567008951543,0.412086595451166
"SGP-2018","Singapore",2018,"Alta renda",1,1,0.655222138535037,0.883760520137601
"SVN-2018","Slovenia",2018,"Alta renda",1,0.315237856398977,1,0.716044491559346
"SWE-2018","Sweden",2018,"Alta renda",0.268706642502371,0.947759310546053,0.224439371970619,0.919513499828911
"TUR-2018","Turkey",2018,"Renda média-alta",0.338531467034303,0.929064050037727,0.313396646304184,0.861327668394817
"USA-2018","United States",2018,"Alta renda",1,0.317409559831972,0.711241114829592,0.491280214422102
"ZAF-2018","South Africa",2018,"Renda média-alta",0.42578471521084,0.622764369138094,0.667930531836985,0.830174217599018
"ARG-2019","Argentina",2019,"Renda média-alta",0.632079544211712,0.343748696615285,1,0.357083845393082
"AUS-2019","Australia",2019,"Alta renda",1,1,0.317155616300851,0.849145796953253
"AUT-2019","Austria",2019,"Alta renda",0.740110428071985,0.45684716085449,0.31983645436543,0.542423570593996
"BEL-2019","Belgium",2019,"Alta renda",0.445161076014207,0.709702046480952,0.221202897192876,0.717338773314648
"BGR-2019","Bulgaria",2019,"Alta renda",0.8791415277374,0.300395383302334,0.998662343348699,0.496390476740422
"BRA-2019","Brazil",2019,"Renda média-alta",0.285083839468662,0.9593627154529,0.232791462311727,0.79899743305783
"CAN-2019","Canada",2019,"Alta renda",0.798606535212789,0.61827501024443,0.275866702051522,0.921289329363995
"CHE-2019","Switzerland",2019,"Alta renda",0.556908067492681,0.920765576844152,0.112960423999243,0.904175975912318
"CHN-2019","China",2019,"Renda média-alta",1,0.586144665796464,1,1
"CZE-2019","Czechia",2019,"Alta renda",0.699047011665736,0.484939038561904,0.749820554158931,0.413358782590291
"DEU-2019","Germany",2019,"Alta renda",0.4355401427377,0.65633064342703,0.0794548717929197,0.971981709826145
"DNK-2019","Denmark",2019,"Alta renda",0.296230693162211,0.853561784937603,0.265715048049749,0.809385426087923
"ESP-2019","Spain",2019,"Alta renda",0.808425021597765,0.861989755199433,0.282992613403379,0.750050631085571
"FIN-2019","Finland",2019,"Alta renda",0.455825932787951,0.843702576530602,0.33978746413659,0.764623092414558
"FRA-2019","France",2019,"Alta renda",0.471306278802971,0.734556648848307,0.0960773860268313,0.939927305400192
"GBR-2019","United Kingdom",2019,"Alta renda",0.745377550157661,0.432677796133269,0.0695582184781118,0.97661109825607
"GRC-2019","Greece",2019,"Alta renda",1,0.503056688254895,0.942398669054953,0.393446495993713
"HUN-2019","Hungary",2019,"Alta renda",0.631329989593725,0.50869950472496,0.676152525731149,0.58383623350946
"ISR-2019","Israel",2019,"Alta renda",0.286980785591581,0.876135277355837,0.154995805888519,0.873645009069929
"ITA-2019","Italy",2019,"Alta renda",0.670380316113222,0.850862916140912,0.141734507956726,0.850342634008059
"JPN-2019","Japan",2019,"Alta renda",0.472729545125607,0.732999520121095,0.579278756432888,0.737069603237326
"KOR-2019","South Korea",2019,"Alta renda",0.693571662947659,0.976176705027003,1,1
"LUX-2019","Luxembourg",2019,"Alta renda",0.745838943236225,0.361999997316908,0.929369282545653,0.516027499412551
"MEX-2019","Mexico",2019,"Renda média-alta",0.673470307653046,0.496532949712031,0.932052742350383,0.434073694446455
"MYS-2019","Malaysia",2019,"Renda média-alta",0.996650218313064,0.579547633096906,0.584110420830731,0.59385383717221
"NLD-2019","Netherlands",2019,"Alta renda",0.547840726907684,0.817291906334581,0.157235658002655,0.877488468969595
"NOR-2019","Norway",2019,"Alta renda",0.384946293790159,0.828442029811126,0.271224276008372,0.783418139608659
"NZL-2019","New Zealand",2019,"Alta renda",0.68094899917561,0.582628316592878,0.57229727537821,0.641778605782746
"PHL-2019","Philippines",2019,"Renda média-alta",0.650089060053369,0.41999889385514,0.854844571124204,0.527668469066077
"POL-2019","Poland",2019,"Alta renda",0.685583723107326,0.524670284654799,0.482419095074245,0.562079012964161
"PRT-2019","Portugal",2019,"Alta renda",0.807813087707606,0.61892897819538,0.553693469073127,0.64798878131882
"ROU-2019","Romania",2019,"Alta renda",1,0.401986554076926,0.99239816843664,0.449493351099536
"RUS-2019","Russia",2019,"Alta renda",0.591969278965132,0.453340356853593,0.4507452057169,0.563558985764797
"SAU-2019","Saudi Arabia",2019,"Alta renda",0.636917433476308,0.769233468603219,0.483354887722595,0.671584356395703
"SGP-2019","Singapore",2019,"Alta renda",1,1,0.461713073022061,0.749800961752256
"SRB-2019","Serbia",2019,"Renda média-alta",1,0.298473131733102,1,0.495215219326991
"SWE-2019","Sweden",2019,"Alta renda",0.508438557096585,0.69222818332186,0.185386899074588,0.768815371779084
"TUR-2019","Turkey",2019,"Renda média-alta",0.363992772993952,0.9329783449649,0.193654988278563,0.841927111083721
"USA-2019","United States",2019,"Alta renda",1,0.242242819081178,0.516412439837,0.496620472307
"ZAF-2019","South Africa",2019,"Renda média-alta",0.611904235937275,0.547411559393635,0.600555732031461,0.617243064594378
