"iso3c","ano","vc_preqin_mi_nominal","investimento_preqin","investimento_cset"
"USA",2016,21130,23855916042.0904,24006073961.3331
"USA",2017,33024,36506691559.7318,29552246410.6804
"USA",2018,50048,54006869777.2062,61973875842.6857
"USA",2019,55981,59333923390.6443,109260228053.232
"USA",2020,69542,72808985010.9507,85108889470.2508
"USA",2021,149501,149501000000,177302000000
"USA",2022,84544,78279452144.2918,100059443069.611
"USA",2023,73700,65541079099.5231,82700925263.7619
"CHN",2016,20029,22612879432.4197,5905835154.57524
"CHN",2017,34066,37658580265.0746,7805648894.84212
"CHN",2018,39394,42510122842.1368,12022269345.1857
"CHN",2019,26505,28092489227.935,7777501828.13004
"CHN",2020,33817,35405674931.9162,15792625030.9911
"CHN",2021,52775,52775000000,17750000000
"CHN",2022,26097,24163262474.0914,14444069992.5595
"CHN",2023,21471,19094063898.8584,10482126178.3729
"GBR",2016,979,1105297766.45558,3757335001.80202
"GBR",2017,2141,2366788597.06231,1664821871.63748
"GBR",2018,2407,2597397209.75335,16659168310.8318
"GBR",2019,3953,4189760796.75634,5431956509.83462
"GBR",2020,3435,3596371451.96594,5128101127.14096
"GBR",2021,9734,9734000000,7941000000
"GBR",2022,8789,8137751997.73113,8066457549.69093
"GBR",2023,4294,3818634920.66964,5658587331.2112
"DEU",2016,318,359024197.888535,1552384503.44885
"DEU",2017,675,746185101.829547,1267961943.40517
"DEU",2018,1018,1098525284.3909,4233315020.30011
"DEU",2019,2289,2426097258.73394,1597260187.37966
"DEU",2020,2066,2163057764.12275,4563779667.86595
"DEU",2021,6684,6684000000,5853000000
"DEU",2022,5206,4820245409.05544,5487820695.25002
"DEU",2023,3720,3308179297.8321,4588764832.47679
"CAN",2016,763,861432273.550164,3072027806.46133
"CAN",2017,946,1045764601.97148,843465529.919918
"CAN",2018,1502,1620810390.13275,4074687105.9529
"CAN",2019,2133,2260753802.04434,1969282964.93126
"CAN",2020,1883,1971460682.40229,2163057764.12275
"CAN",2021,6116,6116000000,4307000000
"CAN",2022,3726,3449910563.60749,22050354286.7183
"CAN",2023,2433,2163655976.24342,3603425407.20852
"IND",2016,414,467408861.402055,263058610.402606
"IND",2017,521,575944352.671399,250939286.096751
"IND",2018,1210,1305712764.35461,2741996805.14468
"IND",2019,1691,1792280674.75714,945425406.199509
"IND",2020,2243,2348372974.31139,26398518133.8775
"IND",2021,6425,6425000000,2080000000
"IND",2022,6015,5569300064.43882,4048969107.52967
"IND",2023,2298,2043601082.37048,7414945963.7968
"ISR",2016,617,696597264.456686,897560494.721337
"ISR",2017,1058,1169576055.90468,653326511.379648
"ISR",2018,1284,1385566272.25729,1457866069.95296
"ISR",2019,1873,1985181374.22834,14108248410.2261
"ISR",2020,2468,2583943156.75457,2887566947.45912
"ISR",2021,4873,4873000000,6847000000
"ISR",2022,5084,4707285374.49825,5397082306.83522
"ISR",2023,1885,1676322036.6703,2575399797.45209
"KOR",2016,193,217898333.938639,190802168.060259
"KOR",2017,752,831305476.408621,190139018.54027
"KOR",2018,1110,1197802618.54018,377685510.350507
"KOR",2019,1020,1081091832.20123,862753677.854709
"KOR",2020,1223,1280454813.90228,1327568850.39092
"KOR",2021,4692,4692000000,5776000000
"KOR",2022,4204,3892491682.61027,3008255346.5273
"KOR",2023,2408,2141423588.48917,2891988999.07258
"SGP",2016,138,155802953.800685,196447202.618255
"SGP",2017,304,336059660.675826,729603210.677779
"SGP",2018,661,713286063.833387,1221542850.61935
"SGP",2019,830,879711981.104924,2182321649.5121
"SGP",2020,782,818737256.313644,1289877621.20001
"SGP",2021,3153,3153000000,3471000000
"SGP",2022,1925,1782361201.00494,3809160509.57627
"SGP",2023,2067,1838173819.52123,1887974368.09074
"FRA",2016,238,268703644.960602,944978785.008502
"FRA",2017,477,527304138.626213,1276805618.68611
"FRA",2018,741,799614180.484931,1361826040.17811
"FRA",2019,1024,1085331408.01379,2525727290.32896
"FRA",2020,1327,1389340587.12047,3333579826.21821
"FRA",2021,3024,3024000000,4396000000
"FRA",2022,3170,2935109094.6419,4956352991.67764
"FRA",2023,2331,2072947834.20608,4456259801.46147
"SWE",2016,85,95965587.4859291,73385449.2539458
"SWE",2017,124,137076966.854613,439972845.226903
"SWE",2018,177,191000958.091542,140283189.55876
"SWE",2019,736,780081949.509909,191840805.518062
"SWE",2020,1122,1174709976.45001,3769122919.09094
"SWE",2021,2304,2304000000,18369000000
"SWE",2022,5966,5523930870.23142,3837863469.17687
"SWE",2023,2068,1839063115.0314,257006402.439107
"JPN",2016,354,399668446.706105,329670018.186957
"JPN",2017,672,742868723.599193,1046870061.3816
"JPN",2018,1376,1484843606.40657,1078022356.68616
"JPN",2019,1452,1538966019.95705,1330166911.18877
"JPN",2020,1484,1553716225.53638,1155864361.85456
"JPN",2021,2003,2003000000,1320000000
"JPN",2022,2200,2036984229.71993,668501188.117178
"JPN",2023,2026,1801712703.60426,2539827977.04529
"AUS",2016,133,150157919.242689,118545725.717912
"AUS",2017,219,242095610.815809,182400802.669445
"AUS",2018,365,393872032.222672,338837857.857312
"AUS",2019,778,824597495.541724,528887082.616093
"AUS",2020,760,795703727.363644,564321459.275005
"AUS",2021,2501,2501000000,3582000000
"AUS",2022,1131,1047195074.46057,1094416072.51316
"AUS",2023,1013,900856351.80213,951546195.881815
"CHE",2016,359,405313481.264101,372572280.827725
"CHE",2017,309,341586957.726415,342692417.136533
"CHE",2018,481,519047801.367411,979824123.99503
"CHE",2019,796,843675586.698217,853214632.276463
"CHE",2020,674,705663568.740916,1755783093.1432
"CHE",2021,1837,1837000000,1292000000
"CHE",2022,2083,1928653704.77574,1932357312.46614
"CHE",2023,495,440201277.534111,598495878.344357
"NLD",2016,99,111771684.248317,750789596.213445
"NLD",2017,135,149237020.365909,684279374.862948
"NLD",2018,270,291357393.698963,1845263493.42676
"NLD",2019,525,556444325.397693,502389733.787631
"NLD",2020,218,228241332.322729,694146804.265915
"NLD",2021,1546,1546000000,1088000000
"NLD",2022,1209,1119415424.42336,2007355368.19673
"NLD",2023,620,551363216.305351,1221002735.4633
"ESP",2016,94,106126649.690322,188544154.237061
"ESP",2017,104,114967778.652256,261993880.19793
"ESP",2018,176,189921856.633398,176972639.135666
"ESP",2019,373,395340444.520647,355064474.301385
"ESP",2020,385,403086756.625004,402039778.036367
"ESP",2021,1012,1012000000,859000000
"ESP",2022,1827,1691622812.59014,838867141.875572
"ESP",2023,399,354828908.557798,736336682.420694
"BRA",2016,49,55321338.6683591,48547297.1987641
"BRA",2017,91,100596806.320724,164713452.107559
"BRA",2018,134,144599595.391337,311860321.403705
"BRA",2019,328,347645216.629416,458934081.708955
"BRA",2020,857,897260650.461372,698334718.620461
"BRA",2021,1420,1420000000,1392000000
"BRA",2022,925,856459278.404972,1885136314.41354
"BRA",2023,733,651853608.954552,973778583.636063
"MEX",2016,11,12419076.0275908,19193117.4971858
"MEX",2017,11,12160053.5112963,25425566.4327105
"MEX",2018,98,105751942.898142,8632811.66515445
"MEX",2019,395,418658111.489693,148385153.439385
"MEX",2020,529,553851673.388641,61771736.729546
"MEX",2021,1904,1904000000,224000000
"MEX",2022,1221,1130526247.49456,324991574.832589
"MEX",2023,497,441979868.55445,203648671.828912
"FIN",2016,69,77901476.9003425,580309552.561971
"FIN",2017,92,101702265.730842,80698536.9386029
"FIN",2018,127,137045885.184327,483437453.248649
"FIN",2019,339,359304050.113939,1354544472.11096
"FIN",2020,280,293154004.818184,1390387565.7091
"FIN",2021,448,448000000,1849000000
"FIN",2022,590,546282134.333982,2702707712.06931
"FIN",2023,132,117387007.34243,1018243359.14456
"ITA",2016,22,24838152.0551817,22580138.2319833
"ITA",2017,44,48640214.0451853,15476431.7416499
"ITA",2018,88,94960928.316699,247114233.915046
"ITA",2019,23,24377560.9221846,211978790.627693
"ITA",2020,158,165422617.004547,318281490.945457
"ITA",2021,164,164000000,2830000000
"ITA",2022,569,526838193.959383,78701663.4209974
"ITA",2023,182,161851782.850926,231216832.644179
"ARE",2016,18,20322124.408785,13548082.93919
"ARE",2017,61,67433024.0171887,37585619.9440068
"ARE",2018,18,19423826.2465975,220136697.461439
"ARE",2019,73,77372258.5791078,69953000.9071386
"ARE",2020,73,76429436.9704553,302576812.115912
"ARE",2021,171,171000000,999000000
"ARE",2022,520,481468999.751984,480543097.829384
"ARE",2023,114,101379688.159371,473994506.920568
"IRL",2016,54,60966373.226355,225801382.319833
"IRL",2017,78,86225833.9891921,153658858.006381
"IRL",2018,244,263300755.787211,221215798.919583
"IRL",2019,179,189721017.611785,195020487.377477
"IRL",2020,138,144483045.23182,196831974.663638
"IRL",2021,353,353000000,845000000
"IRL",2022,358,331472888.290789,640724130.439179
"IRL",2023,205,182305579.584834,457987187.737509
"PRT",2016,57,64353393.9611525,23709145.1435825
"PRT",2017,51,56378429.9160102,213353666.152745
"PRT",2018,370,399267539.513393,167260726.012367
"PRT",2019,32,33916606.5004308,130366956.236031
"PRT",2020,20,20939571.7727275,69100586.8500006
"PRT",2021,394,394000000,299000000
"PRT",2022,352,325917476.755189,158329228.764595
"PRT",2023,55,48911253.0593456,91597437.5475018
"BEL",2016,65,73385449.2539458,76772469.9887433
"BEL",2017,107,118284156.88261,323899607.164529
"BEL",2018,105,113305653.105152,115463856.021441
"BEL",2019,220,233176669.690462,364603519.879631
"BEL",2020,167,174845424.302274,420885392.631822
"BEL",2021,386,386000000,1275000000
"BEL",2022,269,249067617.179392,1015714409.09217
"BEL",2023,104,92486733.0576717,971110697.105553
"AUT",2016,28,31612193.5247767,10161062.2043925
"AUT",2017,95,105018643.961196,17687350.5618856
"AUT",2018,24,25898434.9954634,45322261.2420609
"AUT",2019,83,87971198.1104924,154744517.158216
"AUT",2020,140,146577002.409092,116214623.338637
"AUT",2021,672,672000000,623000000
"AUT",2022,472,437025707.467186,406470944.021387
"AUT",2023,102,90708142.0373319,465990847.329038
"TUR",2016,4,4516027.64639666,119674732.629512
"DNK",2016,61,68869421.6075491,33870207.347975
"TUR",2017,7,7738215.87082493,198982693.821213
"DNK",2017,34,37585619.9440068,91753131.0397813
"TUR",2018,3,3237304.37443292,551420845.111741
"DNK",2018,106,114384754.563296,1813969551.14058
"TUR",2019,4,4239575.81255385,18018197.2033539
"DNK",2019,137,145205471.579969,114468546.938954
"TUR",2020,19,19892593.1840911,13610721.6522729
"DNK",2020,154,161234702.650001,359113655.902276
"TUR",2021,1926,1926000000,104000000
"DNK",2021,397,397000000,646000000
"TUR",2022,47,43517390.3621986,57405919.2011981
"DNK",2022,265,245364009.488992,474061784.371184
"TUR",2023,44,39129002.4474765,60472094.6915546
"DNK",2023,208,184973466.115343,371725523.251027
"NOR",2016,12,13548082.93919,18064110.5855867
"NOR",2017,54,59694808.1463638,57483889.3261281
"NOR",2018,54,58271478.7397925,322651335.985148
"NOR",2019,134,142025789.720554,607319235.148339
"NOR",2020,199,208348739.138638,439731007.227277
"NOR",2021,388,388000000,505000000
"NOR",2022,396,366657161.349588,256474832.560192
"NOR",2023,192,170744737.952625,165408964.891605
"IDN",2016,2,2258013.82319833,2258013.82319833
"IDN",2017,7,7738215.87082493,29847404.0731819
"IDN",2018,20,21582029.1628861,37768551.0350507
"IDN",2019,118,125067486.470339,24377560.9221846
"IDN",2020,121,126684409.225001,324563362.477276
"IDN",2021,371,371000000,162000000
"IDN",2022,752,696278245.795177,114811838.402396
"IDN",2023,126,112051234.28141,34682524.8966269
"TWN",2016,94,106126649.690322,34999214.2595742
"TWN",2017,58,64116645.7868351,28741944.663064
"TWN",2018,31,33452145.2024735,32373043.7443292
"TWN",2019,120,127187274.376616,162163774.830185
"TWN",2020,226,236617161.03182,167516574.18182
"TWN",2021,385,385000000,277000000
"TWN",2022,180,166662346.067995,395360120.950187
"TWN",2023,46,40907593.4678164,147623054.688207
"CHL",2016,7,7903048.38119416,1129006.91159917
"CHL",2017,22,24320107.0225926,8843675.28094278
"CHL",2018,12,12949217.4977317,88486319.5678331
"CHL",2019,39,41335864.1724001,34976500.4535693
"CHL",2020,81,84805265.6795462,101556923.097728
"CHL",2021,617,617000000,275000000
"CHL",2022,471,436099805.544586,74998055.7305975
"CHL",2023,19,16896614.6932285,7114364.08135937
"NZL",2016,18,20322124.408785,172738057.474672
"NZL",2017,20,22109188.2023569,2210918.82023569
"NZL",2018,33,35610348.1187621,108989247.272575
"NZL",2019,26,27557242.7816,241655821.31557
"NZL",2020,59,61771736.729546,157046788.295456
"NZL",2021,159,159000000,1264000000
"NZL",2022,140,129626269.163996,205550226.817193
"NZL",2023,227,201870080.808572,41796888.9779863
"EST",2016,20,22580138.2319833,30483186.6131775
"EST",2017,21,23214647.6124748,22109188.202357
"EST",2018,15,16186521.8721646,45322261.2420609
"EST",2019,6,6359363.71883078,21197879.0627693
"EST",2020,91,95275051.56591,82711308.5022735
"EST",2021,215,215000000,201000000
"EST",2022,351,324991574.832589,193513501.823394
"EST",2023,34,30236047.3457773,144955168.157697
"COL",2016,6,6774041.469595,2258013.82319833
"COL",2017,3,3316378.23035354,3316378.23035354
"COL",2018,22,23740232.0791747,0
"COL",2019,16,16958303.2502154,10598939.5313846
"COL",2020,25,26174464.7159093,9422807.29772736
"COL",2021,185,185000000,23000000
"COL",2022,252,233327284.495192,51850507.6655983
"COL",2023,210,186752057.135683,34682524.8966269
"SAU",2016,0,0,1200134347.02991
"SAU",2018,21,22661130.6210304,853569253.392146
"SAU",2019,6,6359363.71883078,217278260.393385
"SAU",2020,9,9422807.29772736,31118297611.4503
"SAU",2021,172,172000000,2345000000
"SAU",2022,105,97219701.8729968,1785138906.77274
"SAU",2023,54,48021957.5491757,2270371437.46381
"ZAF",2016,3,3387020.7347975,59837366.3147558
"ZAF",2017,31,34269241.7136533,88436752.8094278
"ZAF",2018,83,89565421.0259774,75537102.0701014
"ZAF",2019,19,20137985.1096308,175942396.220985
"ZAF",2020,90,94228072.9772736,157046788.295456
"ZAF",2021,193,193000000,143000000
"ZAF",2022,74,68516742.2723978,185180384.519994
"ZAF",2023,129,114719120.81192,71143640.8135936
"THA",2016,1,1129006.91159917,1129006.91159917
"THA",2017,19,21003728.7922391,3316378.23035354
"THA",2018,3,3237304.37443292,10791014.5814431
"THA",2019,7,7419257.67196924,16958303.2502154
"THA",2020,6,6281871.53181824,14657700.2409092
"THA",2021,187,187000000,31000000
"THA",2022,43,39813782.6717987,69442644.1949977
"THA",2023,34,30236047.3457773,60472094.6915546
"LTU",2016,5,5645034.55799583,0
"LTU",2017,2,2210918.82023569,1105459.41011785
"LTU",2018,1,1079101.45814431,5395507.29072153
"LTU",2019,5,5299469.76569232,8479151.6251077
"LTU",2020,105,109932751.806819,7328850.12045461
"LTU",2021,18,18000000,9000000
"LTU",2022,1,925901.92259997,3703607.69039988
"LTU",2023,111,98711801.6288612,8892955.1016992
"BGD",2020,0,0,2093957.17727275
"BGD",2022,0,0,9259019.22599969
"BGD",2023,0,0,6225068.57118944
"POL",2016,10,11290069.1159917,21451131.3203842
"POL",2017,5,5527297.05058924,65222105.196953
"POL",2018,6,6474608.74886584,28056637.911752
"POL",2019,21,22257773.0159077,118708122.751508
"POL",2020,50,52348929.4318187,149717938.175001
"POL",2021,57,57000000,154000000
"POL",2022,150,138885288.389995,195365305.668594
"POL",2023,16,14228728.1627187,125390666.933959
"MYS",2016,17,19193117.4971858,5645034.55799583
"MYS",2017,30,33163782.3035354,3316378.23035354
"MYS",2018,16,17265623.3303089,30214840.8280406
"MYS",2019,53,56174379.5163385,81611834.3916617
"MYS",2020,40,41879143.5454549,51301950.8431823
"MYS",2021,94,94000000,171000000
"MYS",2022,77,71294448.0401977,84257074.9565972
"MYS",2023,4,3557182.04067968,75590118.3644433
"ISL",2016,7,7903048.38119416,4516027.64639666
"ISL",2017,5,5527297.05058924,3316378.23035354
"ISL",2018,13,14028318.955876,6474608.74886584
"ISL",2019,19,20137985.1096308,16958303.2502154
"ISL",2020,103,107838794.629546,28268421.8931821
"ISL",2021,6,6000000,1607000000
"ISL",2022,95,87960682.6469971,1511071937.68315
"ISL",2023,81,72032936.3237636,18675205.7135683
"ROU",2016,0,0,1129006.91159917
"ROU",2018,3,3237304.37443292,1079101.45814431
"ROU",2019,19,20137985.1096308,5299469.76569232
"ROU",2020,4,4187914.35454549,6281871.53181824
"ROU",2021,89,89000000,39000000
"ROU",2022,22,20369842.2971993,32406567.2909989
"ROU",2023,174,154737418.769566,69365049.7932538
"NGA",2016,1,1129006.91159917,56450345.5799583
"NGA",2018,8,8632811.66515445,6474608.74886584
"NGA",2019,7,7419257.67196924,19078091.1564923
"NGA",2020,21,21986550.3613638,6281871.53181824
"NGA",2021,210,210000000,51000000
"NGA",2022,40,37036076.9039988,206476128.739793
"NGA",2023,17,15118023.6728887,96933210.6085213
"PHL",2016,0,0,1129006.91159917
"PHL",2018,5,5395507.29072153,7553710.20701014
"PHL",2019,12,12718727.4376616,1059893.95313846
"PHL",2021,21,21000000,5000000
"PHL",2022,52,48146899.9751984,63887232.6593979
"PHL",2023,14,12450137.1423789,8003659.59152929
"CZE",2016,3,3387020.7347975,4516027.64639666
"CZE",2017,1,1105459.41011785,54167511.0957745
"CZE",2018,10,10791014.5814431,7553710.20701014
"CZE",2019,3,3179681.85941539,37096288.3598462
"CZE",2020,21,21986550.3613638,59677779.5522733
"CZE",2021,32,32000000,163000000
"CZE",2022,97,89812486.492197,199994815.281593
"CZE",2023,31,27568160.8152675,112940529.79158
"ARG",2016,0,0,1129006.91159917
"ARG",2017,27,29847404.0731819,5527297.05058924
"ARG",2018,7,7553710.20701015,1079101.45814431
"ARG",2019,6,6359363.71883078,2119787.90627693
"ARG",2020,15,15704678.8295456,3140935.76590912
"ARG",2021,128,128000000,19000000
"ARG",2022,66,61109526.891598,16666234.6067995
"ARG",2023,14,12450137.1423789,313032019.579812
"VNM",2016,0,0,2258013.82319833
"VNM",2017,3,3316378.23035354,276364852.529462
"VNM",2018,2,2158202.91628861,0
"VNM",2019,14,14838515.3439385,18018197.2033539
"VNM",2020,19,19892593.1840911,11516764.4750001
"VNM",2021,57,57000000,35000000
"VNM",2022,52,48146899.9751984,33332469.2135989
"VNM",2023,53,47132662.0390058,35571820.4067968
"LUX",2016,4,4516027.64639666,0
"LUX",2017,9,9949134.69106063,2210918.82023569
"LUX",2018,0,0,8632811.66515445
"LUX",2019,6,6359363.71883078,2119787.90627693
"LUX",2020,16,16751657.418182,14657700.2409092
"LUX",2021,3,3000000,394000000
"LUX",2022,37,34258371.1361989,6481313.45819979
"LUX",2023,19,16896614.6932285,4446477.5508496
"EGY",2017,1,1105459.41011785,0
"EGY",2018,2,2158202.91628861,0
"EGY",2019,2,2119787.90627693,3179681.85941539
"EGY",2020,13,13610721.6522729,4187914.35454549
"EGY",2021,34,34000000,37000000
"EGY",2022,48,44443292.2847985,14814430.7615995
"EGY",2023,11,9782250.61186913,8003659.59152929
"CYP",2017,25,27636485.2529462,3316378.23035354
"CYP",2019,1,1059893.95313846,8479151.6251077
"CYP",2020,26,27221443.3045457,31409357.6590912
"CYP",2021,53,53000000,64000000
"CYP",2022,21,19443940.3745994,8333117.30339973
"CYP",2023,20,17785910.2033984,2667886.53050976
"KEN",2016,2,2258013.82319833,9032055.29279333
"KEN",2017,1,1105459.41011785,3316378.23035354
"KEN",2018,6,6474608.74886584,47480464.1583495
"KEN",2019,10,10598939.5313846,26497348.8284616
"KEN",2020,18,18845614.5954547,20939571.7727275
"KEN",2021,6,6000000,29000000
"KEN",2022,81,74998055.7305975,42591488.4395986
"KEN",2023,47,41796888.9779863,12450137.1423789
"HUN",2016,10,11290069.1159917,15806096.7623883
"HUN",2017,3,3316378.23035354,4421837.64047139
"HUN",2018,46,49638667.0746381,44243159.7839166
"HUN",2019,11,11658833.4845231,12718727.4376616
"HUN",2020,28,29315400.4818185,14657700.2409092
"HUN",2022,23,21295744.2197993,37036076.9039988
"HUN",2023,12,10671546.122039,18675205.7135683
"HRV",2019,3,3179681.85941539,2119787.90627693
"HRV",2020,3,3140935.76590912,1046978.58863637
"HRV",2021,37,37000000,175000000
"HRV",2022,6,5555411.53559982,339806005.594189
"HRV",2023,3,2667886.53050976,175191215.503474
"SVK",2016,0,0,2258013.82319833
"SVK",2017,10,11054594.1011785,27636485.2529462
"SVK",2018,14,15107420.4140203,4316405.83257723
"SVK",2019,38,40275970.2192616,15898409.2970769
"SVK",2021,22,22000000,9000000
"SVK",2022,1,925901.92259997,25925253.8327991
"SVK",2023,35,31125342.8559472,20453796.7339082
"PAK",2019,2,2119787.90627693,0
"PAK",2020,1,1046978.58863637,0
"PAK",2021,57,57000000,7000000
"PAK",2022,102,94441996.1051969,2777705.76779991
"PAK",2023,8,7114364.08135937,0
"RUS",2016,2,2258013.82319833,9032055.29279333
"RUS",2017,7,7738215.87082493,15476431.7416499
"RUS",2018,21,22661130.6210304,51796869.9909267
"RUS",2019,22,23317666.9690462,29677030.687877
"RUS",2020,31,32456336.2477276,30362379.0704548
"RUS",2021,13,13000000,22000000
"RUS",2022,4,3703607.69039988,925901.92259997
"RUS",2023,0,0,104047574.689881
"PER",2018,2,2158202.91628861,0
"PER",2019,5,5299469.76569232,1059893.95313846
"PER",2020,20,20939571.7727275,3140935.76590912
"PER",2021,74,74000000,2000000
"PER",2022,4,3703607.69039988,2777705.76779991
"PER",2023,1,889295.510169921,889295.510169921
"GRC",2017,0,0,64116645.7868351
"GRC",2018,0,0,2158202.91628861
"GRC",2019,2,2119787.90627693,12718727.4376616
"GRC",2020,3,3140935.76590912,237664139.620457
"GRC",2021,18,18000000,68000000
"GRC",2022,3,2777705.76779991,107404623.021596
"GRC",2023,10,8892955.1016992,393957911.005275
"LVA",2017,0,0,4421837.64047139
"LVA",2018,0,0,10791014.5814431
"LVA",2019,6,6359363.71883078,2119787.90627693
"LVA",2020,6,6281871.53181824,4187914.35454549
"LVA",2021,62,62000000,1000000
"LVA",2022,1,925901.92259997,925901.92259997
"LVA",2023,1,889295.510169921,889295.510169921
"SVN",2016,1,1129006.91159917,1129006.91159917
"SVN",2017,0,0,1105459.41011785
"SVN",2018,13,14028318.955876,0
"SVN",2019,1,1059893.95313846,0
"SVN",2020,5,5234892.94318187,5234892.94318187
"SVN",2022,16,14814430.7615995,9259019.22599969
"SVN",2023,39,34682524.8966269,17785910.2033984
"BGR",2019,1,1059893.95313846,3179681.85941539
"BGR",2020,4,4187914.35454549,1046978.58863637
"BGR",2021,0,0,18000000
"BGR",2022,9,8333117.30339973,3703607.69039988
"BGR",2023,9,8003659.59152929,18675205.7135683
"GHA",2016,0,0,3387020.7347975
"GHA",2017,1,1105459.41011785,0
"GHA",2018,0,0,1079101.45814431
"GHA",2021,1,1000000,3000000
"GHA",2022,33,30554763.445799,35184273.0587988
"GHA",2023,0,0,17785910.2033984
"JAM",2018,53,57192377.2816482,0
"UKR",2019,0,0,32856712.5472924
"UKR",2020,6,6281871.53181824,10469785.8863637
"UKR",2023,2,1778591.02033984,5335773.06101952
"MAR",2020,1,1046978.58863637,1046978.58863637
"MAR",2022,1,925901.92259997,925901.92259997
"JOR",2018,13,14028318.955876,0
"JOR",2019,11,11658833.4845231,0
"JOR",2021,1,1000000,0
"JOR",2022,3,2777705.76779991,925901.92259997
"JOR",2023,1,889295.510169921,2667886.53050976
"URY",2022,3,2777705.76779991,5555411.53559982
"URY",2023,10,8892955.1016992,152069532.239056
"MLT",2018,3,3237304.37443292,0
"MLT",2020,5,5234892.94318187,39785186.3681822
"MLT",2021,7,7000000,5000000
"MLT",2022,0,0,1851803.84519994
"SEN",2021,2,2000000,0
"MUS",2021,21,21000000,25000000
"MUS",2022,2,1851803.84519994,55554115.3559982
"PAN",2021,2,2000000,1000000
"BLR",2017,5,5527297.05058924,8843675.28094278
"BLR",2020,1,1046978.58863637,2093957.17727275
"ZMB",2019,1,1059893.95313846,1059893.95313846
"ZMB",2023,8,7114364.08135937,0
"TUN",2018,1,1079101.45814431,1079101.45814431
"TUN",2020,0,0,1046978.58863637
"TUN",2022,9,8333117.30339973,1851803.84519994
"TUN",2023,2,1778591.02033984,1778591.02033984
"BHR",2021,0,0,195000000
"SYC",2022,3,2777705.76779991,9259019.22599969
"SYC",2023,0,0,44464775.508496
"LBN",2016,0,0,1129006.91159917
"LBN",2019,3,3179681.85941539,1059893.95313846
"UGA",2023,2,1778591.02033984,0
"IRQ",2020,0,0,2093957.17727275
"ARM",2021,1,1000000,0
"IRQ",2022,3,2777705.76779991,1851803.84519994
"QAT",2022,1,925901.92259997,3703607.69039988
"SRB",2018,0,0,1079101.45814431
