"iso3c","ano","share_pub_oecd","artigos","share_pub_cset"
"CAN",2016,1.89575014214537,3398,2.53211720170497
"CAN",2017,1.92285580154293,3665,2.46264043433855
"CAN",2018,1.94583156817488,4367,2.36198326545403
"CAN",2019,1.74602850566135,5520,2.44359154836054
"CAN",2020,1.84888735028705,6898,2.59335982585615
"CAN",2021,1.80206260643899,8251,2.5802436705694
"CAN",2022,1.61720251090787,7806,2.33081718940353
"CAN",2023,1.62151812891695,9039,2.23101453281731
"CAN",2024,1.41895868162598,7928,1.95171907849712
"CHN",2016,16.75263680212,21920,16.3343169692092
"CHN",2017,17.9745231363475,26566,17.8506154921249
"CHN",2018,20.6908790122268,36754,19.8791694386301
"CHN",2019,23.1021761393731,48935,21.6625276121418
"CHN",2020,24.9952200569136,56769,21.3427723911319
"CHN",2021,27.6805255898481,72439,22.6530446312419
"CHN",2022,31.0095793728576,82800,24.7235028545494
"CHN",2023,30.6858430116101,104292,25.7414501224232
"CHN",2024,32.4567170361085,110110,27.1069358896717
"DEU",2016,4.38836170854448,5930,4.41890965453516
"DEU",2017,3.99736902934278,6300,4.23318819545235
"DEU",2018,4.06850055858614,7256,3.9245593254258
"DEU",2019,3.70180578665114,8550,3.78491082218887
"DEU",2020,3.33143262309883,10050,3.77838014639813
"DEU",2021,3.12183725421078,11870,3.71197338136696
"DEU",2022,3.07684026367839,12257,3.65985476435038
"DEU",2023,3.11346171594732,13936,3.43969670642129
"DEU",2024,2.80958930372973,12207,3.00512547820564
"FRA",2016,2.1785013945751,5228,3.89579421145191
"FRA",2017,2.00645731397893,5186,3.4846530129549
"FRA",2018,1.70719788801839,5844,3.16084960002596
"FRA",2019,1.63082207386175,6507,2.88051634151848
"FRA",2020,1.47710607351412,6806,2.55877166929211
"FRA",2021,1.51171062129787,7166,2.24094366056239
"FRA",2022,1.57549253507143,7257,2.1668896161288
"FRA",2023,1.66812045728137,7844,1.93606350209304
"FRA",2024,1.74840243876744,7342,1.80745729999065
"GBR",2016,3.9652072269341,6512,4.85260365435631
"GBR",2017,3.62246828946183,7151,4.80500456915551
"GBR",2018,3.40346688362766,8305,4.49193291037228
"GBR",2019,3.30564377817024,9836,4.35419682421635
"GBR",2020,3.13362746688592,11612,4.36562689153981
"GBR",2021,3.00579434600188,13484,4.21670169118383
"GBR",2022,2.81009554090189,13570,4.05190741227337
"GBR",2023,2.92624568192888,16454,4.06119184898507
"GBR",2024,2.76550274199382,14636,3.60309793553025
"IND",2016,8.19349965652613,10234,7.62615875286894
"IND",2017,8.31866568329926,11381,7.64728807181637
"IND",2018,7.69254782803261,14100,7.62627983579159
"IND",2019,6.97074844301718,16142,7.14573456044126
"IND",2020,7.61755184820142,20777,7.8112840101208
"IND",2021,8.01595537243381,29077,9.0929275492845
"IND",2022,9.23376244383706,31239,9.32774765305879
"IND",2023,10.1520385387422,43664,10.7771897954348
"IND",2024,10.2926775290151,51154,12.5931177776793
"JPN",2016,5.67541810097332,6688,4.98375510447405
"JPN",2017,5.17824929526274,7084,4.75998494866419
"JPN",2018,4.80747532502839,8185,4.4270284011315
"JPN",2019,4.15299294609162,9226,4.08416225093737
"JPN",2020,3.96808401352218,9668,3.63476410501265
"JPN",2021,3.37306676217217,10165,3.17878765135595
"JPN",2022,3.01976844023574,9888,2.952487877123
"JPN",2023,2.87261146947478,10956,2.70417028670721
"JPN",2024,2.89363063715751,10515,2.58858805630641
"KOR",2016,1.89886305395234,3079,2.29440519836657
"KOR",2017,1.98618647048282,3352,2.25232489383433
"KOR",2018,2.14152215324181,4272,2.31060052897175
"KOR",2019,2.25427144929303,5171,2.2890963580747
"KOR",2020,2.64461067954243,6689,2.51478455714001
"KOR",2021,2.5457371854171,8199,2.56398228760132
"KOR",2022,2.39339651698073,8880,2.65150610324153
"KOR",2023,2.37176432402809,10326,2.54867309059316
"KOR",2024,2.27138457518829,9773,2.40592211833405
"USA",2016,15.2503490597135,21143,15.7553131240872
"USA",2017,15.4101761103028,23637,15.8825189485567
"USA",2018,16.710933193102,29526,15.9697544986938
"USA",2019,15.1462983847154,36330,16.0825508970903
"USA",2020,14.8593703469388,42988,16.1616921127724
"USA",2021,14.3230452211764,46801,14.6355573901731
"USA",2022,12.275936153905,43440,12.9708812077491
"USA",2023,12.2028978175444,50230,12.3978161282679
"USA",2024,11.3588052148469,48876,12.0323185772736
