"execucao","modelo","termo","coeficiente_original","ic_inf_original","ic_sup_original","p_boot_original","significativo_5pct_original","nivel_evidencia_original","n_obs_original","replicas_convergentes_original","coeficiente_padronizada","ic_inf_padronizada","ic_sup_padronizada","p_boot_padronizada","significativo_5pct_padronizada","nivel_evidencia_padronizada","n_obs_padronizada","replicas_convergentes_padronizada","mesmo_sinal","mesma_conclusao_5pct","mesmo_nivel"
"Fase A","H5 truncada (M2)","efetividade_governo",-0.58144913535452,-1.30855750099338,0.0158641134206432,0.06,FALSE,"sinal contrário, 5-10%",191,300,-0.526702825409928,-0.943444769966048,-0.0760197879431524,0.02,TRUE,"sinal contrário, significativo (5%)",191,300,TRUE,FALSE,FALSE
"Fase A","H5 truncada (M2)","alta_tec_export",0.00673735153873583,-0.0385963226938893,0.0201007131093646,0.926666666666667,FALSE,"só o sinal",191,300,-0.0116292230577312,-0.0340007779153374,0.0045528056706382,0.226666666666667,FALSE,"sinal contrário",191,300,FALSE,TRUE,FALSE
"Fase A","H5 truncada (M2)","log_comercio",-0.0814522901042995,-0.493525114491636,0.544215545685043,0.853333333333333,FALSE,NA,191,300,0.304475992792272,-0.0417711143764712,0.59461631203972,0.113333333333333,FALSE,NA,191,300,FALSE,TRUE,NA
"Fase A","H5 truncada (M2)","market_cap",-0.00187581448472269,-0.0055155224568067,0.010107092684471,0.58,FALSE,NA,191,300,0.00135318198858571,-0.00189549739647806,0.00589111931746624,0.973333333333333,FALSE,NA,191,300,FALSE,TRUE,NA
"Fase A","H5 truncada (M2)","credito_privado",0.00741422035836564,-0.00163720343069205,0.0207254711516363,0.1,FALSE,NA,191,300,0.00307421638827976,-0.00239184304585406,0.00995822046527682,0.366666666666667,FALSE,NA,191,300,TRUE,TRUE,NA
"Fase A","H5 truncada sem valores-piso (M2)","efetividade_governo",-0.655557508818085,-1.68684668422468,0.0160283451817944,0.0866666666666667,FALSE,"sinal contrário, 5-10%",169,300,-0.40042399326459,-0.796909117955186,-0.0417414546923353,0.02,TRUE,"sinal contrário, significativo (5%)",169,300,TRUE,FALSE,FALSE
"Fase A","H5 truncada sem valores-piso (M2)","alta_tec_export",0.00611946614125891,-0.0536151010090059,0.0199174186131302,0.78,FALSE,"só o sinal",169,300,-0.010220875988375,-0.0301309312260797,0.0017340310879172,0.113333333333333,FALSE,"sinal contrário",169,300,FALSE,TRUE,FALSE
"Fase A","H5 truncada sem valores-piso (M2)","log_comercio",-0.0256911077426284,-0.593376939826148,0.806922090349049,0.933333333333333,FALSE,NA,169,300,0.261316248631164,-0.0693558379325468,0.549435024962245,0.14,FALSE,NA,169,300,FALSE,TRUE,NA
"Fase A","H5 truncada sem valores-piso (M2)","market_cap",-0.00280610011596168,-0.00694644206669626,0.0103398899650985,0.533333333333333,FALSE,NA,169,300,0.00125705636873367,-0.00231802109150515,0.00530813938314944,0.76,FALSE,NA,169,300,FALSE,TRUE,NA
"Fase A","H5 truncada sem valores-piso (M2)","credito_privado",0.00817610918369642,-0.00340470752653734,0.0284033221880791,0.213333333333333,FALSE,NA,169,300,0.00291549777353909,-0.00224936453096561,0.00890954349147434,0.286666666666667,FALSE,NA,169,300,TRUE,TRUE,NA
"Fase A","H5 truncada com pesquisadores (subamostra)","efetividade_governo",-0.466246137091663,-0.887034892450904,0.0084940319038953,0.06,FALSE,"sinal contrário, 5-10%",161,300,-0.217896702357098,-0.354327304894542,-0.0462688029430415,0.02,TRUE,"sinal contrário, significativo (5%)",161,300,TRUE,FALSE,FALSE
"Fase A","H5 truncada com pesquisadores (subamostra)","alta_tec_export",0.0109742736136069,-0.0152330115122637,0.0243325908085626,0.286666666666667,FALSE,"só o sinal",161,300,-0.00119130429720474,-0.0181985625159655,0.00574703853274456,0.706666666666667,FALSE,"sinal contrário",161,300,FALSE,TRUE,FALSE
"Fase A","H5 truncada com pesquisadores (subamostra)","log_comercio",-0.178443022379711,-0.444337316480199,0.154955807380895,0.253333333333333,FALSE,NA,161,300,0.112723252793322,-0.0315287254964841,0.271472118719896,0.213333333333333,FALSE,NA,161,300,FALSE,TRUE,NA
"Fase A","H5 truncada com pesquisadores (subamostra)","log_pesquisadores",0.145658868434747,-0.176506541129408,0.444749785822888,0.433333333333333,FALSE,"só o sinal",161,300,-0.0555165052675493,-0.218427771682521,0.0638793302472711,0.426666666666667,FALSE,"sinal contrário",161,300,FALSE,TRUE,FALSE
"Fase A","H6 truncada (canal patentes)","market_cap",-0.000000148931492459486,-0.0146893865160627,0.0234740365154505,0.933333333333333,FALSE,"sem sinal (coeficiente ≈ 0)",191,300,-0.00635519350934877,-0.0208538896211789,0.00328797699643121,0.32,FALSE,"sinal contrário",191,300,TRUE,TRUE,FALSE
"Fase A","H6 truncada (canal patentes)","credito_privado",0.0135963743680373,-0.0217512180117063,0.0420343166300308,0.346666666666667,FALSE,"compatível",191,300,0.00431391473770755,-0.0266200215745627,0.0172853183972507,0.793333333333333,FALSE,"compatível",191,300,TRUE,TRUE,TRUE
"Fase A","H6 truncada (canal patentes)","npl",-0.0270049555890152,-0.221283566557613,0.0414472269562174,0.48,FALSE,NA,191,300,0.0736353303459316,-0.161839120013463,0.217539235052914,0.533333333333333,FALSE,NA,191,300,FALSE,TRUE,NA
"Fase A","H6 truncada (canal patentes)","efetividade_governo",-1.47508126052818,-3.02944293796228,0.196069462416843,0.08,FALSE,NA,191,300,-0.956063093071558,-1.9154874474067,0.657811993753409,0.34,FALSE,NA,191,300,TRUE,TRUE,NA
"Fase A","H6 contraste (canal publicações)","market_cap",-0.000844267995309594,-0.0045696250868506,0.00715046896912824,0.733333333333333,FALSE,NA,191,300,-0.000651467797370887,-0.00289753640854224,0.00370759268474835,0.593333333333333,FALSE,NA,191,300,TRUE,TRUE,NA
"Fase A","H6 contraste (canal publicações)","credito_privado",0.00784078669475888,0.000374620472890361,0.0196133139981824,0.0333333333333333,TRUE,NA,191,300,0.00413975679005901,-0.0000667479189826964,0.0130243978914103,0.06,FALSE,NA,191,300,TRUE,FALSE,NA
"Fase A","H6 contraste (canal publicações)","npl",0.0305810583479692,0.00563019378523998,0.0874178115701761,0.0266666666666667,TRUE,NA,191,300,0.0206861936289642,0.00272673365725128,0.0695578133076009,0.0266666666666667,TRUE,NA,191,300,TRUE,TRUE,NA
"Fase A","H6 contraste (canal publicações)","efetividade_governo",-0.499774701281636,-1.06641173430453,-0.0715977592848051,0.0266666666666667,TRUE,NA,191,300,-0.34446601239784,-0.831257415797723,-0.0455788357143811,0.00666666666666667,TRUE,NA,191,300,TRUE,TRUE,NA
"Fase A","H7 canal patentes","log_pib_pc",-0.534326273716408,-1.80319566143319,0.273436340632099,0.213333333333333,FALSE,"sinal contrário",191,300,-0.662038844945096,-1.47882903517196,-0.0215261527610168,0.04,TRUE,"sinal contrário, significativo (5%)",191,300,TRUE,FALSE,FALSE
"Fase A","H7 canal patentes","alta_tec_export",0.018080655925335,-0.0492771017447769,0.0976208468566866,0.6,FALSE,NA,191,300,-0.0284743201080544,-0.0821075468484769,0.0129833991718288,0.18,FALSE,NA,191,300,FALSE,TRUE,NA
"Fase A","H7 canal patentes","log_comercio",-0.5496425980289,-2.03371246112014,0.60370196803499,0.313333333333333,FALSE,NA,191,300,1.02823370070633,0.244000121138986,2.00728489606328,0.0133333333333333,TRUE,NA,191,300,FALSE,FALSE,NA
"Fase A","H7 canal publicações","log_pib_pc",-0.359864950522672,-0.659679201846113,-0.0230893248418969,0.0333333333333333,TRUE,"compatível",191,300,-0.267263534368414,-0.5458184985588,-0.0652999627491673,0.0133333333333333,TRUE,"compatível",191,300,TRUE,TRUE,TRUE
"Fase A","H7 canal publicações","alta_tec_export",0.00256647547300496,-0.0240590277605546,0.0163227729150838,0.806666666666667,FALSE,NA,191,300,-0.00433024875305939,-0.0245481282397326,0.00455731598358856,0.38,FALSE,NA,191,300,FALSE,TRUE,NA
"Fase A","H7 canal publicações","log_comercio",-0.0735952034388023,-0.346915259323377,0.344493157900653,0.6,FALSE,NA,191,300,0.0448486972207139,-0.125316221532654,0.309474161599632,0.98,FALSE,NA,191,300,FALSE,TRUE,NA
"Fase A","H5 truncada com efetividade_governo do cache WGI (referência do bloco)","efetividade_governo",-0.660618478105337,-1.3171939263604,-0.0427806781817429,0.0266666666666667,TRUE,"sinal contrário, significativo (5%)",191,NA,-0.534178333446738,-0.883986875090716,-0.0782733788527711,0.0133333333333333,TRUE,"sinal contrário, significativo (5%)",191,NA,TRUE,TRUE,TRUE
"Fase A","H5 truncada com qualidade_regulatoria no lugar da efetividade (M2)","qualidade_regulatoria",-0.556615678879744,-1.28007845216256,0.0423187799371144,0.0666666666666667,FALSE,"sinal contrário, 5-10%",191,NA,-0.523571805528607,-0.950405280010396,-0.0790797917378279,0.0133333333333333,TRUE,"sinal contrário, significativo (5%)",191,NA,TRUE,FALSE,FALSE
"Fase A","H5 truncada com estado_direito no lugar da efetividade (M2)","estado_direito",-0.488206576937931,-1.06154524936706,-0.0412333312069386,0.0266666666666667,TRUE,"sinal contrário, significativo (5%)",191,NA,-0.424503752503321,-0.8236374972228,-0.0887764261073383,0.0133333333333333,TRUE,"sinal contrário, significativo (5%)",191,NA,TRUE,TRUE,TRUE
"Fase A","H5 truncada com controle_corrupcao no lugar da efetividade (M2)","controle_corrupcao",-0.491694403069267,-0.990738825016166,-0.05994959898606,0.02,TRUE,"sinal contrário, significativo (5%)",191,NA,-0.436686254434016,-0.831031847275504,-0.0783209580612898,0.0133333333333333,TRUE,"sinal contrário, significativo (5%)",191,NA,TRUE,TRUE,TRUE
"Fase A","H5 truncada com indice_wgi no lugar da efetividade (M2)","indice_wgi",-0.570888042188892,-1.17297094974406,-0.0584796158431578,0.0266666666666667,TRUE,"sinal contrário, significativo (5%)",191,NA,-0.489306731170328,-0.861368861344181,-0.0942745695786071,0.0133333333333333,TRUE,"sinal contrário, significativo (5%)",191,NA,TRUE,TRUE,TRUE
"Fase A","Simar-Wilson alg. 2 (Farrell; positivo = menos eficiente)","efetividade_governo",10.109634562874,5.43097504242317,15.3472973139273,NA,NA,NA,NA,NA,3.62233031815323,2.25006590553975,5.27531105242573,NA,NA,NA,NA,NA,NA,NA,NA
"Fase A","Simar-Wilson alg. 2 (Farrell; positivo = menos eficiente)","alta_tec_export",-0.0758909939996237,-0.235798490992222,0.0732768432009064,NA,NA,NA,NA,NA,0.0648344062580716,0.0240455592063197,0.116559704364175,NA,NA,NA,NA,NA,NA,NA,NA
"Fase A","Simar-Wilson alg. 2 (Farrell; positivo = menos eficiente)","log_comercio",-0.736862227132213,-2.49016684101415,1.44606431395753,NA,NA,NA,NA,NA,-2.29515368549759,-3.37990959051826,-1.41686868607279,NA,NA,NA,NA,NA,NA,NA,NA
"Fase A","Simar-Wilson alg. 2 (Farrell; positivo = menos eficiente)","market_cap",0.00255866772587929,-0.0219196970685407,0.033865954855766,NA,NA,NA,NA,NA,-0.000997960249748699,-0.00915178733084424,0.00695708874769077,NA,NA,NA,NA,NA,NA,NA,NA
"Fase A","Simar-Wilson alg. 2 (Farrell; positivo = menos eficiente)","credito_privado",-0.145692863281588,-0.228830018387482,-0.0722093725402578,NA,NA,NA,NA,NA,-0.0183775610406518,-0.0313776742708922,-0.00495098770804999,NA,NA,NA,NA,NA,NA,NA,NA
"Painel","H5 truncada (M2)","efetividade_governo",-0.686318751451096,-1.20066278328133,-0.207765279848757,0,TRUE,"sinal contrário, significativo (5%)",144,300,-0.572239417967195,-0.880222312416171,-0.13471730183755,0,TRUE,"sinal contrário, significativo (5%)",144,300,TRUE,TRUE,TRUE
"Painel","H5 truncada (M2)","alta_tec_export",0.0119784761343402,-0.0135347068129529,0.0306339806486593,0.58,FALSE,"só o sinal",144,300,0.000288419019121471,-0.0153957165059142,0.00660827437183533,0.84,FALSE,"só o sinal",144,300,TRUE,TRUE,TRUE
"Painel","H5 truncada (M2)","log_comercio",0.17981505065391,-0.394656380126546,0.627835439549686,0.493333333333333,FALSE,NA,144,300,0.367274158308518,0.0270571298951773,0.592338374722726,0.04,TRUE,NA,144,300,TRUE,FALSE,NA
"Painel","H5 truncada (M2)","market_cap",-0.00373017879008574,-0.00716497988522886,0.00773226011339424,0.68,FALSE,NA,144,300,-0.00135916729150693,-0.00356261878503819,0.00210321859778279,0.413333333333333,FALSE,NA,144,300,TRUE,TRUE,NA
"Painel","H5 truncada (M2)","credito_privado",0.0107134675537814,0.000227007016397196,0.018710960783825,0.0466666666666667,TRUE,NA,144,300,0.0067220753782981,0.000310925233931686,0.0112728958553674,0.0333333333333333,TRUE,NA,144,300,TRUE,TRUE,NA
"Painel","H5 truncada sem valores-piso (M2)","efetividade_governo",-0.776320464631189,-1.32367707641358,-0.168313010807457,0.00666666666666667,TRUE,"sinal contrário, significativo (5%)",127,300,-0.49815044267017,-0.712839683393444,-0.162972664494901,0,TRUE,"sinal contrário, significativo (5%)",127,300,TRUE,TRUE,TRUE
"Painel","H5 truncada sem valores-piso (M2)","alta_tec_export",0.0183562693380106,-0.0145170543212553,0.0329923246023551,0.46,FALSE,"só o sinal",127,300,0.00000216096704258872,-0.0124659833374539,0.00584010008350495,0.926666666666667,FALSE,"sem sinal (coeficiente ≈ 0)",127,300,TRUE,TRUE,FALSE
"Painel","H5 truncada sem valores-piso (M2)","log_comercio",0.225624358471565,-0.472682555228114,0.677263316496276,0.48,FALSE,NA,127,300,0.372065400152271,0.0607212949453224,0.577707922669031,0.0133333333333333,TRUE,NA,127,300,TRUE,FALSE,NA
"Painel","H5 truncada sem valores-piso (M2)","market_cap",-0.00368190601848428,-0.00701391420201486,0.00809804817789545,0.673333333333333,FALSE,NA,127,300,-0.0009230081996045,-0.00259562646502487,0.00233640776687205,0.486666666666667,FALSE,NA,127,300,TRUE,TRUE,NA
"Painel","H5 truncada sem valores-piso (M2)","credito_privado",0.0113852283054714,-0.000657052409146266,0.0201135690814314,0.06,FALSE,NA,127,300,0.00677957518010934,0.00103237763311325,0.010508353498227,0.00666666666666667,TRUE,NA,127,300,TRUE,FALSE,NA
"Painel","H5 truncada com pesquisadores (subamostra)","efetividade_governo",-0.553671780124298,-0.813679168516043,-0.260448566543542,0.00666666666666667,TRUE,"sinal contrário, significativo (5%)",171,300,-0.33967613146581,-0.514935592753785,-0.137117713444391,0.0133333333333333,TRUE,"sinal contrário, significativo (5%)",171,300,TRUE,TRUE,TRUE
"Painel","H5 truncada com pesquisadores (subamostra)","alta_tec_export",0.0212706498418149,0.00241349734090049,0.0341926126649528,0.0266666666666667,TRUE,"significativo (5%)",171,300,0.00576511270370658,-0.00830014023980637,0.0138021303493992,0.453333333333333,FALSE,"só o sinal",171,300,TRUE,FALSE,FALSE
"Painel","H5 truncada com pesquisadores (subamostra)","log_comercio",-0.230474005669481,-0.620582700889713,0.093908128574423,0.133333333333333,FALSE,NA,171,300,0.0420547582035799,-0.25238286371026,0.249941660868895,0.82,FALSE,NA,171,300,FALSE,TRUE,NA
"Painel","H5 truncada com pesquisadores (subamostra)","log_pesquisadores",0.182792331369665,-0.16421869066951,0.43423397785242,0.206666666666667,FALSE,"só o sinal",171,300,-0.0691578773101557,-0.284266803206084,0.0866464795133609,0.566666666666667,FALSE,"sinal contrário",171,300,FALSE,TRUE,FALSE
"Painel","H5 truncada com talento em IA (média por gênero, subamostra)","efetividade_governo",-0.361662835833285,-0.689696849005289,0.0324516217051719,0.08,FALSE,"sinal contrário, 5-10%",161,300,-0.259156976055894,-0.44581260357943,-0.0813515861901458,0,TRUE,"sinal contrário, significativo (5%)",161,300,TRUE,FALSE,FALSE
"Painel","H5 truncada com talento em IA (média por gênero, subamostra)","alta_tec_export",0.0159476695993989,-0.0154809500382608,0.034363324471972,0.273333333333333,FALSE,"só o sinal",161,300,0.000699461392041211,-0.0247390292187105,0.0183106786523955,0.94,FALSE,"só o sinal",161,300,TRUE,TRUE,TRUE
"Painel","H5 truncada com talento em IA (média por gênero, subamostra)","log_comercio",0.00430144279038834,-0.525209876771842,0.387193644700249,0.68,FALSE,NA,161,300,0.190114237726966,-0.190046386389355,0.405994664326863,0.553333333333333,FALSE,NA,161,300,TRUE,TRUE,NA
"Painel","H5 truncada com talento em IA (média por gênero, subamostra)","log_talento",-0.139706668043115,-0.746277496188054,0.614105843605824,0.866666666666667,FALSE,"sinal contrário",161,300,-0.279096725515868,-0.559751952272113,0.164428811749262,0.293333333333333,FALSE,"sinal contrário",161,300,TRUE,TRUE,TRUE
"Painel","H6 truncada (canal patentes)","market_cap",-0.0081996167749828,-0.0208204697922372,0.0190872431856,0.666666666666667,FALSE,"sinal contrário",133,300,-0.00206396874493694,-0.0163080843816203,0.00294703117399896,0.38,FALSE,"sinal contrário",133,300,TRUE,TRUE,TRUE
"Painel","H6 truncada (canal patentes)","credito_privado",0.0270540132307222,0.000789367233011011,0.0451600825990412,0.0466666666666667,TRUE,"sinal contrário, significativo (5%)",133,300,-0.00134920413383312,-0.0116639719386899,0.0144951883522865,0.953333333333333,FALSE,"compatível",133,300,FALSE,FALSE,FALSE
"Painel","H6 truncada (canal patentes)","npl",-0.0335493024454263,-0.0764198080615759,0.443911171003808,0.76,FALSE,NA,133,300,0.0502585399783761,-0.0766891063108983,0.215695638099194,0.286666666666667,FALSE,NA,133,300,FALSE,TRUE,NA
"Painel","H6 truncada (canal patentes)","efetividade_governo",-1.70204109493928,-3.01689404356359,-0.3539376614752,0.0133333333333333,TRUE,NA,133,300,-0.416334204434888,-1.30295887270362,0.438439307403171,0.293333333333333,FALSE,NA,133,300,TRUE,FALSE,NA
"Painel","H6 contraste (canal publicações)","market_cap",-0.00360375646371974,-0.00706297658162175,0.0051560714845524,0.666666666666667,FALSE,NA,133,300,-0.00197474365105955,-0.00463081693797694,0.00336065214429061,0.646666666666667,FALSE,NA,133,300,TRUE,TRUE,NA
"Painel","H6 contraste (canal publicações)","credito_privado",0.0112040056396651,0.00444246169458321,0.0180845744347581,0.00666666666666667,TRUE,NA,133,300,0.00651148884150897,0.0021488620190595,0.0121971749800358,0.02,TRUE,NA,133,300,TRUE,TRUE,NA
"Painel","H6 contraste (canal publicações)","npl",0.0220020716096139,0.000640131909606615,0.214321564691807,0.0466666666666667,TRUE,NA,133,300,0.0169110319441213,0.00153340862734034,0.152549635048757,0.02,TRUE,NA,133,300,TRUE,TRUE,NA
"Painel","H6 contraste (canal publicações)","efetividade_governo",-0.570452664584324,-0.996723937750998,-0.152216913415214,0.00666666666666667,TRUE,NA,133,300,-0.405897001686198,-0.816880574232166,-0.073005488244123,0.00666666666666667,TRUE,NA,133,300,TRUE,TRUE,NA
"Painel","H7 canal patentes","log_pib_pc",-0.962509535463922,-1.68769328731876,-0.246544323563866,0.0133333333333333,TRUE,"sinal contrário, significativo (5%)",203,300,-0.90349124211105,-1.36380284622348,-0.468608089385083,0,TRUE,"sinal contrário, significativo (5%)",203,300,TRUE,TRUE,TRUE
"Painel","H7 canal patentes","alta_tec_export",0.0364968463625982,-0.0168141689589251,0.106823301717619,0.146666666666667,FALSE,NA,203,300,-0.00757070058543895,-0.0337448610842714,0.0119018548301271,0.466666666666667,FALSE,NA,203,300,FALSE,TRUE,NA
"Painel","H7 canal patentes","log_comercio",-0.739039958834525,-2.22067710489761,0.398239470440413,0.18,FALSE,NA,203,300,0.552085712233023,0.0612659954123159,0.976308260192706,0.0266666666666667,TRUE,NA,203,300,FALSE,FALSE,NA
"Painel","H7 canal publicações","log_pib_pc",-0.262386796844434,-0.559776942409281,-0.0135671433502724,0.04,TRUE,"compatível",203,300,-0.275005666591702,-0.493262896622707,-0.115393528139614,0,TRUE,"compatível",203,300,TRUE,TRUE,TRUE
"Painel","H7 canal publicações","alta_tec_export",0.00890367855021722,-0.0111735739362038,0.0268630509715531,0.426666666666667,FALSE,NA,203,300,0.00405199378376825,-0.00981613393486915,0.0157793241981235,0.586666666666667,FALSE,NA,203,300,TRUE,TRUE,NA
"Painel","H7 canal publicações","log_comercio",-0.16383665108102,-0.449251281902042,0.12242979356885,0.266666666666667,FALSE,NA,203,300,-0.0459787962417572,-0.292144920634426,0.153102933856703,0.54,FALSE,NA,203,300,TRUE,TRUE,NA
"Painel","H5 truncada com efetividade_governo do cache WGI (referência do bloco)","efetividade_governo",-0.686318751451096,-1.20066278328133,-0.207765279848757,0,TRUE,"sinal contrário, significativo (5%)",144,NA,-0.572239417967195,-0.880222312416171,-0.13471730183755,0,TRUE,"sinal contrário, significativo (5%)",144,NA,TRUE,TRUE,TRUE
"Painel","H5 truncada com qualidade_regulatoria no lugar da efetividade (M2)","qualidade_regulatoria",-0.706377345386538,-1.25121333800627,-0.272376444737259,0,TRUE,"sinal contrário, significativo (5%)",144,NA,-0.553616680637045,-0.849705501039658,-0.154286827987509,0,TRUE,"sinal contrário, significativo (5%)",144,NA,TRUE,TRUE,TRUE
"Painel","H5 truncada com estado_direito no lugar da efetividade (M2)","estado_direito",-0.505114457561534,-1.01734713740438,-0.147970864643794,0,TRUE,"sinal contrário, significativo (5%)",144,NA,-0.457147763848578,-0.777129658778162,-0.0976014830545324,0,TRUE,"sinal contrário, significativo (5%)",144,NA,TRUE,TRUE,TRUE
"Painel","H5 truncada com controle_corrupcao no lugar da efetividade (M2)","controle_corrupcao",-0.50765039910251,-0.950702586824424,-0.203035251318344,0,TRUE,"sinal contrário, significativo (5%)",144,NA,-0.430948414002418,-0.68549793894125,-0.128701148781258,0,TRUE,"sinal contrário, significativo (5%)",144,NA,TRUE,TRUE,TRUE
"Painel","H5 truncada com indice_wgi no lugar da efetividade (M2)","indice_wgi",-0.63054140430414,-1.16528210035465,-0.239227372459104,0,TRUE,"sinal contrário, significativo (5%)",144,NA,-0.52303246905082,-0.843510069264334,-0.151127836529639,0,TRUE,"sinal contrário, significativo (5%)",144,NA,TRUE,TRUE,TRUE
"Painel","Simar-Wilson alg. 2 (Farrell; positivo = menos eficiente)","efetividade_governo",17.1433934382827,8.10552710022676,25.5093100057503,NA,NA,NA,NA,NA,4.99424779670009,2.82937108795762,7.25066895726888,NA,NA,NA,NA,NA,NA,NA,NA
"Painel","Simar-Wilson alg. 2 (Farrell; positivo = menos eficiente)","alta_tec_export",-0.137531207957459,-0.318176387604201,0.0794097308086882,NA,NA,NA,NA,NA,0.00604162222833569,-0.0353515984912003,0.0554702888830227,NA,NA,NA,NA,NA,NA,NA,NA
"Painel","Simar-Wilson alg. 2 (Farrell; positivo = menos eficiente)","log_comercio",-7.66471872329132,-12.3742231316323,-2.70668882960512,NA,NA,NA,NA,NA,-3.46118697221771,-5.09882862991965,-1.88650661803958,NA,NA,NA,NA,NA,NA,NA,NA
"Painel","Simar-Wilson alg. 2 (Farrell; positivo = menos eficiente)","market_cap",0.0781897356967562,0.0159936598511514,0.134481147509281,NA,NA,NA,NA,NA,0.0162543788519654,0.00395556272257187,0.0300459183969662,NA,NA,NA,NA,NA,NA,NA,NA
"Painel","Simar-Wilson alg. 2 (Farrell; positivo = menos eficiente)","credito_privado",-0.25847277463347,-0.393767004676266,-0.111939326308165,NA,NA,NA,NA,NA,-0.0533267727871948,-0.0795778860556966,-0.0261204714598894,NA,NA,NA,NA,NA,NA,NA,NA
"Painel: qualidade","H5 truncada (M2)","efetividade_governo",-0.224137944494727,-0.74077174367084,0.294871310235015,0.38,FALSE,"sinal contrário",85,300,-0.388668482919302,-0.708776713459252,0.0264769211647707,0.08,FALSE,"sinal contrário, 5-10%",85,300,TRUE,TRUE,FALSE
"Painel: qualidade","H5 truncada (M2)","alta_tec_export",0.0125373546903774,-0.0144852486232246,0.0284828259584007,0.526666666666667,FALSE,"só o sinal",85,300,0.00284778982463569,-0.0110137276280748,0.013773645492715,0.733333333333333,FALSE,"só o sinal",85,300,TRUE,TRUE,TRUE
"Painel: qualidade","H5 truncada (M2)","log_comercio",0.100116409630844,-0.444072764003966,0.564340547815576,0.78,FALSE,NA,85,300,0.347736879401846,-0.0931989509715712,0.626457215352214,0.133333333333333,FALSE,NA,85,300,TRUE,TRUE,NA
"Painel: qualidade","H5 truncada (M2)","market_cap",-0.00266275745749548,-0.00605025514096026,0.00903876585357293,0.72,FALSE,NA,85,300,-0.000410676537864259,-0.00399479139316023,0.00356309746266166,0.84,FALSE,NA,85,300,TRUE,TRUE,NA
"Painel: qualidade","H5 truncada (M2)","credito_privado",0.00656935501171115,-0.00240376658971596,0.0143683811081992,0.22,FALSE,NA,85,300,0.00635003286428448,-0.000170897787898023,0.0114843740002841,0.06,FALSE,NA,85,300,TRUE,TRUE,NA
"Painel: qualidade","H5 truncada sem valores-piso (M2)","efetividade_governo",-0.28644757031441,-0.743316476875532,0.174120463236604,0.193333333333333,FALSE,"sinal contrário",76,300,-0.364354111464662,-0.581298842185666,-0.078505354608035,0.02,TRUE,"sinal contrário, significativo (5%)",76,300,TRUE,FALSE,FALSE
"Painel: qualidade","H5 truncada sem valores-piso (M2)","alta_tec_export",0.0149748279247649,-0.0117750988918244,0.0275210564967921,0.26,FALSE,"só o sinal",76,300,0.00187173813516172,-0.00989353237572103,0.0118690556378075,0.66,FALSE,"só o sinal",76,300,TRUE,TRUE,TRUE
"Painel: qualidade","H5 truncada sem valores-piso (M2)","log_comercio",0.264191719271251,-0.290436369859177,0.717799688655415,0.306666666666667,FALSE,NA,76,300,0.389509985774069,0.0222329296222724,0.649304173544557,0.04,TRUE,NA,76,300,TRUE,FALSE,NA
"Painel: qualidade","H5 truncada sem valores-piso (M2)","market_cap",-0.00228862838988784,-0.0059128307499101,0.00820470424690535,0.566666666666667,FALSE,NA,76,300,0.000172663172696994,-0.00442003159875913,0.00453928014309338,1,FALSE,NA,76,300,FALSE,TRUE,NA
"Painel: qualidade","H5 truncada sem valores-piso (M2)","credito_privado",0.00833282383416984,-0.00110039283719643,0.0172042779062911,0.0866666666666667,FALSE,NA,76,300,0.0070502354564156,0.00101817763142732,0.0118167372515092,0.0266666666666667,TRUE,NA,76,300,TRUE,FALSE,NA
"Painel: qualidade","H5 truncada com pesquisadores (subamostra)","efetividade_governo",-0.274301001810996,-0.688299372208685,0.0688614717578729,0.0866666666666667,FALSE,"sinal contrário, 5-10%",98,300,-0.162135533785014,-0.342778626568169,0.00531635557256172,0.0666666666666667,FALSE,"sinal contrário, 5-10%",98,300,TRUE,TRUE,TRUE
"Painel: qualidade","H5 truncada com pesquisadores (subamostra)","alta_tec_export",0.0167864462994814,-0.00201060106262899,0.0355856574305399,0.0866666666666667,FALSE,"bateu na trave (5-10%)",98,300,0.00745687526996626,-0.00333554918902431,0.0163489462131203,0.193333333333333,FALSE,"só o sinal",98,300,TRUE,TRUE,FALSE
"Painel: qualidade","H5 truncada com pesquisadores (subamostra)","log_comercio",-0.16364543140705,-0.495669272826321,0.150592572700645,0.3,FALSE,NA,98,300,0.00350883523865343,-0.209778414897652,0.198883252249872,0.986666666666667,FALSE,NA,98,300,FALSE,TRUE,NA
"Painel: qualidade","H5 truncada com pesquisadores (subamostra)","log_pesquisadores",0.159379352717386,-0.244109715896253,0.537746110062638,0.373333333333333,FALSE,"só o sinal",98,300,-0.0697964063970253,-0.262381535454268,0.0846078377941351,0.453333333333333,FALSE,"sinal contrário",98,300,FALSE,TRUE,FALSE
"Painel: qualidade","H5 truncada com talento em IA (média por gênero, subamostra)","efetividade_governo",-0.12866366897091,-0.565016769736314,0.389350247403249,0.513333333333333,FALSE,"sinal contrário",93,300,-0.0992826662016431,-0.358883756362706,0.266384086444364,0.433333333333333,FALSE,"sinal contrário",93,300,TRUE,TRUE,TRUE
"Painel: qualidade","H5 truncada com talento em IA (média por gênero, subamostra)","alta_tec_export",0.0154715103105762,-0.0182641734657483,0.0436864596356047,0.286666666666667,FALSE,"só o sinal",93,300,0.00241543186523082,-0.0250732589677422,0.0212977490629849,0.82,FALSE,"só o sinal",93,300,TRUE,TRUE,TRUE
"Painel: qualidade","H5 truncada com talento em IA (média por gênero, subamostra)","log_comercio",-0.0865589467410485,-0.653044762513677,0.268173221625027,0.553333333333333,FALSE,NA,93,300,0.0796357602270889,-0.380747214980671,0.44003649612129,0.96,FALSE,NA,93,300,FALSE,TRUE,NA
"Painel: qualidade","H5 truncada com talento em IA (média por gênero, subamostra)","log_talento",0.134745020885118,-0.546333856610736,0.948983340328768,0.746666666666667,FALSE,"só o sinal",93,300,-0.111174067453813,-0.577018601153265,0.498030474048264,0.74,FALSE,"sinal contrário",93,300,FALSE,TRUE,FALSE
"Painel: qualidade","H6 truncada (canal patentes)","market_cap",-0.00307377812078327,-0.0209711761821982,0.0349917424549876,0.853333333333333,FALSE,"sinal contrário",79,300,-0.000125935011944189,-0.00888841454458872,0.00319911062344068,0.826666666666667,FALSE,"sinal contrário",79,300,TRUE,TRUE,TRUE
"Painel: qualidade","H6 truncada (canal patentes)","credito_privado",0.0276434110807954,-0.00415579174344792,0.0519176980116525,0.0933333333333333,FALSE,"sinal contrário, 5-10%",79,300,0.00313273583989722,-0.00523683795906837,0.0113558492864658,0.306666666666667,FALSE,"compatível",79,300,TRUE,TRUE,FALSE
"Painel: qualidade","H6 truncada (canal patentes)","npl",-0.0257837432183731,-0.102027149557899,0.343042215960093,0.766666666666667,FALSE,NA,79,300,0.020002568769274,-0.0719001273043853,0.0624158303508933,0.38,FALSE,NA,79,300,FALSE,TRUE,NA
"Painel: qualidade","H6 truncada (canal patentes)","efetividade_governo",-1.71750745479239,-3.68091506285538,-0.0529248633641837,0.0466666666666667,TRUE,NA,79,300,-0.315141952635142,-0.873071466850979,0.171727102274988,0.206666666666667,FALSE,NA,79,300,TRUE,FALSE,NA
"Painel: qualidade","H6 contraste (canal publicações)","market_cap",-0.00111125401141269,-0.0051164970671382,0.00743860829169019,0.793333333333333,FALSE,NA,79,300,0.00013822720081671,-0.00293906020915616,0.00588226920896021,0.906666666666667,FALSE,NA,79,300,FALSE,TRUE,NA
"Painel: qualidade","H6 contraste (canal publicações)","credito_privado",0.00635158053083738,-0.000422935189254568,0.0122626598639335,0.0733333333333333,FALSE,NA,79,300,0.00255293899638633,-0.00354266818922376,0.00782249817517459,0.306666666666667,FALSE,NA,79,300,TRUE,TRUE,NA
"Painel: qualidade","H6 contraste (canal publicações)","npl",0.0544602338212867,0.0185672451585234,0.157711869214756,0.0133333333333333,TRUE,NA,79,300,0.0345576250818364,-0.000377513533564172,0.0923128055141303,0.0533333333333333,FALSE,NA,79,300,TRUE,FALSE,NA
"Painel: qualidade","H6 contraste (canal publicações)","efetividade_governo",0.119011259181218,-0.386117981134195,0.436783719409079,0.78,FALSE,NA,79,300,0.0556925020132543,-0.362834389607249,0.322754568773331,0.873333333333333,FALSE,NA,79,300,TRUE,TRUE,NA
"Painel: qualidade","H7 canal patentes","log_pib_pc",-0.829545771091477,-1.83492986142649,-0.0884459716435765,0.0333333333333333,TRUE,"sinal contrário, significativo (5%)",116,300,-0.64028570380534,-1.15923361183324,-0.307635658595971,0,TRUE,"sinal contrário, significativo (5%)",116,300,TRUE,TRUE,TRUE
"Painel: qualidade","H7 canal patentes","alta_tec_export",0.0662036153911046,-0.00713746577123684,0.130527849606331,0.06,FALSE,NA,116,300,0.00320325063671488,-0.0273983290424891,0.0203433655858794,0.806666666666667,FALSE,NA,116,300,TRUE,TRUE,NA
"Painel: qualidade","H7 canal patentes","log_comercio",-0.928925596776856,-2.17473701406002,0.532666383804558,0.2,FALSE,NA,116,300,0.303000396500833,-0.205797716750054,0.935969066587652,0.313333333333333,FALSE,NA,116,300,FALSE,TRUE,NA
"Painel: qualidade","H7 canal publicações","log_pib_pc",0.0725703369862922,-0.183438696808007,0.319898600653702,0.673333333333333,FALSE,"compatível",116,300,-0.0668634060997057,-0.232087647695925,0.092605334723759,0.333333333333333,FALSE,"compatível",116,300,FALSE,TRUE,TRUE
"Painel: qualidade","H7 canal publicações","alta_tec_export",0.00891314519244304,-0.0106814154220465,0.0297619038805792,0.386666666666667,FALSE,NA,116,300,0.00733427050778667,-0.00417054628323209,0.0169158385258517,0.186666666666667,FALSE,NA,116,300,TRUE,TRUE,NA
"Painel: qualidade","H7 canal publicações","log_comercio",-0.0108882340867662,-0.324603168682128,0.321662340417303,0.82,FALSE,NA,116,300,0.0743803844605295,-0.172808547151614,0.29275059493322,0.693333333333333,FALSE,NA,116,300,FALSE,TRUE,NA
"Painel: qualidade","H5 truncada com efetividade_governo do cache WGI (referência do bloco)","efetividade_governo",-0.224137944494727,-0.74077174367084,0.294871310235015,0.38,FALSE,"sinal contrário",85,NA,-0.388668482919302,-0.708776713459252,0.0264769211647707,0.08,FALSE,"sinal contrário, 5-10%",85,NA,TRUE,TRUE,FALSE
"Painel: qualidade","H5 truncada com qualidade_regulatoria no lugar da efetividade (M2)","qualidade_regulatoria",-0.259617994510965,-0.739708909947969,0.185948976361844,0.246666666666667,FALSE,"sinal contrário",85,NA,-0.372560391323718,-0.72214764381609,0.020532984154916,0.08,FALSE,"sinal contrário, 5-10%",85,NA,TRUE,TRUE,FALSE
"Painel: qualidade","H5 truncada com estado_direito no lugar da efetividade (M2)","estado_direito",-0.141067825782795,-0.637449596584542,0.192342208740553,0.393333333333333,FALSE,"sinal contrário",85,NA,-0.256550548831629,-0.613885499622954,0.072885377380935,0.133333333333333,FALSE,"sinal contrário",85,NA,TRUE,TRUE,TRUE
"Painel: qualidade","H5 truncada com controle_corrupcao no lugar da efetividade (M2)","controle_corrupcao",-0.162959132269839,-0.588266695343565,0.157819424473325,0.313333333333333,FALSE,"sinal contrário",85,NA,-0.276650362683106,-0.53298703904165,0.0146457392030047,0.06,FALSE,"sinal contrário, 5-10%",85,NA,TRUE,TRUE,FALSE
"Painel: qualidade","H5 truncada com indice_wgi no lugar da efetividade (M2)","indice_wgi",-0.202942016569349,-0.704301626709264,0.20536572223567,0.333333333333333,FALSE,"sinal contrário",85,NA,-0.336014666628431,-0.684199268051811,0.031237957744162,0.0666666666666667,FALSE,"sinal contrário, 5-10%",85,NA,TRUE,TRUE,FALSE
"Painel: patentes por inventor","H5 truncada (M2)","efetividade_governo",-0.303397306154467,-0.710200382798058,-0.00162900007627074,0.0533333333333333,TRUE,"sinal contrário, significativo (5%)",154,300,-0.276485665178229,-0.498180857707071,-0.0488253619395825,0.0133333333333333,TRUE,"sinal contrário, significativo (5%)",154,300,TRUE,TRUE,TRUE
"Painel: patentes por inventor","H5 truncada (M2)","alta_tec_export",0.0141145933908413,-0.00698497288829154,0.0330215823700458,0.206666666666667,FALSE,"só o sinal",154,300,0.00432717277558622,-0.00664669203906004,0.0154173403542695,0.353333333333333,FALSE,"só o sinal",154,300,TRUE,TRUE,TRUE
"Painel: patentes por inventor","H5 truncada (M2)","log_comercio",-0.0449729621409385,-0.41589828785061,0.321410047993759,0.893333333333333,FALSE,NA,154,300,0.0961053955299917,-0.182062326488004,0.382292415864637,0.433333333333333,FALSE,NA,154,300,FALSE,TRUE,NA
"Painel: patentes por inventor","H5 truncada (M2)","market_cap",-0.00300161983849978,-0.00561305580396413,0.00681765187167619,0.553333333333333,FALSE,NA,154,300,-0.000611724978405146,-0.00264302098858364,0.00441334881176393,0.693333333333333,FALSE,NA,154,300,TRUE,TRUE,NA
"Painel: patentes por inventor","H5 truncada (M2)","credito_privado",0.00423970136884743,-0.00214746362144558,0.00956080394770525,0.253333333333333,FALSE,NA,154,300,0.00297985017002929,-0.00180750447263162,0.00742269577840383,0.213333333333333,FALSE,NA,154,300,TRUE,TRUE,NA
"Painel: patentes por inventor","H5 truncada sem valores-piso (M2)","efetividade_governo",-0.264533922467915,-0.65886739643262,0.0177865604081755,0.08,FALSE,"sinal contrário, 5-10%",136,300,-0.285000948686604,-0.496721757795065,-0.0967677212794384,0.0133333333333333,TRUE,"sinal contrário, significativo (5%)",136,300,TRUE,FALSE,FALSE
"Painel: patentes por inventor","H5 truncada sem valores-piso (M2)","alta_tec_export",0.017762217333878,-0.00436505303623717,0.0318540690609227,0.173333333333333,FALSE,"só o sinal",136,300,0.0065688521571074,-0.0050411744767188,0.0162360922277033,0.28,FALSE,"só o sinal",136,300,TRUE,TRUE,TRUE
"Painel: patentes por inventor","H5 truncada sem valores-piso (M2)","log_comercio",-0.162646040550361,-0.483460642351022,0.275900866212007,0.493333333333333,FALSE,NA,136,300,0.0735953437205093,-0.15937068588341,0.343253923058989,0.44,FALSE,NA,136,300,FALSE,TRUE,NA
"Painel: patentes por inventor","H5 truncada sem valores-piso (M2)","market_cap",-0.00247058360173984,-0.00485278950882429,0.00629017747463116,0.586666666666667,FALSE,NA,136,300,-0.000389458558298704,-0.00263301574329775,0.00406434186697154,0.82,FALSE,NA,136,300,TRUE,TRUE,NA
"Painel: patentes por inventor","H5 truncada sem valores-piso (M2)","credito_privado",0.00249402153293638,-0.00376112479284651,0.00858970362919876,0.466666666666667,FALSE,NA,136,300,0.00309436380877472,-0.000703562631783465,0.00749672317918607,0.126666666666667,FALSE,NA,136,300,TRUE,TRUE,NA
"Painel: patentes por inventor","H5 truncada com pesquisadores (subamostra)","efetividade_governo",-0.606048439678556,-0.873197139527588,-0.325359043209221,0,TRUE,"sinal contrário, significativo (5%)",180,300,-0.334809641577401,-0.553694846886467,-0.115992987663595,0.00666666666666667,TRUE,"sinal contrário, significativo (5%)",180,300,TRUE,TRUE,TRUE
"Painel: patentes por inventor","H5 truncada com pesquisadores (subamostra)","alta_tec_export",0.0191017477642244,0.00841160304445352,0.0317635237316638,0,TRUE,"significativo (5%)",180,300,0.0085432133456722,-0.00167934241070547,0.0197912403324993,0.12,FALSE,"só o sinal",180,300,TRUE,FALSE,FALSE
"Painel: patentes por inventor","H5 truncada com pesquisadores (subamostra)","log_comercio",-0.220543946730141,-0.570693061206121,0.108284412133654,0.206666666666667,FALSE,NA,180,300,-0.0686861354172677,-0.40114493912649,0.211449505528397,0.613333333333333,FALSE,NA,180,300,TRUE,TRUE,NA
"Painel: patentes por inventor","H5 truncada com pesquisadores (subamostra)","log_pesquisadores",0.290274664822721,0.0143772876852521,0.49732327619147,0.0466666666666667,TRUE,"significativo (5%)",180,300,0.0261489574510244,-0.147920490626794,0.20574503760884,0.773333333333333,FALSE,"só o sinal",180,300,TRUE,FALSE,FALSE
"Painel: patentes por inventor","H5 truncada com talento em IA (média por gênero, subamostra)","efetividade_governo",-0.483146542201018,-0.717535127698825,-0.259029640565327,0,TRUE,"sinal contrário, significativo (5%)",170,300,-0.341596309301408,-0.535499832674936,-0.161886504771512,0,TRUE,"sinal contrário, significativo (5%)",170,300,TRUE,TRUE,TRUE
"Painel: patentes por inventor","H5 truncada com talento em IA (média por gênero, subamostra)","alta_tec_export",0.011178731223341,-0.0072243608364406,0.0241343306830329,0.18,FALSE,"só o sinal",170,300,0.00179741882317221,-0.0180663188760367,0.0201338302517104,0.886666666666667,FALSE,"só o sinal",170,300,TRUE,TRUE,TRUE
"Painel: patentes por inventor","H5 truncada com talento em IA (média por gênero, subamostra)","log_comercio",-0.245409194777644,-0.576140606548149,0.0242610383003642,0.06,FALSE,NA,170,300,-0.0444897240088517,-0.370077322459392,0.178208328357577,0.566666666666667,FALSE,NA,170,300,TRUE,TRUE,NA
"Painel: patentes por inventor","H5 truncada com talento em IA (média por gênero, subamostra)","log_talento",0.574328628169997,0.309697583939761,0.940742804925719,0,TRUE,"significativo (5%)",170,300,0.238386203882684,-0.029526459264518,0.535321983737753,0.0933333333333333,FALSE,"bateu na trave (5-10%)",170,300,TRUE,FALSE,FALSE
"Painel: patentes por inventor","H6 truncada (canal patentes)","market_cap",-0.00003754586831327,-0.0103275231183457,0.0262555735368911,0.98,FALSE,"sinal contrário",141,300,0.00314074824263832,-0.00332145359061791,0.0140597265165065,0.446666666666667,FALSE,"só o sinal",141,300,FALSE,TRUE,FALSE
"Painel: patentes por inventor","H6 truncada (canal patentes)","credito_privado",0.004145407571763,-0.0211057064431758,0.0230232075498543,0.666666666666667,FALSE,"compatível",141,300,-0.00160555607142578,-0.0174533763610164,0.00739369252233507,0.893333333333333,FALSE,"compatível",141,300,FALSE,TRUE,TRUE
"Painel: patentes por inventor","H6 truncada (canal patentes)","npl",-0.0134534982032371,-0.0587302242272867,0.450425672723077,0.84,FALSE,NA,141,300,0.0413327847065813,-0.00202322505776496,0.273186720227219,0.0866666666666667,FALSE,NA,141,300,FALSE,TRUE,NA
"Painel: patentes por inventor","H6 truncada (canal patentes)","efetividade_governo",0.0709228810807985,-1.06907581779944,1.13330829161928,0.946666666666667,FALSE,NA,141,300,-0.0857797009064339,-0.806614201860285,0.849948102212978,0.766666666666667,FALSE,NA,141,300,FALSE,TRUE,NA
"Painel: patentes por inventor","H6 contraste (canal publicações)","market_cap",-0.00392379719619913,-0.00858624747759843,0.00531644950899712,0.553333333333333,FALSE,NA,143,300,-0.00247579419975064,-0.00620570152673645,0.0029495751630605,0.46,FALSE,NA,143,300,TRUE,TRUE,NA
"Painel: patentes por inventor","H6 contraste (canal publicações)","credito_privado",0.010959688011342,0.00303064288354329,0.0197169170811532,0.0133333333333333,TRUE,NA,143,300,0.00687341747829201,0.00143137839339282,0.0146719602039461,0.0133333333333333,TRUE,NA,143,300,TRUE,TRUE,NA
"Painel: patentes por inventor","H6 contraste (canal publicações)","npl",0.0294296885852075,0.0016066616922755,0.222787082681599,0.0333333333333333,TRUE,NA,143,300,0.0233794659889524,0.00296234204640623,0.174900812993755,0,TRUE,NA,143,300,TRUE,TRUE,NA
"Painel: patentes por inventor","H6 contraste (canal publicações)","efetividade_governo",-0.634730853027107,-1.10731752723365,-0.274768071371181,0,TRUE,NA,143,300,-0.473375908329442,-0.976084117391272,-0.156586315270823,0,TRUE,NA,143,300,TRUE,TRUE,NA
"Painel: patentes por inventor","H7 canal patentes","log_pib_pc",-0.0208663253569542,-0.539604676942921,0.432948650253629,0.946666666666667,FALSE,"sinal contrário",215,300,-0.371733323663137,-0.600894695543743,-0.126681306342141,0.00666666666666667,TRUE,"sinal contrário, significativo (5%)",215,300,TRUE,FALSE,FALSE
"Painel: patentes por inventor","H7 canal patentes","alta_tec_export",0.0107694105500879,-0.0122695421964928,0.0616535931131166,0.4,FALSE,NA,215,300,0.00561598568852626,-0.00833338479557867,0.0254899351285666,0.566666666666667,FALSE,NA,215,300,TRUE,TRUE,NA
"Painel: patentes por inventor","H7 canal patentes","log_comercio",-0.025210334547208,-0.796781417018884,0.696225605551146,0.893333333333333,FALSE,NA,215,300,0.208402581187583,-0.305847053979883,0.691797696414696,0.446666666666667,FALSE,NA,215,300,FALSE,TRUE,NA
"Painel: patentes por inventor","H7 canal publicações","log_pib_pc",-0.371646613285038,-0.654583500205186,-0.139669002244395,0.00666666666666667,TRUE,"compatível",217,300,-0.365537255801442,-0.601041936667238,-0.189129681342889,0,TRUE,"compatível",217,300,TRUE,TRUE,TRUE
"Painel: patentes por inventor","H7 canal publicações","alta_tec_export",0.0051234588376917,-0.0129940531898443,0.022278562574045,0.606666666666667,FALSE,NA,217,300,0.00132057244438102,-0.01192971007949,0.0133969501284005,0.82,FALSE,NA,217,300,TRUE,TRUE,NA
"Painel: patentes por inventor","H7 canal publicações","log_comercio",-0.134392827036911,-0.443851566937835,0.182717297194944,0.38,FALSE,NA,217,300,-0.0237394818328887,-0.293428517841662,0.243673543537864,0.66,FALSE,NA,217,300,TRUE,TRUE,NA
"Painel: patentes por inventor","H5 truncada com efetividade_governo do cache WGI (referência do bloco)","efetividade_governo",-0.303397306154467,-0.710200382798058,-0.00162900007627074,0.0533333333333333,TRUE,"sinal contrário, significativo (5%)",154,NA,-0.276485665178229,-0.498180857707071,-0.0488253619395825,0.0133333333333333,TRUE,"sinal contrário, significativo (5%)",154,NA,TRUE,TRUE,TRUE
"Painel: patentes por inventor","H5 truncada com qualidade_regulatoria no lugar da efetividade (M2)","qualidade_regulatoria",-0.351282451781736,-0.63383657218372,-0.0947216401691632,0.00666666666666667,TRUE,"sinal contrário, significativo (5%)",154,NA,-0.310480550272117,-0.508671186438188,-0.120487349271901,0.00666666666666667,TRUE,"sinal contrário, significativo (5%)",154,NA,TRUE,TRUE,TRUE
"Painel: patentes por inventor","H5 truncada com estado_direito no lugar da efetividade (M2)","estado_direito",-0.230320601275306,-0.488748097535963,0.0156711008579692,0.06,FALSE,"sinal contrário, 5-10%",154,NA,-0.218604898527618,-0.431303603910236,-0.0164941693546371,0.0333333333333333,TRUE,"sinal contrário, significativo (5%)",154,NA,TRUE,FALSE,FALSE
"Painel: patentes por inventor","H5 truncada com controle_corrupcao no lugar da efetividade (M2)","controle_corrupcao",-0.32884182611735,-0.609063611736008,-0.108884324715062,0.02,TRUE,"sinal contrário, significativo (5%)",154,NA,-0.250579188488565,-0.410054503570947,-0.0806035212344425,0,TRUE,"sinal contrário, significativo (5%)",154,NA,TRUE,TRUE,TRUE
"Painel: patentes por inventor","H5 truncada com indice_wgi no lugar da efetividade (M2)","indice_wgi",-0.329275471722094,-0.642951945606655,-0.0751735651257409,0.02,TRUE,"sinal contrário, significativo (5%)",154,NA,-0.282393858633016,-0.497389202714878,-0.0664138685975188,0.0133333333333333,TRUE,"sinal contrário, significativo (5%)",154,NA,TRUE,TRUE,TRUE
"Painel: patentes por inventor","Simar-Wilson alg. 2 (Farrell; positivo = menos eficiente)","efetividade_governo",2.86458780413347,0.867514660292081,4.81529830864792,NA,NA,NA,NA,NA,2.504809574156,0.321702188725002,4.16615901096162,NA,NA,NA,NA,NA,NA,NA,NA
"Painel: patentes por inventor","Simar-Wilson alg. 2 (Farrell; positivo = menos eficiente)","alta_tec_export",-0.152990146245334,-0.239613973695652,-0.071888857733672,NA,NA,NA,NA,NA,-0.057540893516112,-0.114881469412558,0.017358254326608,NA,NA,NA,NA,NA,NA,NA,NA
"Painel: patentes por inventor","Simar-Wilson alg. 2 (Farrell; positivo = menos eficiente)","log_comercio",0.208344482254234,-1.32179382888821,1.83672516527551,NA,NA,NA,NA,NA,-1.01766210969952,-2.22972283146705,0.380594664675775,NA,NA,NA,NA,NA,NA,NA,NA
"Painel: patentes por inventor","Simar-Wilson alg. 2 (Farrell; positivo = menos eficiente)","market_cap",0.0257688433304787,0.00981668972453844,0.0431121061111063,NA,NA,NA,NA,NA,0.00448658697661532,-0.00888933838846317,0.0234646815466019,NA,NA,NA,NA,NA,NA,NA,NA
"Painel: patentes por inventor","Simar-Wilson alg. 2 (Farrell; positivo = menos eficiente)","credito_privado",-0.0455450204561968,-0.0783738484681463,-0.0118414141657281,NA,NA,NA,NA,NA,-0.0283673226209768,-0.0538030279056913,0.00737973636169506,NA,NA,NA,NA,NA,NA,NA,NA
"Painel: Preqin","H5 truncada (M2)","efetividade_governo",-1.11949218696831,-1.58211561900011,-0.128353799235374,0.00666666666666667,TRUE,"sinal contrário, significativo (5%)",136,300,-0.560080764227453,-0.966464476810212,-0.0422095273526519,0.00666666666666667,TRUE,"sinal contrário, significativo (5%)",136,300,TRUE,TRUE,TRUE
"Painel: Preqin","H5 truncada (M2)","alta_tec_export",0.0102983798565827,-0.0217423278996591,0.0257904377559148,0.746666666666667,FALSE,"só o sinal",136,300,-0.00492698809138449,-0.0244776624745855,0.00485342678000006,0.526666666666667,FALSE,"sinal contrário",136,300,FALSE,TRUE,FALSE
"Painel: Preqin","H5 truncada (M2)","log_comercio",0.568729547480692,-0.485602021247508,1.13572367500454,0.193333333333333,FALSE,NA,136,300,0.43318016933673,-0.0226791353998158,0.738970517355114,0.0733333333333333,FALSE,NA,136,300,TRUE,TRUE,NA
"Painel: Preqin","H5 truncada (M2)","market_cap",-0.00355258731568971,-0.0078185258118229,0.0111423898592949,0.72,FALSE,NA,136,300,-0.00137854725521702,-0.00469125465835994,0.00208887348109474,0.333333333333333,FALSE,NA,136,300,TRUE,TRUE,NA
"Painel: Preqin","H5 truncada (M2)","credito_privado",0.0183566538733311,-0.00208140024940302,0.0281049638630277,0.0733333333333333,FALSE,NA,136,300,0.00766686586861328,0.000100104764405429,0.0148681090357932,0.0333333333333333,TRUE,NA,136,300,TRUE,FALSE,NA
"Painel: Preqin","H5 truncada sem valores-piso (M2)","efetividade_governo",-1.1138012752562,-1.59651346402751,-0.108133173031566,0.00666666666666667,TRUE,"sinal contrário, significativo (5%)",132,300,-0.556853566305389,-0.974620542433961,-0.0354776839122809,0.00666666666666667,TRUE,"sinal contrário, significativo (5%)",132,300,TRUE,TRUE,TRUE
"Painel: Preqin","H5 truncada sem valores-piso (M2)","alta_tec_export",0.0104150706465734,-0.0226914545507089,0.0268895712235342,0.773333333333333,FALSE,"só o sinal",132,300,-0.00515255670827885,-0.0242543647985709,0.00444915435343324,0.533333333333333,FALSE,"sinal contrário",132,300,FALSE,TRUE,FALSE
"Painel: Preqin","H5 truncada sem valores-piso (M2)","log_comercio",0.584329264256718,-0.510483790606694,1.12995083135477,0.2,FALSE,NA,132,300,0.430977286925343,-0.0132256126833736,0.735766219145419,0.0733333333333333,FALSE,NA,132,300,TRUE,TRUE,NA
"Painel: Preqin","H5 truncada sem valores-piso (M2)","market_cap",-0.00356086769032626,-0.00805893439215385,0.0115562198944558,0.74,FALSE,NA,132,300,-0.00131441284314188,-0.00451484776577876,0.0021710655693774,0.34,FALSE,NA,132,300,TRUE,TRUE,NA
"Painel: Preqin","H5 truncada sem valores-piso (M2)","credito_privado",0.0182072242365692,-0.00218611736960292,0.0282277065109078,0.0733333333333333,FALSE,NA,132,300,0.00766936730099346,0.0000797656526089379,0.0146487111036455,0.04,TRUE,NA,132,300,TRUE,FALSE,NA
"Painel: Preqin","H5 truncada com pesquisadores (subamostra)","efetividade_governo",-0.479602943757046,-0.768430512342769,-0.0208375251370426,0.04,TRUE,"sinal contrário, significativo (5%)",164,300,-0.273809462873712,-0.420204795992382,-0.102826982690975,0.0133333333333333,TRUE,"sinal contrário, significativo (5%)",164,300,TRUE,TRUE,TRUE
"Painel: Preqin","H5 truncada com pesquisadores (subamostra)","alta_tec_export",0.0220791781816882,0.000953865558404692,0.0410282444148818,0.04,TRUE,"significativo (5%)",164,300,0.00562257260314214,-0.0057162254555451,0.014148581004963,0.313333333333333,FALSE,"só o sinal",164,300,TRUE,FALSE,FALSE
"Painel: Preqin","H5 truncada com pesquisadores (subamostra)","log_comercio",-0.129941959022874,-0.641913535081705,0.350987208603187,0.606666666666667,FALSE,NA,164,300,-0.00383525171857521,-0.27959306436176,0.152105655733832,0.92,FALSE,NA,164,300,TRUE,TRUE,NA
"Painel: Preqin","H5 truncada com pesquisadores (subamostra)","log_pesquisadores",0.089364775293696,-0.288165384604858,0.352203161504366,0.606666666666667,FALSE,"só o sinal",164,300,-0.0525159078677551,-0.258083805627678,0.104852272704298,0.646666666666667,FALSE,"sinal contrário",164,300,FALSE,TRUE,FALSE
"Painel: Preqin","H5 truncada com talento em IA (média por gênero, subamostra)","efetividade_governo",-0.36840985047797,-0.837178977353972,0.2920231003626,0.193333333333333,FALSE,"sinal contrário",155,300,-0.2369879203203,-0.44776943211583,0.0138663787676371,0.08,FALSE,"sinal contrário, 5-10%",155,300,TRUE,TRUE,FALSE
"Painel: Preqin","H5 truncada com talento em IA (média por gênero, subamostra)","alta_tec_export",0.0165376544490757,-0.0179754105338078,0.0374945428655436,0.26,FALSE,"só o sinal",155,300,0.00171666974568042,-0.0216068583491172,0.0160773529017702,0.853333333333333,FALSE,"só o sinal",155,300,TRUE,TRUE,TRUE
"Painel: Preqin","H5 truncada com talento em IA (média por gênero, subamostra)","log_comercio",0.181507936715514,-0.556431425840453,0.803671092558143,0.953333333333333,FALSE,NA,155,300,0.180063047124174,-0.220110531282599,0.398480427493165,0.606666666666667,FALSE,NA,155,300,TRUE,TRUE,NA
"Painel: Preqin","H5 truncada com talento em IA (média por gênero, subamostra)","log_talento",-0.288947853513285,-1.09320814395062,0.983397516944184,0.833333333333333,FALSE,"sinal contrário",155,300,-0.352825204196447,-0.64648249296516,0.239430841956233,0.546666666666667,FALSE,"sinal contrário",155,300,TRUE,TRUE,TRUE
"Painel: Preqin","H6 truncada (canal patentes)","market_cap",-0.0077375652192882,-0.0212333891878581,0.0118395496145888,0.506666666666667,FALSE,"sinal contrário",125,300,-0.00422797904687892,-0.0208394637688691,0.00184119208838801,0.22,FALSE,"sinal contrário",125,300,TRUE,TRUE,TRUE
"Painel: Preqin","H6 truncada (canal patentes)","credito_privado",0.0288530325490358,0.0062072146472728,0.0499321451456826,0.02,TRUE,"sinal contrário, significativo (5%)",125,300,-0.0000533156255757414,-0.0114097745483268,0.0232385816110552,0.806666666666667,FALSE,"compatível",125,300,FALSE,FALSE,FALSE
"Painel: Preqin","H6 truncada (canal patentes)","npl",0.0700559716758299,-0.139447493312346,0.419156979731485,0.293333333333333,FALSE,NA,125,300,0.133798637994165,-0.0436342164093158,0.450550320644617,0.233333333333333,FALSE,NA,125,300,TRUE,TRUE,NA
"Painel: Preqin","H6 truncada (canal patentes)","efetividade_governo",-1.71246002629051,-2.96688788868496,-0.324841987977031,0.00666666666666667,TRUE,NA,125,300,-0.624647222581416,-1.82748965900862,0.433800054792441,0.226666666666667,FALSE,NA,125,300,TRUE,FALSE,NA
"Painel: Preqin","H6 contraste (canal publicações)","market_cap",-0.00408218430212403,-0.00867231358641503,0.00516189430804499,0.593333333333333,FALSE,NA,125,300,-0.00228999526395687,-0.00600266029467124,0.00297841075196299,0.56,FALSE,NA,125,300,TRUE,TRUE,NA
"Painel: Preqin","H6 contraste (canal publicações)","credito_privado",0.0177270576555033,0.00666721316938933,0.0301429833096076,0,TRUE,NA,125,300,0.0105092409234419,0.00341512286056285,0.0192447249269243,0,TRUE,NA,125,300,TRUE,TRUE,NA
"Painel: Preqin","H6 contraste (canal publicações)","npl",0.107784921765502,0.0268292364190133,0.272624021317529,0.0133333333333333,TRUE,NA,125,300,0.0751278132700566,0.0187463710068564,0.209148756754443,0.00666666666666667,TRUE,NA,125,300,TRUE,TRUE,NA
"Painel: Preqin","H6 contraste (canal publicações)","efetividade_governo",-0.714017068360209,-1.23218089409107,-0.309353072861903,0,TRUE,NA,125,300,-0.481418625496913,-0.921839537227997,-0.162003153999858,0,TRUE,NA,125,300,TRUE,TRUE,NA
"Painel: Preqin","H7 canal patentes","log_pib_pc",-1.14612211758291,-1.86859633819863,-0.456115822822348,0,TRUE,"sinal contrário, significativo (5%)",194,300,-0.897616436927761,-1.30365024217153,-0.484414742299078,0,TRUE,"sinal contrário, significativo (5%)",194,300,TRUE,TRUE,TRUE
"Painel: Preqin","H7 canal patentes","alta_tec_export",0.0207416827188778,-0.037196264992453,0.0929014384956653,0.386666666666667,FALSE,NA,194,300,-0.0157822048895217,-0.0419927388511517,0.00407233792550113,0.126666666666667,FALSE,NA,194,300,FALSE,TRUE,NA
"Painel: Preqin","H7 canal patentes","log_comercio",-0.552083894178111,-1.95255035058837,0.542035836620775,0.333333333333333,FALSE,NA,194,300,0.563823730044792,0.151792212159646,0.97237761311764,0.00666666666666667,TRUE,NA,194,300,FALSE,FALSE,NA
"Painel: Preqin","H7 canal publicações","log_pib_pc",-0.344397063118854,-0.696407068079921,-0.0342150537667279,0.04,TRUE,"compatível",194,300,-0.300915655078636,-0.574862294978659,-0.0951263354317035,0,TRUE,"compatível",194,300,TRUE,TRUE,TRUE
"Painel: Preqin","H7 canal publicações","alta_tec_export",0.00952171223355319,-0.0148796121981442,0.033557237827183,0.44,FALSE,NA,194,300,0.00352341767474961,-0.0130664081325659,0.017330221455332,0.666666666666667,FALSE,NA,194,300,TRUE,TRUE,NA
"Painel: Preqin","H7 canal publicações","log_comercio",-0.098848441468811,-0.438389256571248,0.378582085977928,0.586666666666667,FALSE,NA,194,300,-0.0184618429551431,-0.295140152031176,0.281852656928618,0.72,FALSE,NA,194,300,TRUE,TRUE,NA
"Painel: Preqin","H5 truncada com efetividade_governo do cache WGI (referência do bloco)","efetividade_governo",-1.11949218696831,-1.58211561900011,-0.128353799235374,0.00666666666666667,TRUE,"sinal contrário, significativo (5%)",136,NA,-0.560080764227453,-0.966464476810212,-0.0422095273526519,0.00666666666666667,TRUE,"sinal contrário, significativo (5%)",136,NA,TRUE,TRUE,TRUE
"Painel: Preqin","H5 truncada com qualidade_regulatoria no lugar da efetividade (M2)","qualidade_regulatoria",-1.04510954965021,-1.65163969355756,-0.146172637689639,0.00666666666666667,TRUE,"sinal contrário, significativo (5%)",136,NA,-0.532702177893159,-1.04997404448865,-0.0519627962402085,0,TRUE,"sinal contrário, significativo (5%)",136,NA,TRUE,TRUE,TRUE
"Painel: Preqin","H5 truncada com estado_direito no lugar da efetividade (M2)","estado_direito",-0.874354725729038,-1.39598581036917,-0.147709926694064,0,TRUE,"sinal contrário, significativo (5%)",136,NA,-0.452738877245077,-0.992614731456352,-0.0371814740959754,0,TRUE,"sinal contrário, significativo (5%)",136,NA,TRUE,TRUE,TRUE
"Painel: Preqin","H5 truncada com controle_corrupcao no lugar da efetividade (M2)","controle_corrupcao",-0.824331362071362,-1.41011773915526,-0.16971493955267,0,TRUE,"sinal contrário, significativo (5%)",136,NA,-0.406995056887738,-0.939939692628475,-0.0424677173833552,0,TRUE,"sinal contrário, significativo (5%)",136,NA,TRUE,TRUE,TRUE
"Painel: Preqin","H5 truncada com indice_wgi no lugar da efetividade (M2)","indice_wgi",-1.01635672697308,-1.61655220679508,-0.156024123479386,0,TRUE,"sinal contrário, significativo (5%)",136,NA,-0.505400077130455,-1.03310591502352,-0.050219131561726,0,TRUE,"sinal contrário, significativo (5%)",136,NA,TRUE,TRUE,TRUE
"Painel: Preqin","Simar-Wilson alg. 2 (Farrell; positivo = menos eficiente)","efetividade_governo",54.221605284836,-12.2331115511058,94.922828522001,NA,NA,NA,NA,NA,8.478198708384,2.15483481026816,13.869334753841,NA,NA,NA,NA,NA,NA,NA,NA
"Painel: Preqin","Simar-Wilson alg. 2 (Farrell; positivo = menos eficiente)","alta_tec_export",-0.449275335421204,-1.02094621725683,0.60132583203434,NA,NA,NA,NA,NA,0.136643538732418,0.0230332243425398,0.237251218666661,NA,NA,NA,NA,NA,NA,NA,NA
"Painel: Preqin","Simar-Wilson alg. 2 (Farrell; positivo = menos eficiente)","log_comercio",-20.7557554734739,-37.0939200040167,4.40707639104332,NA,NA,NA,NA,NA,-7.43194077311485,-11.9911638313192,-1.61725881842551,NA,NA,NA,NA,NA,NA,NA,NA
"Painel: Preqin","Simar-Wilson alg. 2 (Farrell; positivo = menos eficiente)","market_cap",0.235203322130861,-0.0277995748299234,0.43980465546593,NA,NA,NA,NA,NA,0.0241170896462634,-0.00135073284998377,0.0533301481561958,NA,NA,NA,NA,NA,NA,NA,NA
"Painel: Preqin","Simar-Wilson alg. 2 (Farrell; positivo = menos eficiente)","credito_privado",-0.823967271576044,-1.44014059179616,0.114727014602722,NA,NA,NA,NA,NA,-0.0973055922185978,-0.156694252339884,-0.0312112673279332,NA,NA,NA,NA,NA,NA,NA,NA
"Painel: P&D público","H5 truncada (M2)","efetividade_governo",-0.375954719283374,-0.590187878212262,-0.120033681498401,0,TRUE,"sinal contrário, significativo (5%)",128,300,-0.25017784770171,-0.394221090468094,-0.0724432114816927,0.00666666666666667,TRUE,"sinal contrário, significativo (5%)",128,300,TRUE,TRUE,TRUE
"Painel: P&D público","H5 truncada (M2)","alta_tec_export",0.0211576794511637,-0.0126984564567438,0.0327770017928681,0.266666666666667,FALSE,"só o sinal",128,300,0.00491410669780601,-0.0107098269016374,0.0133594254805019,0.48,FALSE,"só o sinal",128,300,TRUE,TRUE,TRUE
"Painel: P&D público","H5 truncada (M2)","log_comercio",0.0045098975256088,-0.267684528883709,0.20589832686689,0.913333333333333,FALSE,NA,128,300,0.124241202964055,-0.133238838063705,0.293570515491208,0.313333333333333,FALSE,NA,128,300,TRUE,TRUE,NA
"Painel: P&D público","H5 truncada (M2)","market_cap",-0.00350401188151987,-0.00512283258586518,0.00678390635095544,0.513333333333333,FALSE,NA,128,300,-0.00170352255428107,-0.00280480722911782,0.00182911377814522,0.426666666666667,FALSE,NA,128,300,TRUE,TRUE,NA
"Painel: P&D público","H5 truncada (M2)","credito_privado",0.00441392594278256,-0.00141158129051709,0.00736965142382667,0.126666666666667,FALSE,NA,128,300,0.00269266273285376,-0.000655921073993427,0.00581382215446571,0.133333333333333,FALSE,NA,128,300,TRUE,TRUE,NA
"Painel: P&D público","H5 truncada sem valores-piso (M2)","efetividade_governo",-0.342122293181433,-0.568550925057704,-0.0697279935208143,0.0133333333333333,TRUE,"sinal contrário, significativo (5%)",113,300,-0.252148289641628,-0.388472956300179,-0.102552038506254,0,TRUE,"sinal contrário, significativo (5%)",113,300,TRUE,TRUE,TRUE
"Painel: P&D público","H5 truncada sem valores-piso (M2)","alta_tec_export",0.016306629921418,-0.0186496272156886,0.028814212511464,0.413333333333333,FALSE,"só o sinal",113,300,0.00650682501290776,-0.00756526491400314,0.0131426293397651,0.326666666666667,FALSE,"só o sinal",113,300,TRUE,TRUE,TRUE
"Painel: P&D público","H5 truncada sem valores-piso (M2)","log_comercio",0.100642390024763,-0.384732103010097,0.295436451739943,0.72,FALSE,NA,113,300,0.141811447855658,-0.111544575260051,0.292906729407086,0.246666666666667,FALSE,NA,113,300,TRUE,TRUE,NA
"Painel: P&D público","H5 truncada sem valores-piso (M2)","market_cap",-0.00335207553999278,-0.00503288283944523,0.00765385475859064,0.586666666666667,FALSE,NA,113,300,-0.00158664305303102,-0.0025956176333284,0.00146187331548315,0.293333333333333,FALSE,NA,113,300,TRUE,TRUE,NA
"Painel: P&D público","H5 truncada sem valores-piso (M2)","credito_privado",0.00484875896467467,-0.00222846062242325,0.00737800198958422,0.226666666666667,FALSE,NA,113,300,0.00320232718220583,0.000642395472714532,0.00588018095225528,0.0266666666666667,TRUE,NA,113,300,TRUE,FALSE,NA
"Painel: P&D público","H5 truncada com pesquisadores (subamostra)","efetividade_governo",-0.560110085100054,-0.81378611903043,-0.312788670586745,0,TRUE,"sinal contrário, significativo (5%)",164,300,-0.363162547928453,-0.545734190167214,-0.200440992342539,0,TRUE,"sinal contrário, significativo (5%)",164,300,TRUE,TRUE,TRUE
"Painel: P&D público","H5 truncada com pesquisadores (subamostra)","alta_tec_export",0.0175787646934481,-0.000862016198993971,0.0264150273551878,0.0733333333333333,FALSE,"bateu na trave (5-10%)",164,300,0.00647622294966331,-0.0083223208205929,0.0154819843611899,0.333333333333333,FALSE,"só o sinal",164,300,TRUE,TRUE,FALSE
"Painel: P&D público","H5 truncada com pesquisadores (subamostra)","log_comercio",-0.0887151203633568,-0.321959250321729,0.15402447914195,0.406666666666667,FALSE,NA,164,300,0.0432159993893643,-0.198790170215944,0.232072898276398,0.84,FALSE,NA,164,300,FALSE,TRUE,NA
"Painel: P&D público","H5 truncada com pesquisadores (subamostra)","log_pesquisadores",0.309957006787296,0.0534069936702359,0.540818955400808,0.02,TRUE,"significativo (5%)",164,300,0.0858902311806855,-0.11862363431599,0.271026683112388,0.286666666666667,FALSE,"só o sinal",164,300,TRUE,FALSE,FALSE
"Painel: P&D público","H5 truncada com talento em IA (média por gênero, subamostra)","efetividade_governo",-0.376739982592402,-0.591463242749854,-0.137132505799641,0.00666666666666667,TRUE,"sinal contrário, significativo (5%)",151,300,-0.295814625147338,-0.399367401144849,-0.157298975758604,0,TRUE,"sinal contrário, significativo (5%)",151,300,TRUE,TRUE,TRUE
"Painel: P&D público","H5 truncada com talento em IA (média por gênero, subamostra)","alta_tec_export",0.0121747351193511,-0.0143820413754607,0.0227318212420416,0.42,FALSE,"só o sinal",151,300,0.00360856863039798,-0.0153778643801137,0.0140951073650609,0.793333333333333,FALSE,"só o sinal",151,300,TRUE,TRUE,TRUE
"Painel: P&D público","H5 truncada com talento em IA (média por gênero, subamostra)","log_comercio",-0.0355141261163548,-0.277044300262775,0.2174892354779,0.533333333333333,FALSE,NA,151,300,0.0761560670358194,-0.153845485128614,0.241542513985634,0.74,FALSE,NA,151,300,FALSE,TRUE,NA
"Painel: P&D público","H5 truncada com talento em IA (média por gênero, subamostra)","log_talento",0.281388736986246,-0.0757984556991075,0.725538034171249,0.12,FALSE,"só o sinal",151,300,0.0382641400248596,-0.140475113086164,0.252445163315473,0.506666666666667,FALSE,"só o sinal",151,300,TRUE,TRUE,TRUE
"Painel: P&D público","H6 truncada (canal patentes)","market_cap",-0.0146428943254705,-0.0253493332224015,0.0216729196391126,0.526666666666667,FALSE,"sinal contrário",117,300,-0.00286911238388513,-0.0177751026143064,-0.000229859195967184,0.0333333333333333,TRUE,"sinal contrário, significativo (5%)",117,300,TRUE,FALSE,FALSE
"Painel: P&D público","H6 truncada (canal patentes)","credito_privado",0.0331355377267747,0.00346063932958489,0.0551287988829409,0.0333333333333333,TRUE,"sinal contrário, significativo (5%)",117,300,-0.0018717300983662,-0.00862082344579548,0.00936321528245832,0.666666666666667,FALSE,"compatível",117,300,FALSE,FALSE,FALSE
"Painel: P&D público","H6 truncada (canal patentes)","npl",-0.0650447932136082,-0.136734527340481,0.443555010963518,0.433333333333333,FALSE,NA,117,300,0.0112878790412635,-0.123028240214239,0.0434664811340421,0.566666666666667,FALSE,NA,117,300,FALSE,TRUE,NA
"Painel: P&D público","H6 truncada (canal patentes)","efetividade_governo",-1.90062665671303,-3.88869236522363,-0.5442319079429,0.00666666666666667,TRUE,NA,117,300,-0.359332355805976,-0.846710616165561,0.192012914525139,0.153333333333333,FALSE,NA,117,300,TRUE,FALSE,NA
"Painel: P&D público","H6 contraste (canal publicações)","market_cap",-0.00379651538850665,-0.00695326379838912,0.00671874803284467,0.54,FALSE,NA,117,300,-0.00165224769739437,-0.00325126761485958,0.00353655859010113,0.546666666666667,FALSE,NA,117,300,TRUE,TRUE,NA
"Painel: P&D público","H6 contraste (canal publicações)","credito_privado",0.00679158897036858,-0.000496308039079961,0.0128050890821291,0.0733333333333333,FALSE,NA,117,300,0.00237849761348739,-0.000759016480589712,0.00541331751046478,0.133333333333333,FALSE,NA,117,300,TRUE,TRUE,NA
"Painel: P&D público","H6 contraste (canal publicações)","npl",0.00875996153898322,-0.00517163662208258,0.151199409109523,0.226666666666667,FALSE,NA,117,300,0.00399422796375599,-0.00226510856090499,0.0625343715325603,0.173333333333333,FALSE,NA,117,300,TRUE,TRUE,NA
"Painel: P&D público","H6 contraste (canal publicações)","efetividade_governo",-0.293753084783894,-0.714135442539699,0.146261386745798,0.153333333333333,FALSE,NA,117,300,-0.128484199711479,-0.311163004807324,0.0477330072519685,0.16,FALSE,NA,117,300,TRUE,TRUE,NA
"Painel: P&D público","H7 canal patentes","log_pib_pc",-1.12123315515987,-2.21785495488546,-0.0994610606029526,0.0466666666666667,TRUE,"sinal contrário, significativo (5%)",183,300,-0.953775534875206,-1.51313909104541,-0.554894043908788,0,TRUE,"sinal contrário, significativo (5%)",183,300,TRUE,TRUE,TRUE
"Painel: P&D público","H7 canal patentes","alta_tec_export",0.0492828822818058,-0.052201299309577,0.134918625765696,0.26,FALSE,NA,183,300,-0.00606732768182671,-0.0484810704074654,0.0286018348988055,0.72,FALSE,NA,183,300,FALSE,TRUE,NA
"Painel: P&D público","H7 canal patentes","log_comercio",-0.957805296134101,-2.3828188803752,0.358233872710924,0.186666666666667,FALSE,NA,183,300,0.408253338295093,-0.132627702904572,0.973545069676496,0.193333333333333,FALSE,NA,183,300,FALSE,TRUE,NA
"Painel: P&D público","H7 canal publicações","log_pib_pc",-0.211043448199204,-0.438959161713491,-0.000762958142627902,0.0466666666666667,TRUE,"compatível",183,300,-0.168041827602444,-0.302799057213303,-0.047880484006793,0.00666666666666667,TRUE,"compatível",183,300,TRUE,TRUE,TRUE
"Painel: P&D público","H7 canal publicações","alta_tec_export",0.019633963933656,-0.00581409127421117,0.0325365319651485,0.106666666666667,FALSE,NA,183,300,0.00795647775953486,-0.00708239945639299,0.0141546645135856,0.213333333333333,FALSE,NA,183,300,TRUE,TRUE,NA
"Painel: P&D público","H7 canal publicações","log_comercio",-0.0898743208855541,-0.303831168019388,0.197082767861378,0.513333333333333,FALSE,NA,183,300,-0.00916464028571314,-0.158297203672427,0.111878293934622,0.74,FALSE,NA,183,300,TRUE,TRUE,NA
"Painel: P&D público","H5 truncada com efetividade_governo do cache WGI (referência do bloco)","efetividade_governo",-0.375954719283374,-0.590187878212262,-0.120033681498401,0,TRUE,"sinal contrário, significativo (5%)",128,NA,-0.25017784770171,-0.394221090468094,-0.0724432114816927,0.00666666666666667,TRUE,"sinal contrário, significativo (5%)",128,NA,TRUE,TRUE,TRUE
"Painel: P&D público","H5 truncada com qualidade_regulatoria no lugar da efetividade (M2)","qualidade_regulatoria",-0.320477370515574,-0.558579448365764,-0.0588225076972576,0.0133333333333333,TRUE,"sinal contrário, significativo (5%)",128,NA,-0.241796507086088,-0.401835044454716,-0.0982855561702297,0,TRUE,"sinal contrário, significativo (5%)",128,NA,TRUE,TRUE,TRUE
"Painel: P&D público","H5 truncada com estado_direito no lugar da efetividade (M2)","estado_direito",-0.246549526896549,-0.456483220821933,-0.00506080448497738,0.0466666666666667,TRUE,"sinal contrário, significativo (5%)",128,NA,-0.179640083575082,-0.355018335355423,-0.026134778540734,0.0133333333333333,TRUE,"sinal contrário, significativo (5%)",128,NA,TRUE,TRUE,TRUE
"Painel: P&D público","H5 truncada com controle_corrupcao no lugar da efetividade (M2)","controle_corrupcao",-0.259571921240377,-0.440795235500536,-0.0324540165007078,0.0266666666666667,TRUE,"sinal contrário, significativo (5%)",128,NA,-0.19070487340476,-0.29112755464162,-0.0787153667375642,0.00666666666666667,TRUE,"sinal contrário, significativo (5%)",128,NA,TRUE,TRUE,TRUE
"Painel: P&D público","H5 truncada com indice_wgi no lugar da efetividade (M2)","indice_wgi",-0.31817662183014,-0.549519867349096,-0.0747637228902192,0.02,TRUE,"sinal contrário, significativo (5%)",128,NA,-0.227820602186062,-0.367371526474462,-0.0840155646337507,0.00666666666666667,TRUE,"sinal contrário, significativo (5%)",128,NA,TRUE,TRUE,TRUE
"Painel: P&D público","Simar-Wilson alg. 2 (Farrell; positivo = menos eficiente)","efetividade_governo",2.76805552210366,1.24794562506057,4.18661491893273,NA,NA,NA,NA,NA,1.2093929163495,0.65311866718884,1.78304248229023,NA,NA,NA,NA,NA,NA,NA,NA
"Painel: P&D público","Simar-Wilson alg. 2 (Farrell; positivo = menos eficiente)","alta_tec_export",-0.176309167357655,-0.260284219009374,-0.0942134875870253,NA,NA,NA,NA,NA,-0.0147733182834672,-0.0351922243867957,0.0084591640422044,NA,NA,NA,NA,NA,NA,NA,NA
"Painel: P&D público","Simar-Wilson alg. 2 (Farrell; positivo = menos eficiente)","log_comercio",-0.366457189397727,-1.15289810732612,0.633494046508022,NA,NA,NA,NA,NA,-0.66162071262635,-1.09402076975088,-0.202236679013923,NA,NA,NA,NA,NA,NA,NA,NA
"Painel: P&D público","Simar-Wilson alg. 2 (Farrell; positivo = menos eficiente)","market_cap",0.0208198187398509,0.0102050374431866,0.03165728374768,NA,NA,NA,NA,NA,0.00756974603669885,0.00359813371189323,0.011958489690193,NA,NA,NA,NA,NA,NA,NA,NA
"Painel: P&D público","Simar-Wilson alg. 2 (Farrell; positivo = menos eficiente)","credito_privado",-0.0330685532366013,-0.052846752497678,-0.0115163298158867,NA,NA,NA,NA,NA,-0.00985248666227572,-0.0172903960119102,-0.00287388823514325,NA,NA,NA,NA,NA,NA,NA,NA
