"ano","n","media_vrs","eficientes_vrs","media_crs","media_se","drs","irs","crs","modelo"
2017,35,0.442252545879174,6,0.160903966346327,0.296743904527376,31,0,4,"M1"
2018,37,0.460565100504009,5,0.213638682979623,0.407697974310484,27,7,3,"M1"
2019,37,0.509246475835079,8,0.155462194719997,0.198311189102004,33,2,2,"M1"
2020,36,0.511054012153266,9,0.281471866189548,0.38230638715854,29,4,3,"M1"
2021,39,0.470125290154459,7,0.228904285014273,0.347287817132964,36,0,3,"M1"
2017,35,0.629259955972105,8,0.361140728435585,0.554504968036187,27,2,6,"M2"
2018,37,0.683230662224117,8,0.427185102982422,0.586553306721089,30,1,6,"M2"
2019,37,0.676757737810083,10,0.339614248922782,0.482927097895165,30,4,3,"M2"
2020,36,0.690203600250933,11,0.389580469156283,0.510818659879023,28,4,4,"M2"
2021,39,0.675159236791192,10,0.391986718672349,0.544228695052095,33,0,6,"M2"
