"id","pais","ano","grupo_renda","n_dmu","f_crs","f_vrs","f_nirs","escore_crs","escore_vrs","eficiencia_escala","rts","folga_insumos_vrs","folga_produtos_vrs"
"AUS-2017","Australia",2017,"Alta renda",36,2.3379605784035,1.68408428106312,1.68408428106315,0.427723208525124,0.593794509719385,0.720321932123046,"DRS",0,0
"AUT-2017","Austria",2017,"Alta renda",36,5.07328501133088,3.11663587631352,3.11663587631352,0.197110944440645,0.320858784819881,0.614323041057757,"DRS",0,0
"BEL-2017","Belgium",2017,"Alta renda",36,6.29174826212866,3.70191010988883,3.70191010988883,0.158938336109092,0.270130816339576,0.588375433291156,"DRS",0,49.0225151880544
"BRA-2017","Brazil",2017,"Renda média-alta",36,3.07552057557417,1.80011797807906,1.80011797807906,0.325148206759536,0.555519144954666,0.585305132528008,"DRS",0,0
"CAN-2017","Canada",2017,"Alta renda",36,2.36112572815609,2.35834972670615,2.36112572815717,0.423526789816883,0.424025321043744,0.998824289017378,"IRS",0,0
"CHE-2017","Switzerland",2017,"Alta renda",36,9.63686827361346,6.78791736366627,6.78791736366627,0.103768150773429,0.147320591342598,0.7043696324305,"DRS",5250.6390636948,220.311920374915
"CHL-2017","Chile",2017,"Alta renda",36,2.40179282950844,2.33354040565366,2.33354040565366,0.416355643881518,0.428533398254951,0.971582718119469,"DRS",0,0.651855886515484
"CHN-2017","China",2017,"Renda média-alta",36,1,1,1,1,1,1,"CRS",0,0
"COL-2017","Colombia",2017,"Renda média-alta",36,1,1,1,1,1,1,"CRS",0,0
"CZE-2017","Czechia",2017,"Alta renda",36,1.03601966262808,1,1.03601966262808,0.96523264574274,1,0.96523264574274,"IRS",0,0
"DEU-2017","Germany",2017,"Alta renda",36,4.29111314707608,1.41900422590716,1.41900422590756,0.233039765143781,0.704719536237256,0.330684411543437,"DRS",57843.8089419152,0
"DNK-2017","Denmark",2017,"Alta renda",36,5.22322895339331,4.38105256887424,4.38105256887424,0.191452453821758,0.228255649590838,0.838763264633089,"DRS",0,0
"ESP-2017","Spain",2017,"Alta renda",36,1.88708873429478,1.27890276245026,1.27890276245026,0.529916787603371,0.781920275224122,0.67771204353472,"DRS",0,0
"FIN-2017","Finland",2017,"Alta renda",36,4.68495991809543,4.41516070965661,4.41516070965661,0.21344899795995,0.226492321743318,0.942411629308346,"DRS",0,0
"FRA-2017","France",2017,"Alta renda",36,4.50969840225673,1.55596778863313,1.55596778863313,0.221744318755237,0.642686826363203,0.345027017295547,"DRS",34305.9215478273,0
"GBR-2017","United Kingdom",2017,"Alta renda",36,4.7640771809813,1.65269138937411,1.6526913893752,0.209904240005201,0.605073643167411,0.346906930049712,"DRS",47900.6248326222,219.818483896415
"HUN-2017","Hungary",2017,"Alta renda",36,2.19022472708238,2.14079062330161,2.14079062330161,0.456574153161036,0.467117143131803,0.977429665929018,"DRS",0,0
"IND-2017","India",2017,"Renda média-baixa",36,1,1,1,1,1,1,"CRS",0,0
"ISR-2017","Israel",2017,"Alta renda",36,12.895800259197,12.8693138488232,12.895800259197,0.0775446253742045,0.0777042204228658,0.997946121230059,"IRS",200.107802842671,0
"ITA-2017","Italy",2017,"Alta renda",36,1.46913397503404,1,1,0.680673115586229,1,0.680673115586229,"DRS",0,0
"JPN-2017","Japan",2017,"Alta renda",36,1.8436350295847,1,1,0.542406704121511,1,0.542406704121511,"DRS",0,0
"KOR-2017","South Korea",2017,"Alta renda",36,1,1,1,1,1,1,"CRS",0,0
"LUX-2017","Luxembourg",2017,"Alta renda",36,2.56941234171354,1,2.56941234171354,0.38919405179361,1,0.38919405179361,"IRS",0,0
"MEX-2017","Mexico",2017,"Renda média-alta",36,1.28798133932685,1.22241719733744,1.28798133932685,0.776408764215979,0.818051318468125,0.94909542554112,"IRS",0,0
"MYS-2017","Malaysia",2017,"Renda média-alta",36,1.1354178490036,1.07626238610036,1.07626238610036,0.880733027825446,0.929141455573222,0.947899830044812,"DRS",0,0
"NLD-2017","Netherlands",2017,"Alta renda",36,5.02414229013882,2.67043214852076,2.67043214852076,0.199038948789878,0.374471225772927,0.531520007656267,"DRS",0,63.760908522999
"NOR-2017","Norway",2017,"Alta renda",36,3.8895943985287,3.39939883109435,3.39939883109435,0.257096215579256,0.294169660486138,0.873972574718903,"DRS",0,17.9313780371453
"NZL-2017","New Zealand",2017,"Alta renda",36,1.83475725461328,1.753529107875,1.753529107875,0.545031228237752,0.570278528887291,0.955728123415761,"DRS",0,0
"POL-2017","Poland",2017,"Alta renda",36,1,1,1,1,1,1,"CRS",0,0
"PRT-2017","Portugal",2017,"Alta renda",36,1.64024607887362,1.6377438531634,1.64024607887362,0.609664618547182,0.610596094174579,0.99847448151686,"IRS",0.451081382853035,20.1258013472981
"RUS-2017","Russia",2017,"Alta renda",36,1,1,1,1,1,1,"CRS",0,0
"SGP-2017","Singapore",2017,"Alta renda",36,1.74851271723586,1.70076514124409,1.74851271723586,0.571914627867766,0.587970658469936,0.97269246284508,"IRS",0,0
"SWE-2017","Sweden",2017,"Alta renda",36,7.64238060829563,4.28480807460643,4.28480807460643,0.130849279989343,0.233382681928374,0.560664051454774,"DRS",0,12.9639247059827
"TUR-2017","Turkey",2017,"Renda média-alta",36,1,1,1,1,1,1,"CRS",0,0
"USA-2017","United States",2017,"Alta renda",36,2.52753991902116,1.12391589457207,1.12391589457207,0.395641624677987,0.889746292253256,0.444667910529907,"DRS",281607.793073791,4209.95367433421
"ZAF-2017","South Africa",2017,"Renda média-alta",36,2.26055395516925,1,2.26055395516925,0.442369445645517,1,0.442369445645517,"IRS",0,0
"ARG-2018","Argentina",2018,"Renda média-alta",37,5.60161595226206,5.39149311470197,5.60161595226142,0.178519914346534,0.18547737680924,0.962488889036522,"IRS",0,0
"AUS-2018","Australia",2018,"Alta renda",37,1.93239232433336,1.50565179962339,1.50565179962339,0.51749325817933,0.664164184740544,0.779164655470679,"DRS",0,0
"AUT-2018","Austria",2018,"Alta renda",37,5.76109653219052,4.25964518333453,4.25964518333453,0.173578067024642,0.234761337379087,0.739380977134035,"DRS",0,23.6807556795163
"BEL-2018","Belgium",2018,"Alta renda",37,5.32864864837416,3.96476222242107,3.96476222242107,0.187664840748154,0.252221935112505,0.744046471074946,"DRS",0,48.4866608964242
"BRA-2018","Brazil",2018,"Renda média-alta",37,2.40531918233178,1.60217645098214,1.60217645098251,0.415745239694373,0.624150978743318,0.66609723264625,"DRS",0,0
"CAN-2018","Canada",2018,"Alta renda",37,2.1597162855052,2.15257837144776,2.1597162855052,0.463023780813914,0.464559159965651,0.996694976045999,"IRS",0,0
"CHE-2018","Switzerland",2018,"Alta renda",37,7.20907613238355,5.39651297004854,5.39651297004854,0.138714029597766,0.185304845100929,0.748572059852041,"DRS",1732.97146234546,149.747281453074
"CHL-2018","Chile",2018,"Alta renda",37,2.3596981528709,1,2.3596981528709,0.423783015968955,1,0.423783015968955,"IRS",0,0
"CHN-2018","China",2018,"Renda média-alta",37,1,1,1,1,1,1,"CRS",0,0
"CZE-2018","Czechia",2018,"Alta renda",37,1,1,1,1,1,1,"CRS",0,0
"DEU-2018","Germany",2018,"Alta renda",37,4.37118146361207,1.74799709357555,1.74799709357594,0.228771101891904,0.572083331073786,0.399891221201125,"DRS",57460.5889713984,0
"DNK-2018","Denmark",2018,"Alta renda",37,3.78355042858424,3.16517604021437,3.16517604021437,0.26430201443732,0.315938193419496,0.836562403477396,"DRS",0,0
"ESP-2018","Spain",2018,"Alta renda",37,1.70682486957509,1.33792746171373,1.33792746171373,0.585883190376146,0.74742467631176,0.783869209760699,"DRS",0,0
"FIN-2018","Finland",2018,"Alta renda",37,3.94739423498732,3.93656520039765,3.93656520039765,0.253331676663203,0.254028562742714,0.997256662510755,"DRS",0,0
"FRA-2018","France",2018,"Alta renda",37,4.33531539054507,2.19155885042597,2.19155885042597,0.23066372568439,0.456296211167512,0.505513129495853,"DRS",32125.4575226228,0
"GBR-2018","United Kingdom",2018,"Alta renda",37,5.51259138324265,1.82950478788409,1.82950478788496,0.181402888492666,0.546596000525666,0.331877453033336,"DRS",43809.220503619,923.698735696211
"HUN-2018","Hungary",2018,"Alta renda",37,1.56332211851097,1,1.56332211851097,0.639663437342316,1,0.639663437342316,"IRS",0,0
"IND-2018","India",2018,"Renda média-baixa",37,1,1,1,1,1,1,"CRS",0,0
"IRL-2018","Ireland",2018,"Alta renda",37,4.58673853440617,4.39073978672883,4.58673853440617,0.218019839696284,0.227752052859642,0.957268384450714,"IRS",0,38.2269205589775
"ISR-2018","Israel",2018,"Alta renda",37,15.0786585437545,15.051453592257,15.0786585437545,0.0663188968102334,0.0664387657890022,0.99819579762891,"IRS",586.007038306288,0
"ITA-2018","Italy",2018,"Alta renda",37,2.15581742162631,1,1,0.463861173941909,1,0.463861173941909,"DRS",0,0
"JPN-2018","Japan",2018,"Alta renda",37,1.27852998366074,1,1,0.782148258374638,1,0.782148258374638,"DRS",0,0
"KOR-2018","South Korea",2018,"Alta renda",37,1,1,1,1,1,1,"CRS",0,0
"LUX-2018","Luxembourg",2018,"Alta renda",37,2.06851250765362,1,2.06851250765294,0.483439184583096,1,0.483439184583096,"IRS",0,0
"MEX-2018","Mexico",2018,"Renda média-alta",37,1,1,1,1,1,1,"CRS",0,0
"MYS-2018","Malaysia",2018,"Renda média-alta",37,1,1,1,1,1,1,"CRS",0,0
"NLD-2018","Netherlands",2018,"Alta renda",37,3.83009042521139,2.55946688009869,2.55946688009869,0.261090441473012,0.390706364585362,0.668252337660522,"DRS",0,58.6616937137112
"NOR-2018","Norway",2018,"Alta renda",37,5.12884359680361,4.15773673585253,4.15773673585253,0.194975725253782,0.240515468758979,0.81065773548714,"DRS",0,27.6597653515622
"NZL-2018","New Zealand",2018,"Alta renda",37,2.12391686683063,1.94237476593923,2.12391686683063,0.470828221018005,0.514833706417335,0.914524855597434,"IRS",0,0
"POL-2018","Poland",2018,"Alta renda",37,1,1,1,1,1,1,"CRS",0,0
"PRT-2018","Portugal",2018,"Alta renda",37,1.48845255314028,1.34390324110937,1.48845255314028,0.671838680977932,0.744101189289873,0.902886180868889,"IRS",0,10.6035186604889
"RUS-2018","Russia",2018,"Alta renda",37,1,1,1,1,1,1,"CRS",0,0
"SGP-2018","Singapore",2018,"Alta renda",37,1.50359395236365,1.42783892853311,1.50359395236365,0.665073172466542,0.700359109152004,0.949617365970742,"IRS",0,0
"SWE-2018","Sweden",2018,"Alta renda",37,6.54285212240553,4.61637559123739,4.61637559123739,0.152838545223355,0.216620155842206,0.705560129569326,"DRS",0,0
"TUR-2018","Turkey",2018,"Renda média-alta",37,1.60567683793729,1.16523759823091,1.16523759823086,0.622790325159472,0.858194072623661,0.725698702690272,"DRS",0,111.493913391699
"USA-2018","United States",2018,"Alta renda",37,3.02597648112185,1.22096811037354,1.22096811037354,0.33047183487337,0.819022209920013,0.403495571757016,"DRS",290570.479470944,11223.3519423789
"ZAF-2018","South Africa",2018,"Renda média-alta",37,3.82246418282488,3.52328282594965,3.82246418282488,0.261611346024695,0.283826206807699,0.921730762522377,"IRS",0,0
"ARG-2019","Argentina",2019,"Renda média-alta",39,5.22470182739456,4.92552217959994,5.22470182739765,0.191398482255336,0.203024159375772,0.942737469490424,"IRS",0,0
"AUS-2019","Australia",2019,"Alta renda",39,2.77055149594098,1.06906474129557,1.06906474129557,0.36093896881724,0.935397045073368,0.385867125322092,"DRS",0,0
"AUT-2019","Austria",2019,"Alta renda",39,7.35441334137976,2.80386541394113,2.80386541394113,0.13597277628842,0.356650499352746,0.381249364672655,"DRS",0,133.490045604033
"BEL-2019","Belgium",2019,"Alta renda",39,11.3519471443181,2.9516921545596,2.9516921545596,0.0880906145251498,0.338788717670052,0.260016375784219,"DRS",0,137.969700789181
"BRA-2019","Brazil",2019,"Renda média-alta",39,3.49772071472113,1.33872417629886,1.33872417629886,0.285900471067122,0.746979861650571,0.38274187263279,"DRS",0,0
"CAN-2019","Canada",2019,"Alta renda",39,2.9071543126772,1.0965178651728,1.09651786517292,0.343978988538486,0.911977845287918,0.377179106176521,"DRS",0,911.609729979874
"CHE-2019","Switzerland",2019,"Alta renda",39,11.4291653246329,2.32717180613201,2.32717180613201,0.0874954532195573,0.429706134014274,0.203616951897296,"DRS",0,527.791087347312
"CHL-2019","Chile",2019,"Alta renda",39,3.01962220433532,1.15807990209292,3.01962220433532,0.331167256143595,0.863498276926117,0.383518143571154,"IRS",0,0.472443200082752
"CHN-2019","China",2019,"Renda média-alta",39,1,1,1,1,1,1,"CRS",0,0
"COL-2019","Colombia",2019,"Renda média-alta",39,1.53700493652774,1,1.53700493652774,0.650615997538114,1,0.650615997538114,"IRS",0,0
"CZE-2019","Czechia",2019,"Alta renda",39,4.20110303998221,2.12784588314553,2.12784588314553,0.238032723902015,0.46995884801663,0.506496951608818,"DRS",0,37.401704735289
"DEU-2019","Germany",2019,"Alta renda",39,6.02893042737467,1,1,0.165866899949525,1,0.165866899949525,"DRS",0,0
"DNK-2019","Denmark",2019,"Alta renda",39,8.05085118608333,3.17203187186956,3.17203187186956,0.124210468792244,0.315255344332531,0.393999565828855,"DRS",0,0
"ESP-2019","Spain",2019,"Alta renda",39,3.16725268485361,1,1,0.31573104501014,1,0.31573104501014,"DRS",0,0
"FIN-2019","Finland",2019,"Alta renda",39,5.82547957727842,2.71126573034946,2.71126573034946,0.171659686852286,0.368831423938334,0.465415026245123,"DRS",0,41.7040640314382
"FRA-2019","France",2019,"Alta renda",39,7.11787188246266,1.04573153244728,1.04573153244739,0.140491430094976,0.956268381483859,0.14691631848893,"DRS",0,67.818292584037
"GBR-2019","United Kingdom",2019,"Alta renda",39,7.43408792760581,1,1,0.134515492651976,1,0.134515492651976,"DRS",0,0
"HUN-2019","Hungary",2019,"Alta renda",39,3.76560126210894,2.7959681817742,2.7959681817742,0.265561840033999,0.35765786124413,0.742502455028472,"DRS",26.2410438314965,0
"ISR-2019","Israel",2019,"Alta renda",39,15.5585195764988,4.12948336792457,4.12948336792457,0.0642734673490726,0.242161043138573,0.265416214416838,"DRS",0,1460.06376845895
"ITA-2019","Italy",2019,"Alta renda",39,4.66237606099392,1,1,0.214482913200876,1,0.214482913200876,"DRS",0,0
"JPN-2019","Japan",2019,"Alta renda",39,1.95442478699785,1,1,0.51165949524007,1,0.51165949524007,"DRS",0,0
"KOR-2019","South Korea",2019,"Alta renda",39,1,1,1,1,1,1,"CRS",0,0
"MEX-2019","Mexico",2019,"Renda média-alta",39,1.87796891202938,1.48382117668476,1.48382117668508,0.532490177869544,0.673935657283353,0.790120202299463,"DRS",0,0
"MYS-2019","Malaysia",2019,"Renda média-alta",39,1.61664544982668,1,1,0.618564818963373,1,0.618564818963373,"DRS",0,0
"NLD-2019","Netherlands",2019,"Alta renda",39,6.61031474961406,1.59876129596435,1.59876129596435,0.151278726940859,0.625484243660536,0.241858573535805,"DRS",0,228.579165728657
"NOR-2019","Norway",2019,"Alta renda",39,9.39464964787757,3.12641795660198,3.12641795660198,0.106443564952517,0.319854867097448,0.332787072832279,"DRS",0,63.5165080566378
"NZL-2019","New Zealand",2019,"Alta renda",39,3.95816500855815,2.72318292397383,2.72318292397383,0.252642322348323,0.367217343791485,0.687991258092046,"DRS",6.82158785937402,0
"PHL-2019","Philippines",2019,"Renda média-alta",39,1.34509832441731,1,1.34509832441766,0.743440075604284,1,0.743440075604284,"IRS",0,0
"POL-2019","Poland",2019,"Alta renda",39,1.02877346431693,1.01354917273373,1.01354917273373,0.972031292296181,0.986631953240924,0.98520151217809,"DRS",0,1.32688140672265
"PRT-2019","Portugal",2019,"Alta renda",39,2.1079783375286,1.32845698963363,1.32845698963363,0.474388176669976,0.752753011804909,0.630204289096784,"DRS",385.8698795753,6.59674040745484
"ROU-2019","Romania",2019,"Alta renda",39,1,1,1,1,1,1,"CRS",0,0
"RUS-2019","Russia",2019,"Alta renda",39,1,1,1,1,1,1,"CRS",0,0
"SAU-2019","Saudi Arabia",2019,"Alta renda",39,2.40890154466355,1.41660214153446,1.41660214153446,0.415126970305325,0.705914505336551,0.588069755143238,"DRS",6.07105034034576,24.5721288613192
"SGP-2019","Singapore",2019,"Alta renda",39,2.09652831816076,1.12291690772585,1.12291690772581,0.476979009220959,0.890537842221306,0.535607794084539,"DRS",309.135118835877,288.565962093082
"SVN-2019","Slovenia",2019,"Alta renda",39,3.56817688020821,1,3.56817688020821,0.280255164912578,1,0.280255164912578,"IRS",0,0
"SWE-2019","Sweden",2019,"Alta renda",39,12.331493380924,2.99313391781219,2.99313391781219,0.0810931789937897,0.334097981399691,0.242722744549527,"DRS",0,97.8440778440629
"TUR-2019","Turkey",2019,"Renda média-alta",39,1,1,1,1,1,1,"CRS",0,0
"USA-2019","United States",2019,"Alta renda",39,4.43846348828562,1.34695843655381,1.34695843732069,0.225303193918185,0.742413405537959,0.303474037830619,"DRS",310036.134602801,25873.9814203092
"ZAF-2019","South Africa",2019,"Renda média-alta",39,5.39217508675566,3.66462414251978,3.66462414251978,0.18545391867119,0.27287928068727,0.679618907687342,"DRS",77.9112534544215,0
"ARG-2020","Argentina",2020,"Renda média-alta",39,5.08295394405403,3.97584295098004,3.97584295097994,0.196735994661094,0.251518989137512,0.782191417577357,"DRS",0,0
"AUS-2020","Australia",2020,"Alta renda",39,2.71602048596654,1.08392887188685,1.08392887188673,0.368185735404766,0.922569760743851,0.399087148822116,"DRS",0,616.640579448404
"AUT-2020","Austria",2020,"Alta renda",39,6.88011941488506,2.73037500299077,2.73037500299077,0.145346314460257,0.366250056825392,0.39684994377912,"DRS",0,99.3240026594724
"BEL-2020","Belgium",2020,"Alta renda",39,10.3405604412219,2.7780049761289,2.7780049761289,0.0967065572203971,0.359970557501837,0.268651297182558,"DRS",0,138.404853437878
"BGR-2020","Bulgaria",2020,"Alta renda",39,1,1,1,1,1,1,"CRS",0,0
"BRA-2020","Brazil",2020,"Renda média-alta",39,4.78529409846665,1.38447895187398,1.38447895187398,0.208973571827159,0.722293393226698,0.289319511692627,"DRS",0,72.1707797100862
"CAN-2020","Canada",2020,"Alta renda",39,3.28582238991653,1,1,0.304337812983678,1,0.304337812983678,"DRS",0,0
"CHE-2020","Switzerland",2020,"Alta renda",39,11.181303979388,2.2543423862387,2.2543423862387,0.0894350070298985,0.443588341373676,0.201617127161056,"DRS",0,1433.9491950525
"CHN-2020","China",2020,"Renda média-alta",39,1,1,1,1,1,1,"CRS",0,0
"CZE-2020","Czechia",2020,"Alta renda",39,2.3020197044345,1.82085292249329,1.82085292249329,0.434401146990031,0.54919317625649,0.790980598031233,"DRS",0,2.76675687100717
"DEU-2020","Germany",2020,"Alta renda",39,6.95063850470935,1.09027967715038,1.09027967715038,0.14387167442566,0.917195854382668,0.156860362743893,"DRS",0,5291.48778342464
"DNK-2020","Denmark",2020,"Alta renda",39,7.78983714486906,2.75093408448542,2.75093408448542,0.128372388459837,0.363512890272344,0.353143978920969,"DRS",0,26.9954766321978
"ESP-2020","Spain",2020,"Alta renda",39,3.78562906893387,1,1,0.264156889592362,1,0.264156889592362,"DRS",0,0
"FIN-2020","Finland",2020,"Alta renda",39,6.56494828052991,2.55608553575262,2.55608553575261,0.152324124618889,0.391223214564907,0.389353491684521,"DRS",0,39.2860902399874
"FRA-2020","France",2020,"Alta renda",39,7.50892619242221,1.2116160505879,1.21161605058783,0.133174834107328,0.825343968920503,0.161356766538819,"DRS",0,2529.8516124897
"GBR-2020","United Kingdom",2020,"Alta renda",39,7.62742147483775,1.18905039310494,1.18905039310494,0.13110590561947,0.841007248976823,0.155891528615211,"DRS",0,10262.0888315811
"GRC-2020","Greece",2020,"Alta renda",39,1,1,1,1,1,1,"CRS",0,0
"HRV-2020","Croatia",2020,"Alta renda",39,1.19505469649785,1.18859575848396,1.19505469649785,0.836781783235977,0.841328931945281,0.994595278330926,"IRS",0,10.2427940785241
"HUN-2020","Hungary",2020,"Alta renda",39,2.46014635310263,2.22524959724469,2.22524959724469,0.406479882279703,0.449387790582324,0.90451919433098,"DRS",0,0
"ISR-2020","Israel",2020,"Alta renda",39,16.6978186879373,3.87806024591824,3.87806024591824,0.0598880619492181,0.257860872855837,0.232249512250351,"DRS",362.534197528959,419.876124489057
"ITA-2020","Italy",2020,"Alta renda",39,2.1649125093434,1,1,0.461912430956986,1,0.461912430956986,"DRS",0,0
"JPN-2020","Japan",2020,"Alta renda",39,2.78732068341456,1,1,0.358767473707033,1,0.358767473707033,"DRS",0,0
"KOR-2020","South Korea",2020,"Alta renda",39,1,1,1,1,1,1,"CRS",0,0
"LUX-2020","Luxembourg",2020,"Alta renda",39,2.20006442467585,2.15177336510911,2.15177336510911,0.454532144051799,0.464732957575805,0.978050161156598,"DRS",0,0
"MEX-2020","Mexico",2020,"Renda média-alta",39,2.1588781695393,1.51929125808988,1.51929125808988,0.463203535108884,0.658201641505687,0.703741081607257,"DRS",301.128396417958,0
"MYS-2020","Malaysia",2020,"Renda média-alta",39,1.64321361286639,1,1,0.608563604981109,1,0.608563604981109,"DRS",0,0
"NLD-2020","Netherlands",2020,"Alta renda",39,6.7442690200763,1.4966099559631,1.4966099559631,0.148274037856913,0.668176765773603,0.221908401267506,"DRS",0,500.750464278196
"NOR-2020","Norway",2020,"Alta renda",39,8.15153774276571,2.74834587775785,2.74834587775785,0.12267623993859,0.363855222187616,0.337156738334057,"DRS",0,64.4303502214059
"NZL-2020","New Zealand",2020,"Alta renda",39,3.34424571715626,2.42496464757741,2.42496464757741,0.299021090128012,0.412377145786031,0.725115572440488,"DRS",0,0
"PHL-2020","Philippines",2020,"Renda média-alta",39,1.64768208432545,1.63025470406558,1.63025470406558,0.606913196127511,0.613401082362265,0.98942309294635,"DRS",0,0
"POL-2020","Poland",2020,"Alta renda",39,2.4389448912386,1.39687159764745,1.39687159764745,0.410013364218392,0.715885412577762,0.57273602313255,"DRS",0,35.6063732766292
"PRT-2020","Portugal",2020,"Alta renda",39,1.95164454473195,1.35187937708042,1.35187937708042,0.512388386860347,0.739710966047609,0.692687293252009,"DRS",0,3.25009608620715
"ROU-2020","Romania",2020,"Alta renda",39,1,1,1,1,1,1,"CRS",0,0
"RUS-2020","Russia",2020,"Alta renda",39,1.36082474226916,1,1,0.734848484847878,1,0.734848484847878,"DRS",0,0
"SGP-2020","Singapore",2020,"Alta renda",39,2.62862540251979,1,1,0.380426971085878,1,0.380426971085878,"DRS",0,0
"SWE-2020","Sweden",2020,"Alta renda",39,11.2464272578475,2.59745403244094,2.59745403244094,0.0889171269304415,0.384992376192412,0.230958149898538,"DRS",0,219.11489798095
"TUR-2020","Turkey",2020,"Renda média-alta",39,1,1,1,1,1,1,"CRS",0,0
"USA-2020","United States",2020,"Alta renda",39,6.36537016410356,1.32057783567507,1.32057783567552,0.157100054548176,0.757244270640667,0.207462850019666,"DRS",343904.487650729,49548.0670651852
"ZAF-2020","South Africa",2020,"Renda média-alta",39,2.64372404492547,2.19561486266043,2.19561486266043,0.37825430453661,0.455453284183136,0.830500772905868,"DRS",0,0
"ARG-2021","Argentina",2021,"Renda média-alta",43,9.61651300869122,8.02438661311695,8.0243866131164,0.103987796730085,0.124620117176977,0.834438284008419,"DRS",0,0
"AUS-2021","Australia",2021,"Alta renda",43,2.44671053442121,1.16154156894281,1.16154156894281,0.40871201800607,0.860924849129734,0.47473599864055,"DRS",0,103.839099292834
"AUT-2021","Austria",2021,"Alta renda",43,15.2712512384543,2.92655214516234,2.92655214516234,0.0654825190408704,0.341699020006537,0.191638006569693,"DRS",0,144.60134443373
"BEL-2021","Belgium",2021,"Alta renda",43,19.5249182864797,3.16853478061071,3.16853478061071,0.0512166035897045,0.315603289608599,0.16228158981873,"DRS",0,215.563051510443
"BGR-2021","Bulgaria",2021,"Alta renda",43,2.42028891921637,1,2.42028891921637,0.413173812456975,1,0.413173812456975,"IRS",0,0
"BRA-2021","Brazil",2021,"Renda média-alta",43,12.4408258960149,1.71824137586829,1.71824137586829,0.0803805155990751,0.581990408358466,0.138113127715958,"DRS",0,1959.23331527412
"CAN-2021","Canada",2021,"Alta renda",43,5.06409810186182,1.03984132594686,1.03984132594682,0.197468528430037,0.961685187006218,0.205335936435465,"DRS",0,4004.04578664082
"CHE-2021","Switzerland",2021,"Alta renda",43,20.7827047883196,2.23970547492444,2.23970547492444,0.0481169323331785,0.446487277544266,0.107767756783189,"DRS",0,1585.0309120897
"CHL-2021","Chile",2021,"Alta renda",43,4.32807719118748,2.70764865766553,2.70764865766553,0.23104948359889,0.369324135599697,0.625600824120847,"DRS",73.2363871962795,6.18348821643777
"CHN-2021","China",2021,"Renda média-alta",43,1,1,1,1,1,1,"CRS",0,0
"COL-2021","Colombia",2021,"Renda média-alta",43,3.03270863547074,1.84884845532459,1.84884845532459,0.329738237397401,0.540877213121525,0.609636030873638,"DRS",14.1135976969287,3.42751727876597
"CZE-2021","Czechia",2021,"Alta renda",43,5.43724006808906,3.14098028139539,3.14098028139539,0.183916837858413,0.318371944556031,0.577679161129866,"DRS",0,0.944870493943592
"DEU-2021","Germany",2021,"Alta renda",43,9.1570805005472,1,1,0.109205111819236,1,0.109205111819236,"DRS",0,0
"DNK-2021","Denmark",2021,"Alta renda",43,15.80678400335,2.71654444073803,2.71654444073803,0.0632639757580079,0.368114721409939,0.171859401644402,"DRS",0,231.580282312777
"ESP-2021","Spain",2021,"Alta renda",43,7.53068317066879,1.10355298797128,1.10355298797128,0.13279007725287,0.90616400925012,0.146540886525342,"DRS",0,737.408198733563
"FIN-2021","Finland",2021,"Alta renda",43,11.3518301576208,2.8771596752232,2.8771596752232,0.0880915223461717,0.347564999124501,0.253453375823429,"DRS",0,526.147766851384
"FRA-2021","France",2021,"Alta renda",43,13.3272874715276,1.36531711625537,1.36531711625537,0.0750340234002155,0.732430574621873,0.10244523644982,"DRS",0,1766.73838085412
"GBR-2021","United Kingdom",2021,"Alta renda",43,13.4184820690742,1.03764522492447,1.03764522492447,0.0745240776752772,0.963720524105716,0.0773295533416514,"DRS",0,6923.07693386337
"GRC-2021","Greece",2021,"Alta renda",43,1,1,1,1,1,1,"CRS",0,0
"HRV-2021","Croatia",2021,"Alta renda",43,2.14917553028183,1,2.14917553028183,0.465294707626261,1,0.465294707626261,"IRS",0,0
"HUN-2021","Hungary",2021,"Alta renda",43,6.98093215676288,3.49446168531991,3.49446168531991,0.143247345418081,0.286167109572544,0.500572360087271,"DRS",0,0
"IRL-2021","Ireland",2021,"Alta renda",43,11.9274689006226,3.363467655517,3.363467655517,0.0838400844581366,0.297312209427591,0.281993412310756,"DRS",0,277.103957249654
"ISR-2021","Israel",2021,"Alta renda",43,33.5100013167787,4.42951347291206,4.42951347291206,0.0298418370845988,0.22575842835005,0.132184819422677,"DRS",805.103069676999,4459.13377810404
"ITA-2021","Italy",2021,"Alta renda",43,4.99558634927147,1,1,0.200176702009332,1,0.200176702009332,"DRS",0,0
"JPN-2021","Japan",2021,"Alta renda",43,2.64505579711734,1,1,0.378063858270903,1,0.378063858270903,"DRS",0,0
"KOR-2021","South Korea",2021,"Alta renda",43,1,1,1,1,1,1,"CRS",0,0
"LUX-2021","Luxembourg",2021,"Alta renda",43,2.26093497080025,1.60586912483882,2.26093497080025,0.442294896985053,0.622715752194545,0.710267719142062,"IRS",0,735.144776549678
"MEX-2021","Mexico",2021,"Renda média-alta",43,3.38963889020539,1.92666808721531,1.92666808721531,0.295016676522556,0.519030759182471,0.568399215852331,"DRS",420.949019046634,0
"MYS-2021","Malaysia",2021,"Renda média-alta",43,2.34940060698886,1,1,0.425640479118485,1,0.425640479118485,"DRS",0,0
"NLD-2021","Netherlands",2021,"Alta renda",43,10.2501635149065,1.56921209298309,1.56921209298309,0.0975594192761635,0.637262486359629,0.153091420512563,"DRS",0,288.558686471026
"NOR-2021","Norway",2021,"Alta renda",43,16.3592226630975,2.78220414771509,2.78220414771509,0.0611275988226359,0.359427255121181,0.170069458984202,"DRS",0,386.578925577701
"NZL-2021","New Zealand",2021,"Alta renda",43,10.6072196348656,3.97102824038276,3.97102824038276,0.0942754118820197,0.251823945705209,0.374370322957217,"DRS",20.1481976139824,0
"POL-2021","Poland",2021,"Alta renda",43,5.22660552729811,1.81866059493376,1.81866059493376,0.191328768696448,0.54985520816017,0.347962092305426,"DRS",0,0
"PRT-2021","Portugal",2021,"Alta renda",43,2.93100272777622,1.81939546656046,1.81939546656046,0.341180166952185,0.549633116262779,0.620741649033147,"DRS",0,0
"ROU-2021","Romania",2021,"Alta renda",43,1,1,1,1,1,1,"CRS",0,0
"RUS-2021","Russia",2021,"Alta renda",43,2.31206562160117,1,1,0.432513675501768,1,0.432513675501768,"DRS",0,0
"SAU-2021","Saudi Arabia",2021,"Alta renda",43,1.03961836746125,1,1,0.961891431797227,1,0.961891431797227,"DRS",0,0
"SGP-2021","Singapore",2021,"Alta renda",43,5.88431220804808,1.20910924985444,1.20910924985444,0.169943396040795,0.827055123530305,0.205480132104602,"DRS",372.97373199416,1068.15286522958
"SWE-2021","Sweden",2021,"Alta renda",43,23.0203739843502,2.94361931792434,2.94361931792434,0.0434397808080714,0.339717841200043,0.127870177953038,"DRS",0,2869.1734299057
"TUR-2021","Turkey",2021,"Renda média-alta",43,1.69456378781851,1,1,0.590122370835829,1,0.590122370835829,"DRS",0,0
"UKR-2021","Ukraine",2021,"Renda média-alta",43,1,1,1,1,1,1,"CRS",0,0
"USA-2021","United States",2021,"Alta renda",43,9.50996642527931,1.54780880750411,1.54780880750511,0.105152842321484,0.646074628307956,0.162756495479284,"DRS",360409.671101123,68759.2961475203
"ZAF-2021","South Africa",2021,"Renda média-alta",43,5.7256012072361,2.75269949293557,2.75269949293557,0.174654147888642,0.363279755950972,0.480770384332159,"DRS",50.2230685080146,0
