"amostra","ano","n","media_vrs","eficientes_vrs","media_crs","media_se","drs","irs","crs","modelo"
"com piso",2013,20,0.920856305233207,8,0.842804588694424,0.916167622472744,6,11,3,"M2"
"com piso",2014,20,0.941533884328109,12,0.878167164053513,0.934716111570153,6,6,8,"M2"
"com piso",2015,18,0.920499552863411,9,0.809185346152052,0.878957988063284,6,6,6,"M2"
"com piso",2016,24,0.913459571108738,8,0.833806606697851,0.910543282917755,6,15,3,"M2"
"com piso",2017,24,0.887106155329973,8,0.812718638615343,0.915693456495487,8,11,5,"M2"
"com piso",2018,27,0.895098412563626,11,0.806317754112819,0.896396797114047,5,17,5,"M2"
"com piso",2019,24,0.84353684073454,6,0.670831509796402,0.795405145973943,1,21,2,"M2"
"com piso",2020,18,0.847059217557618,6,0.685343907225494,0.810750919799227,3,11,4,"M2"
"com piso",2021,16,0.890621594540089,8,0.719343402081463,0.803070566263774,4,8,4,"M2"
"sem piso",2013,14,0.92036333282662,7,0.821425804182224,0.894759953124571,5,6,3,"M2"
"sem piso",2014,19,0.941393964011065,12,0.872006731155475,0.928694358298878,6,5,8,"M2"
"sem piso",2015,17,0.915823055973023,8,0.805654126843118,0.879531041807952,6,5,6,"M2"
"sem piso",2016,20,0.904883303230433,9,0.818890238958136,0.902900146007299,6,10,4,"M2"
"sem piso",2017,21,0.881770016206938,11,0.794675989162597,0.903133899559814,5,11,5,"M2"
"sem piso",2018,24,0.889832842985542,10,0.803091431805184,0.896823538259771,1,18,5,"M2"
"sem piso",2019,22,0.833631314362851,7,0.654132190462894,0.786205806144083,1,19,2,"M2"
"sem piso",2020,18,0.847059217557618,6,0.685343907225494,0.810750919799227,3,11,4,"M2"
"sem piso",2021,14,0.886901067286391,8,0.73025065749512,0.818983182126523,4,6,4,"M2"
