"grupo_renda","ano","n","media","mediana","desvio_padrao","iqr","minimo","pais_minimo","maximo","pais_maximo","cv","iqr_relativo"
"Alta renda",2013,14,0.502471037647336,0.471619375377099,0.20244436935704,0.294399606326746,0.11942836707614,"Israel",0.780503140369104,"United States",0.402897588495692,0.624231364734219
"Alta renda",2014,16,0.649464707286267,0.778171622328403,0.213231877597374,0.315982894410579,0.23165207401215,"Israel",0.840335209824847,"Spain",0.328319422449212,0.40605810510683
"Alta renda",2015,13,0.585997356699476,0.717575379832227,0.247085775476645,0.288066395515617,0.132517551820227,"Israel",0.829644438684237,"United States",0.421649982976563,0.401444090212471
"Alta renda",2016,16,0.429381067454706,0.400903475769846,0.223924343846605,0.380803946418049,0.0793477589317124,"Israel",0.762815287810312,"Japan",0.521504930745987,0.949864417330879
"Alta renda",2017,17,0.598196447198213,0.651451359805466,0.214953809173286,0.349682806666924,0.216587127974022,"Israel",0.833235630570882,"Spain",0.35933648583182,0.536775004616377
"Alta renda",2018,18,0.502290278942132,0.527583126389995,0.20940885549628,0.397893829774115,0.196274667601366,"Israel",0.799927559358601,"Poland",0.416908039584826,0.754182250855361
"Alta renda",2019,16,0.505188987292534,0.470287154556251,0.220159809202972,0.305633597582021,0.0935660795148101,"Israel",0.84211535992563,"Greece",0.435796928953019,0.649887190455814
"Alta renda",2020,10,0.535653172737572,0.506530714061128,0.205321223322807,0.311924774739348,0.258610967750863,"Israel",0.815772376588102,"Greece",0.38331001060531,0.615806240530767
"Alta renda",2021,12,0.661561565985779,0.724539621571612,0.184290022417443,0.27918868363444,0.333563912935298,"Israel",0.849733184111322,"Poland",0.278568211777594,0.38533252747289
"Renda média-alta",2013,5,0.696677016247334,0.734116874584562,0.0876373067068257,0.00325528532548702,0.539964502625325,"Brazil",0.739417629273497,"Indonesia",0.125793308323685,0.00443428756126767
"Renda média-alta",2014,3,0.711353342103161,0.777986803504828,0.120845051984444,0.106176800457291,0.571859810945036,"Brazil",0.784213411859618,"Mexico",0.169880486717274,0.136476351499749
"Renda média-alta",2015,4,0.655594078143797,0.75017795834376,0.197328368305938,0.105926445987323,0.359756567129539,"Brazil",0.76226382875813,"Mexico",0.300991688126042,0.141201757275283
"Renda média-alta",2016,7,0.590729138557221,0.70063412291552,0.234167052741651,0.180399828143974,0.144531208679152,"South Africa",0.767078586906652,"Indonesia",0.396403423256847,0.257480790963027
"Renda média-alta",2017,6,0.568754150777157,0.636009063329128,0.244651693124305,0.407322857698857,0.278240671075497,"South Africa",0.825892289399859,"Mexico",0.430153683784124,0.64043561827054
"Renda média-alta",2018,7,0.637187539228146,0.720532968079973,0.186445943890473,0.0993385113765815,0.25535411898302,"South Africa",0.78604833334205,"Malaysia",0.292607642824158,0.137868100111077
"Renda média-alta",2019,7,0.501190427745173,0.481759255628647,0.180399744047112,0.228098520852705,0.219978985012414,"South Africa",0.712990045796039,"China",0.359942516976472,0.473469929612581
"Renda média-alta",2020,7,0.579623005375286,0.734046948998898,0.232147210915119,0.301424659530461,0.186269045959276,"Argentina",0.788250569177135,"Malaysia",0.400514142403322,0.410634033615354
"Renda média-alta",2021,4,0.676724431383768,0.763147652834511,0.188908270146994,0.130523988810755,0.39508326765243,"Argentina",0.785519152213621,"China",0.279150953307114,0.17103372895921
"Renda média-baixa",2013,1,0.777374141817776,0.777374141817776,NA,0,0.777374141817776,"India",0.777374141817776,"India",NA,0
"Renda média-baixa",2014,1,0.785445739411277,0.785445739411277,NA,0,0.785445739411277,"India",0.785445739411277,"India",NA,0
"Renda média-baixa",2015,1,0.77925322396821,0.77925322396821,NA,0,0.77925322396821,"India",0.77925322396821,"India",NA,0
"Renda média-baixa",2016,1,0.728133295181349,0.728133295181349,NA,0,0.728133295181349,"India",0.728133295181349,"India",NA,0
"Renda média-baixa",2017,1,0.746806621148375,0.746806621148375,NA,0,0.746806621148375,"India",0.746806621148375,"India",NA,0
"Renda média-baixa",2018,2,0.537517772210574,0.537517772210574,0.261453427951215,0.184875491868772,0.352642280341801,"Philippines",0.722393264079346,"India",0.486408899329918,0.34394303114567
"Renda média-baixa",2019,1,0.739701007019643,0.739701007019643,NA,0,0.739701007019643,"India",0.739701007019643,"India",NA,0
"Renda média-baixa",2020,1,0.73719286583534,0.73719286583534,NA,0,0.73719286583534,"India",0.73719286583534,"India",NA,0
