"grupo_renda","ano","n","media","desvio_padrao","iqr","minimo","pais_minimo","maximo","pais_maximo","cv"
"Alta renda",2017,28,0.754913013432268,0.132243465628445,0.211451572065589,0.479983950381735,"Switzerland",0.930350674910156,"Hungary",0.175177090969978
"Alta renda",2018,29,0.714482511846534,0.154225278903606,0.252548542455084,0.400615107238162,"Israel",0.886939667669875,"Chile",0.215855918579477
"Alta renda",2019,30,0.787982080892081,0.16151774907382,0.199302712391952,0.331184988995626,"Israel",0.934338897470103,"Spain",0.204976423944773
"Alta renda",2020,31,0.757659439482442,0.184461339073276,0.279976342530303,0.318582846352129,"Israel",0.95558938108645,"Spain",0.243462074727508
"Alta renda",2021,34,0.70490691736537,0.183181324500749,0.257339848411025,0.266093762419822,"Israel",0.91348434311202,"Luxembourg",0.259865976610642
"Renda média-alta",2017,7,0.855739306123927,0.0745115131751104,0.0529528894526016,0.700265128265808,"Brazil",0.922623083933114,"Mexico",0.0870726781414429
"Renda média-alta",2018,7,0.833239498669436,0.0593238339745941,0.050043610100914,0.732425487694096,"Brazil",0.917972349011329,"Mexico",0.0711966176223352
"Renda média-alta",2019,9,0.869534874824953,0.0559099212135397,0.057509413680215,0.760549751555207,"Brazil",0.937085826768957,"Philippines",0.0642986530296384
"Renda média-alta",2020,8,0.842692747095705,0.0767692747366038,0.0767994388654537,0.710992185522607,"Brazil",0.92069429063155,"Argentina",0.0910999590315509
"Renda média-alta",2021,9,0.785910934844133,0.109330223860667,0.154956338474931,0.585454700089176,"Brazil",0.904620569912203,"Turkey",0.139112740405311
"Renda média-baixa",2017,1,0.860870247396159,NA,0,0.860870247396159,"India",0.860870247396159,"India",NA
"Renda média-baixa",2018,1,0.833000484969556,NA,0,0.833000484969556,"India",0.833000484969556,"India",NA
