"id","pais","ano","grupo_renda","escore_base","escore_bc_base","escore_variante","escore_bc_variante","escore_bc_base_original"
"ARG-2017","Argentina",2017,"Renda média-alta",0.27431421446384,0.211558857383913,0.668480776727822,0.522528814041432,0.211558857383913
"ARG-2018","Argentina",2018,"Renda média-alta",0.178357702902693,0.129738718089769,0.183470154172582,0.13912423431324,0.129738718089769
"ARG-2019","Argentina",2019,"Renda média-alta",1,0.769308475130263,0.222627737226277,0.177601236884873,0.775862878478428
"ARG-2020","Argentina",2020,"Renda média-alta",0.50357426529014,0.412811670648305,0.50357426529014,0.426334543595018,0.413148583287056
"ARG-2021","Argentina",2021,"Renda média-alta",0.487893455294292,0.387979191893222,0.334906591651904,0.267693100196892,0.387060952927773
"AUS-2017","Australia",2017,"Alta renda",0.541399082246429,0.404147424568238,0.44263331665578,0.346981083467344,0.404147424568238
"AUS-2018","Australia",2018,"Alta renda",0.416988402816638,0.301961910080347,0.342371643835633,0.266399988862526,0.301961910080347
"AUS-2019","Australia",2019,"Alta renda",0.89703486056945,0.780286186559527,0.893609281134623,0.765432618214659,0.771868239211975
"AUS-2020","Australia",2020,"Alta renda",0.911316441252577,0.799110878269938,0.911316441252577,0.816627440185858,0.799688293549714
"AUS-2021","Australia",2021,"Alta renda",0.859890169776365,0.699157982085996,0.859890169776365,0.718959117289011,0.699961919280066
"AUT-2017","Austria",2017,"Alta renda",0.407393742512437,0.307809639151954,0.432360382534982,0.329885672666049,0.307809639151954
"AUT-2018","Austria",2018,"Alta renda",0.310639577975602,0.229062633968456,0.390283590697003,0.295912823596405,0.229062633968456
"AUT-2019","Austria",2019,"Alta renda",0.369617621829356,0.308152829621367,0.369617621829356,0.299314398876245,0.304961207237583
"AUT-2020","Austria",2020,"Alta renda",0.3638436221191,0.325407279434318,0.370708800077431,0.329471911413949,0.32564473377888
"AUT-2021","Austria",2021,"Alta renda",0.355602383118932,0.297884489781672,0.375630319750074,0.313020503360248,0.297535210423904
"BEL-2017","Belgium",2017,"Alta renda",0.210493021676229,0.168110377667389,0.227971873647255,0.182737142848754,0.168110377667389
"BEL-2018","Belgium",2018,"Alta renda",0.110261195520504,0.0877478654867874,0.176150840780174,0.141967163193434,0.0877478654867874
"BEL-2019","Belgium",2019,"Alta renda",0.33905692065303,0.299904989527317,0.357847175225707,0.306041969442269,0.295752350554804
"BEL-2020","Belgium",2020,"Alta renda",0.355860256377248,0.32997971486974,0.356111102296129,0.326336507547392,0.330278812985125
"BEL-2021","Belgium",2021,"Alta renda",0.307532813504778,0.276600531072874,0.311311868434016,0.273440550925627,0.27692845647306
"BGR-2018","Bulgaria",2018,"Alta renda",1,0.641635659682987,1,0.672934990317883,0.641635659682987
"BGR-2019","Bulgaria",2019,"Alta renda",1,0.740279093957154,1,0.724156365100105,0.59801033777611
"BGR-2020","Bulgaria",2020,"Alta renda",1,0.741225409565544,1,0.768385917831801,0.740082499373538
"BGR-2021","Bulgaria",2021,"Alta renda",1,0.723033603209022,1,0.725419844855712,0.720194029828355
"BRA-2017","Brazil",2017,"Renda média-alta",0.516866864894602,0.397160996945626,0.471643342495072,0.371121828052792,0.397160996945626
"BRA-2018","Brazil",2018,"Renda média-alta",0.300960130701203,0.22674971401619,0.274448520396053,0.217467065829627,0.22674971401619
"BRA-2019","Brazil",2019,"Renda média-alta",0.688501882336154,0.617369990135576,0.688501882336154,0.599160815678748,0.609201784344066
"BRA-2020","Brazil",2020,"Renda média-alta",0.709940080154679,0.648443268825272,0.709940080154679,0.653960216897879,0.649060812908935
"BRA-2021","Brazil",2021,"Renda média-alta",0.571418483336294,0.512696613454556,0.571418483336294,0.505984985821413,0.512775949778607
"CAN-2017","Canada",2017,"Alta renda",0.355670003720809,0.25778032764285,0.378780185308494,0.291445349952812,0.25778032764285
"CAN-2018","Canada",2018,"Alta renda",0.359511383105778,0.261888880256918,0.573356363491268,0.456636133094122,0.261888880256918
"CAN-2019","Canada",2019,"Alta renda",0.866015754892992,0.777436034662255,0.937965786148002,0.827434200953367,0.766883120456448
"CAN-2020","Canada",2020,"Alta renda",1,0.898079167601103,1,0.873824026273105,0.898513732266398
"CAN-2021","Canada",2021,"Alta renda",0.93708176455275,0.833214576855841,1,0.878320147967294,0.833741265785137
"CHE-2017","Switzerland",2017,"Alta renda",0.13061307681959,0.0971555449801163,0.184358252548682,0.139782263899518,0.0971555449801163
"CHE-2018","Switzerland",2018,"Alta renda",0.127233575532134,0.0976950088676307,0.192289046138255,0.147840633223136,0.0976950088676307
"CHE-2019","Switzerland",2019,"Alta renda",0.395426358284425,0.360248796324868,0.437165758741715,0.381644837926832,0.357129549776122
"CHE-2020","Switzerland",2020,"Alta renda",0.438365554364736,0.405063225305311,0.456605750959885,0.41006617444091,0.405382850990614
"CHE-2021","Switzerland",2021,"Alta renda",0.424859827513445,0.390104792411233,0.448786094495871,0.399054755466316,0.390055135681577
"CHL-2017","Chile",2017,"Alta renda",0.289276807979837,0.205587464009144,0.289276807979837,0.212584527988914,0.205587464009144
"CHL-2018","Chile",2018,"Alta renda",0.480676318235997,0.369243938650393,0.480676318235997,0.377181899539589,0.369243938650393
"CHL-2019","Chile",2019,"Alta renda",0.338182131862198,0.279214180262384,0.338182131862198,0.276317403773458,0.278243466947198
"CHL-2021","Chile",2021,"Alta renda",0.369324135599697,0.305256442700231,0.369324135599697,0.306463939846647,0.305662725957542
"CHN-2017","China",2017,"Renda média-alta",1,0.64498177334743,1,0.693371337235396,0.64498177334743
"CHN-2018","China",2018,"Renda média-alta",1,0.641460497771566,1,0.68748902840802,0.641460497771566
"CHN-2019","China",2019,"Renda média-alta",1,0.736088740976322,1,0.723979150539365,0.720480056772222
"CHN-2020","China",2020,"Renda média-alta",1,0.737893251630127,1,0.767049649383571,0.738425312501135
"CHN-2021","China",2021,"Renda média-alta",1,0.708573112514606,1,0.715186045560897,0.712823951207563
"COL-2017","Colombia",2017,"Renda média-alta",1,0.643065065341935,1,0.673251276284125,0.643065065341935
"COL-2021","Colombia",2021,"Renda média-alta",0.604814475753777,0.479856368357068,0.604814475753777,0.493797841429861,0.479833101120808
"CZE-2017","Czechia",2017,"Alta renda",0.552413595655248,0.42235477829877,0.606856788511233,0.470087234927755,0.42235477829877
"CZE-2018","Czechia",2018,"Alta renda",0.27211310697202,0.216720413800749,0.27211310697202,0.223264763212835,0.216720413800749
"CZE-2019","Czechia",2019,"Alta renda",0.615537671131126,0.536619771983184,0.615537671131125,0.537727331811514,0.528343739664622
"CZE-2020","Czechia",2020,"Alta renda",0.442373976772175,0.380717535070501,0.442373976772175,0.383360220599585,0.380158244344621
"CZE-2021","Czechia",2021,"Alta renda",0.315129095612981,0.259582398518395,0.33164569610478,0.272945084083106,0.259600904017588
"DEU-2017","Germany",2017,"Alta renda",0.424224088141937,0.323839344323926,0.440450607514852,0.3347820803964,0.323839344323926
"DEU-2018","Germany",2018,"Alta renda",0.423097671113632,0.330439081652942,0.482685976109139,0.371162604107445,0.330439081652942
"DEU-2019","Germany",2019,"Alta renda",0.435351220463947,0.359156510638749,0.520799857207723,0.414150226548232,0.356207379083622
"DEU-2020","Germany",2020,"Alta renda",0.649746073170802,0.537528977035189,0.699076199942966,0.583944697860293,0.537741478419844
"DEU-2021","Germany",2021,"Alta renda",0.493591433181598,0.396143931637413,0.562169281137332,0.448214606319327,0.39721348822001
"DNK-2017","Denmark",2017,"Alta renda",0.254837965681228,0.199674574051849,0.23181780504487,0.191216890779261,0.199674574051849
"DNK-2018","Denmark",2018,"Alta renda",0.155750370379462,0.120839244432541,0.140854699702594,0.109581464629091,0.120839244432541
"DNK-2019","Denmark",2019,"Alta renda",0.311536788840016,0.289687889676607,0.317908126237175,0.282223614887033,0.287266557275967
"DNK-2020","Denmark",2020,"Alta renda",0.364988939888532,0.322975991747163,0.379044748646275,0.338498098797579,0.323053263700385
"DNK-2021","Denmark",2021,"Alta renda",0.357368514825582,0.323834096425949,0.376721083543966,0.331719018091553,0.324346205564652
"ESP-2017","Spain",2017,"Alta renda",0.402583028347757,0.294999542540716,0.385010753217975,0.293200255012373,0.294999542540716
"ESP-2018","Spain",2018,"Alta renda",0.320265275992659,0.241513356637724,0.274384711033428,0.208835667297678,0.241513356637724
"ESP-2019","Spain",2019,"Alta renda",1,0.887437319806529,1,0.858402810858529,0.873889507946154
"ESP-2020","Spain",2020,"Alta renda",1,0.921155740942932,1,0.926367013517102,0.922009859913383
"ESP-2021","Spain",2021,"Alta renda",0.895408039923461,0.79804949315519,0.895408039923461,0.789571015734797,0.798737174138854
"FIN-2017","Finland",2017,"Alta renda",0.15475188451269,0.121479725736235,0.375689824020766,0.323836130689789,0.121479725736235
"FIN-2018","Finland",2018,"Alta renda",0.195253782097712,0.153079409689618,0.411905429946395,0.326370831312049,0.153079409689618
"FIN-2019","Finland",2019,"Alta renda",0.366995009204551,0.329870839258744,0.495243951531639,0.426343493108931,0.326532034484926
"FIN-2020","Finland",2020,"Alta renda",0.391006277435246,0.355259381779879,0.436132042297462,0.382430167995795,0.355399681591167
"FIN-2021","Finland",2021,"Alta renda",0.344313487168966,0.311896913570652,0.44299970076469,0.37632096105743,0.312258334500171
"FRA-2017","France",2017,"Alta renda",0.392400712035821,0.305305993767625,0.392400712035821,0.301062384538216,0.305305993767625
"FRA-2018","France",2018,"Alta renda",0.340237769383875,0.269891669369125,0.34730609918852,0.269471982179787,0.269891669369125
"FRA-2019","France",2019,"Alta renda",0.69547769795818,0.601590995105118,0.695477697958323,0.576673309940282,0.595480678176062
"FRA-2020","France",2020,"Alta renda",0.586290798228905,0.507912508082747,0.586290798228905,0.511248977482802,0.508163645153494
"FRA-2021","France",2021,"Alta renda",0.530122380559598,0.463717866354748,0.53560656981529,0.454748097745161,0.463261458183636
"GBR-2017","United Kingdom",2017,"Alta renda",0.478561850250086,0.374140828312444,0.478561850250086,0.371167995982952,0.374140828312444
"GBR-2018","United Kingdom",2018,"Alta renda",0.452841453083431,0.355014150670502,0.459659712772282,0.359129932529702,0.355014150670502
"GBR-2019","United Kingdom",2019,"Alta renda",0.630309633861124,0.54914618264799,0.630309633861147,0.522088705142868,0.542635731695166
"GBR-2020","United Kingdom",2020,"Alta renda",0.708698495850749,0.599557270255382,0.708698495850748,0.61354674410532,0.599913973095737
"GBR-2021","United Kingdom",2021,"Alta renda",0.696382761067309,0.589187871814743,0.696382761067698,0.577953279717346,0.589419030402636
"GRC-2017","Greece",2017,"Alta renda",0.560232667750181,0.434726796758166,0.553024614788752,0.443245652156165,0.434726796758166
"GRC-2018","Greece",2018,"Alta renda",0.554453208966694,0.462583780336606,0.554453208966694,0.468958452778743,0.462583780336606
"GRC-2019","Greece",2019,"Alta renda",0.939982641133102,0.776446531243799,0.939982641133102,0.781097959772188,0.761979262315959
"GRC-2020","Greece",2020,"Alta renda",0.884896255043001,0.746416864995498,0.884896255042974,0.744819980052775,0.744826779015787
"GRC-2021","Greece",2021,"Alta renda",0.623466272082092,0.539986982604618,0.631079650538548,0.538979921989512,0.539813800686449
"HRV-2020","Croatia",2020,"Alta renda",1,0.747325517413477,1,0.774225183621327,0.745019210596303
"HRV-2021","Croatia",2021,"Alta renda",1,0.750460111409497,1,0.753748187526535,0.750852752976738
"HUN-2017","Hungary",2017,"Alta renda",0.300390931779389,0.218884883561658,0.947944331821803,0.760676737429275,0.218884883561658
"HUN-2018","Hungary",2018,"Alta renda",0.480856154318489,0.360307986366489,0.946139286237838,0.708527061877051,0.360307986366489
"HUN-2019","Hungary",2019,"Alta renda",0.35765786124413,0.304330219793976,0.396721213922456,0.332811209243255,0.303119139979688
"HUN-2020","Hungary",2020,"Alta renda",0.408903568667364,0.340870596002758,0.641205463897315,0.544919733142707,0.340322349475361
"HUN-2021","Hungary",2021,"Alta renda",0.392518922738095,0.320760608013276,0.423998560287872,0.341229827651821,0.320731864172431
"IND-2017","India",2017,"Renda média-baixa",1,0.700590351794873,1,0.703163505663825,0.700590351794873
"IND-2018","India",2018,"Renda média-baixa",1,0.723382526089905,1,0.714017066995587,0.723382526089905
"IRL-2018","Ireland",2018,"Alta renda",0.173488013530486,0.146902513895349,0.687119442730803,0.605437122758301,0.146902513895349
"IRL-2021","Ireland",2021,"Alta renda",0.296671686311351,0.261508351265526,0.427459228075664,0.35962360740317,0.261748679911161
"ISR-2017","Israel",2017,"Alta renda",0.0775471176426073,0.0580225242076733,0.643735921497044,0.546043536745591,0.0580225242076733
"ISR-2018","Israel",2018,"Alta renda",0.0663508335389186,0.0519890177005326,0.5833543283791,0.501149608986602,0.0519890177005326
"ISR-2019","Israel",2019,"Alta renda",0.2409211316788,0.225388353200149,0.486326486361093,0.393525691167424,0.223325900129748
"ISR-2020","Israel",2020,"Alta renda",0.257860872855837,0.241725543680802,0.623568895308089,0.535217779441157,0.241845398985068
"ISR-2021","Israel",2021,"Alta renda",0.22575842835005,0.209284113417502,0.502051100862893,0.403634081676024,0.209386903630565
"ITA-2017","Italy",2017,"Alta renda",1,0.706892617913445,1,0.723760508265959,0.706892617913445
"ITA-2018","Italy",2018,"Alta renda",1,0.685682084754587,1,0.697559694346202,0.685682084754587
"ITA-2019","Italy",2019,"Alta renda",1,0.85980578043163,1,0.835117586609763,0.849120010491734
"ITA-2020","Italy",2020,"Alta renda",1,0.809558150368468,1,0.817577670299853,0.80999941946626
"ITA-2021","Italy",2021,"Alta renda",1,0.790985600250968,1,0.787893917428004,0.789400544235997
"JPN-2017","Japan",2017,"Alta renda",1,0.688361193760755,1,0.679138944476293,0.688361193760755
"JPN-2018","Japan",2018,"Alta renda",0.697948212174175,0.492048067028332,1,0.675818655576194,0.492048067028332
"JPN-2019","Japan",2019,"Alta renda",1,0.815428670007468,1,0.743009719309889,0.802621936919179
"JPN-2020","Japan",2020,"Alta renda",0.706588492651827,0.584256792087833,1,0.776300550646666,0.584561989761966
"JPN-2021","Japan",2021,"Alta renda",0.940769694530199,0.759220330125818,1,0.740191181762302,0.761499027377139
"KOR-2017","South Korea",2017,"Alta renda",1,0.655553924541656,0.795295681757505,0.590930407494127,0.655553924541656
"KOR-2018","South Korea",2018,"Alta renda",1,0.640649197203583,1,0.675880254572287,0.640649197203583
"KOR-2019","South Korea",2019,"Alta renda",1,0.736212412861481,1,0.726826248126675,0.727035797862761
"KOR-2020","South Korea",2020,"Alta renda",1,0.797214807047082,1,0.802471555782916,0.79737689450019
"KOR-2021","South Korea",2021,"Alta renda",1,0.741639205672471,1,0.73791987181102,0.746625065213787
"LUX-2018","Luxembourg",2018,"Alta renda",0.672233786542499,0.463583036138643,0.56168157293357,0.414666333485951,0.463583036138643
"LUX-2019","Luxembourg",2019,"Alta renda",0.90529036510853,0.755018454526917,0.238318014231926,0.190250412692544,0.220834202067537
"LUX-2020","Luxembourg",2020,"Alta renda",0.651937059536813,0.526750221975672,1,0.77848351247657,0.526279288765726
"LUX-2021","Luxembourg",2021,"Alta renda",0.484834587559131,0.373976471759026,0.206145448536046,0.161466373196819,0.375682357893475
"MEX-2017","Mexico",2017,"Renda média-alta",0.589308313878962,0.438850018763193,0.439347495853173,0.361085347632966,0.438850018763193
"MEX-2018","Mexico",2018,"Renda média-alta",0.681747988612718,0.52788032032231,0.46321404073827,0.377638609954912,0.52788032032231
"MEX-2019","Mexico",2019,"Renda média-alta",1,0.812294218160953,0.893191398156671,0.76797789098008,0.79671081218115
"MEX-2020","Mexico",2020,"Renda média-alta",0.658201641505687,0.55720787302518,0.622309114169297,0.544148442804063,0.557467978550041
"MEX-2021","Mexico",2021,"Renda média-alta",0.606304138642884,0.491601431238617,0.443406624615882,0.364074876670738,0.492093929663997
"MYS-2017","Malaysia",2017,"Renda média-alta",1,0.730634330387196,1,0.752406040205892,0.730634330387196
"MYS-2018","Malaysia",2018,"Renda média-alta",1,0.66257406972006,1,0.687245607676826,0.66257406972006
"MYS-2019","Malaysia",2019,"Renda média-alta",1,0.794695077458754,1,0.778071323583314,0.787828010620494
"MYS-2020","Malaysia",2020,"Renda média-alta",1,0.829917932247044,1,0.836497641166967,0.830148606801133
"MYS-2021","Malaysia",2021,"Renda média-alta",1,0.793930632626301,1,0.79817502279734,0.793815051828314
"NLD-2017","Netherlands",2017,"Alta renda",0.158590802393179,0.120596702484263,0.385263395906166,0.31739768109624,0.120596702484263
"NLD-2018","Netherlands",2018,"Alta renda",0.160307059035595,0.127659996689403,0.498966313808496,0.424676632726117,0.127659996689403
"NLD-2019","Netherlands",2019,"Alta renda",0.608936934222435,0.57122007886188,0.687899137513999,0.616417290571175,0.566135745094674
"NLD-2020","Netherlands",2020,"Alta renda",0.667270806242355,0.620523898702049,0.715678736481147,0.643997396652162,0.620990898569589
"NLD-2021","Netherlands",2021,"Alta renda",0.606100582114604,0.550071446583927,0.675668620682219,0.583792439069064,0.550269755961641
"NOR-2017","Norway",2017,"Alta renda",0.271860582953023,0.215796878231673,0.305227669468634,0.247202796953355,0.215796878231673
"NOR-2018","Norway",2018,"Alta renda",0.164660960366732,0.127427341653597,0.164660960366732,0.132946667639353,0.127427341653597
"NOR-2019","Norway",2019,"Alta renda",0.313775893628822,0.284538614806727,0.33163640722601,0.289128676555874,0.28164742801031
"NOR-2020","Norway",2020,"Alta renda",0.359590698261706,0.330967106922729,0.359590698261706,0.330856710177983,0.33124125699818
"NOR-2021","Norway",2021,"Alta renda",0.350202209663819,0.320013918833336,0.350202209663819,0.310919454734021,0.320535234798944
"NZL-2017","New Zealand",2017,"Alta renda",0.365342060212856,0.288289526180725,0.275960638943398,0.220806269536124,0.288289526180725
"NZL-2018","New Zealand",2018,"Alta renda",0.647964358860522,0.450797031241889,0.653591562105743,0.480431429697544,0.450797031241889
"NZL-2019","New Zealand",2019,"Alta renda",0.367217343791485,0.322654625518014,0.385308606190921,0.333454584648236,0.320036433582223
"NZL-2020","New Zealand",2020,"Alta renda",0.363042599968312,0.319478136780316,0.472713750038032,0.415512929467851,0.319420132514038
"NZL-2021","New Zealand",2021,"Alta renda",0.251823945705209,0.215375531411108,0.369146279393767,0.317280890040766,0.215344554844862
"PHL-2017","Philippines",2017,"Renda média-alta",0.233167082294093,0.170019114259463,0.469587091223214,0.348290004608888,0.170019114259463
"PHL-2019","Philippines",2019,"Renda média-alta",0.514976576834548,0.411612064367455,0.388393383719258,0.312420074326802,0.375761700378297
"PHL-2020","Philippines",2020,"Renda média-alta",1,0.748784909720063,1,0.775482342918634,0.7506548982313
"PHL-2021","Philippines",2021,"Renda média-alta",0.864961276581506,0.692124919191309,0.385859628341382,0.320074634348708,0.693928538405554
"POL-2017","Poland",2017,"Alta renda",0.850506482522719,0.680199414568754,0.851007553377625,0.699698784590137,0.680199414568754
"POL-2018","Poland",2018,"Alta renda",0.469775521388765,0.369199975081773,0.469775521388765,0.385283682520328,0.369199975081773
"POL-2019","Poland",2019,"Alta renda",0.784408688740077,0.664850469990066,0.784408688740077,0.654240444589502,0.659180180278112
"POL-2020","Poland",2020,"Alta renda",0.639503328356039,0.56699164599691,0.649307574682504,0.579961350400749,0.567211119358511
"POL-2021","Poland",2021,"Alta renda",0.541002231843319,0.472036119328702,0.579390577070329,0.491195834680547,0.47212039307375
"PRT-2017","Portugal",2017,"Alta renda",0.622642309725079,0.493116043284747,0.622642309725079,0.505294865842073,0.493116043284747
"PRT-2018","Portugal",2018,"Alta renda",0.534833489267984,0.450317777112652,0.534833489267984,0.458018967627642,0.450317777112652
"PRT-2019","Portugal",2019,"Alta renda",0.752753011804909,0.664972376695166,0.767999758025732,0.655906167046125,0.657776165038929
"PRT-2020","Portugal",2020,"Alta renda",0.676747786619902,0.585776638116417,0.758399470335404,0.672414513863646,0.585826805910327
"PRT-2021","Portugal",2021,"Alta renda",0.534657121777492,0.439722663755957,0.624028941012423,0.528748926519878,0.439373408155508
"ROU-2017","Romania",2017,"Alta renda",1,0.649575049193311,1,0.675466566059904,0.649575049193311
"ROU-2019","Romania",2019,"Alta renda",1,0.738961170799334,1,0.724711194573807,0.728868176536481
"ROU-2020","Romania",2020,"Alta renda",1,0.747724134748693,1,0.769290813195954,0.748339431751839
"ROU-2021","Romania",2021,"Alta renda",1,0.746162854242735,1,0.733613960077342,0.746588675265774
"RUS-2017","Russia",2017,"Alta renda",1,0.659352966490483,1,0.708056936922207,0.659352966490483
"RUS-2018","Russia",2018,"Alta renda",0.945103306011686,0.657388344438513,1,0.72948108518071,0.657388344438513
"RUS-2019","Russia",2019,"Alta renda",1,0.799586668302212,1,0.787889456888825,0.792880366968568
"RUS-2020","Russia",2020,"Alta renda",1,0.759338959812578,1,0.777171091917138,0.757286355147017
"RUS-2021","Russia",2021,"Alta renda",1,0.754911804354045,1,0.756340874489754,0.753931846770279
"SAU-2018","Saudi Arabia",2018,"Alta renda",0.45972068642651,0.36358192226194,0.479967083904988,0.381147800354418,0.36358192226194
"SAU-2019","Saudi Arabia",2019,"Alta renda",0.705914505336551,0.620164117567161,0.78177324601259,0.684689709716589,0.614313418664131
"SAU-2021","Saudi Arabia",2021,"Alta renda",0.98411526399286,0.858945494289776,1,0.825489246925984,0.859995584785598
"SGP-2017","Singapore",2017,"Alta renda",0.486666129487993,0.364040395128276,0.367579223907808,0.285877501265272,0.364040395128276
"SGP-2018","Singapore",2018,"Alta renda",0.596510197706996,0.460706655730188,0.484942650898405,0.393286711184405,0.460706655730188
"SGP-2019","Singapore",2019,"Alta renda",0.890537842221305,0.791797065570968,0.983560601710554,0.863474910186915,0.784451266402922
"SGP-2020","Singapore",2020,"Alta renda",1,0.912025673591813,1,0.854236424474218,0.912370106638134
"SGP-2021","Singapore",2021,"Alta renda",0.827055123530305,0.758150253160443,1,0.843790840170847,0.758876369233935
"SVN-2018","Slovenia",2018,"Alta renda",1,0.638568883153027,1,0.669184309239654,0.638568883153027
"SWE-2017","Sweden",2017,"Alta renda",0.211699668139934,0.167344463939104,0.284843668606653,0.222585611416297,0.167344463939104
"SWE-2018","Sweden",2018,"Alta renda",0.0848517634171302,0.0650436338032445,0.247055428685518,0.205730688901831,0.0650436338032445
"SWE-2019","Sweden",2019,"Alta renda",0.344974867399873,0.303470083407687,0.42585822370084,0.352501090540953,0.299233075580719
"SWE-2020","Sweden",2020,"Alta renda",0.393425478745519,0.344187165281675,0.525128079474999,0.451364483701658,0.344337464253741
"SWE-2021","Sweden",2021,"Alta renda",0.333891865482003,0.310496236540232,0.444072442521026,0.376345650189324,0.310663100587763
"TUR-2017","Turkey",2017,"Renda média-alta",0.292753980611966,0.22525065151464,0.292753980611966,0.231948640542669,0.22525065151464
"TUR-2018","Turkey",2018,"Renda média-alta",0.215395980779642,0.166367458913183,0.215395980779642,0.170823437669594,0.166367458913183
"TUR-2019","Turkey",2019,"Renda média-alta",0.634336949352343,0.586281813857714,0.634336949352343,0.561807379834421,0.58058919791891
"TUR-2020","Turkey",2020,"Renda média-alta",1,0.81850961460271,1,0.839036385330195,0.817017623462362
"TUR-2021","Turkey",2021,"Renda média-alta",1,0.728645070273394,1,0.737173036525295,0.725854303160157
"UKR-2021","Ukraine",2021,"Renda média-alta",1,0.713894367417389,1,0.721164056823896,0.716749944765558
"USA-2017","United States",2017,"Alta renda",0.889746292253256,0.629542683758056,1,0.718303285337465,0.629542683758056
"USA-2018","United States",2018,"Alta renda",0.803341132937911,0.565192349953009,1,0.70532999559372,0.565192349953009
"USA-2019","United States",2019,"Alta renda",0.7424134055382,0.600845207725177,1,0.745660783689735,0.596059078370804
"USA-2020","United States",2020,"Alta renda",0.757244270640666,0.612398514918164,1,0.812226673665005,0.613491445702478
"USA-2021","United States",2021,"Alta renda",0.646074628307955,0.502379918136265,1,0.758765286744704,0.505092862506803
"ZAF-2017","South Africa",2017,"Renda média-alta",0.150130591817916,0.117559102092018,0.154537101073007,0.120730316760227,0.117559102092018
"ZAF-2018","South Africa",2018,"Renda média-alta",0.171582211152184,0.140938092057355,0.175958118047583,0.137159373396095,0.140938092057355
"ZAF-2019","South Africa",2019,"Renda média-alta",0.27287928068727,0.237955835868998,0.286621968530699,0.245276864129708,0.236219767189879
"ZAF-2020","South Africa",2020,"Renda média-alta",0.402280572899519,0.346853616979306,0.475520267437839,0.41145898224947,0.346896345568425
"ZAF-2021","South Africa",2021,"Renda média-alta",0.363279755950972,0.3094273582032,0.34603866156692,0.296480145766772,0.309580687213437
