"id","pais","ano","grupo_renda","escore_bc","escore_bc_pub","escore_bc_pat"
"ARG-2017","Argentina",2017,"Renda média-alta",0.521741218667887,0.207050327926378,0.45359223642333
"ARG-2018","Argentina",2018,"Renda média-alta",0.135552609796388,0.114700974505503,0.0473891928160723
"ARG-2019","Argentina",2019,"Renda média-alta",0.165170782018236,0.161269209810743,0.125259982155701
"ARG-2020","Argentina",2020,"Renda média-alta",0.375863368237382,0.362310623542972,0.116764114339962
"ARG-2021","Argentina",2021,"Renda média-alta",0.260549360197059,0.254408832247406,0.143035859201856
"AUS-2017","Australia",2017,"Alta renda",0.349797522240393,0.339707343150003,0.0638540362876632
"AUS-2018","Australia",2018,"Alta renda",0.266894617321837,0.260856053486317,0.0996866882127017
"AUS-2019","Australia",2019,"Alta renda",0.712105781878991,0.712327763530742,0.0619110184828617
"AUS-2020","Australia",2020,"Alta renda",0.350031229668134,0.353539046877434,0.105397817959101
"AUS-2021","Australia",2021,"Alta renda",0.710124441292096,0.703519037313946,0.0789075686006979
"AUT-2017","Austria",2017,"Alta renda",0.331040400901651,0.302784766285042,0.19564221532867
"AUT-2018","Austria",2018,"Alta renda",0.296438284035097,0.230169794240994,0.215761808098783
"AUT-2019","Austria",2019,"Alta renda",0.2846574368718,0.279364572515899,0.0407417596245107
"AUT-2020","Austria",2020,"Alta renda",0.211511887264399,0.189139445200892,0.0867386533757131
"AUT-2021","Austria",2021,"Alta renda",0.309929338029754,0.290278284770039,0.0876613742431838
"BEL-2017","Belgium",2017,"Alta renda",0.183823767902481,0.166710593923776,0.105429835768957
"BEL-2018","Belgium",2018,"Alta renda",0.141380802338036,0.0866864200701657,0.146136520127271
"BEL-2019","Belgium",2019,"Alta renda",0.273022959420302,0.259452376158963,0.0628196896559215
"BEL-2020","Belgium",2020,"Alta renda",0.132788428537663,0.122786417064519,0.0857700949180686
"BEL-2021","Belgium",2021,"Alta renda",0.273089472763138,0.269650792879098,0.0617915770475368
"BGR-2018","Bulgaria",2018,"Alta renda",0.669919364841244,0.621062885955142,NA
"BGR-2019","Bulgaria",2019,"Alta renda",0.679753336372054,0.659520376342489,0.57197185146247
"BGR-2020","Bulgaria",2020,"Alta renda",0.678284923267606,0.64486564998181,0.613629049061139
"BGR-2021","Bulgaria",2021,"Alta renda",0.705823698532675,0.686133905578208,0.580445530367189
"BRA-2017","Brazil",2017,"Renda média-alta",0.37310257923295,0.358536960015813,0.018353173626974
"BRA-2018","Brazil",2018,"Renda média-alta",0.218359569814888,0.207147336426659,0.0268077161765871
"BRA-2019","Brazil",2019,"Renda média-alta",0.534976793657734,0.536346883474202,0.0302705309694408
"BRA-2020","Brazil",2020,"Renda média-alta",0.252972940119836,0.253509291992811,0.0518680209559994
"BRA-2021","Brazil",2021,"Renda média-alta",0.4974993744538,0.49704299577603,0.0369657459993453
"CAN-2017","Canada",2017,"Alta renda",0.293282921052994,0.236504969898689,0.293280855422831
"CAN-2018","Canada",2018,"Alta renda",0.455500847804516,0.231577556243078,0.458501077142507
"CAN-2019","Canada",2019,"Alta renda",0.323531592777117,0.234898697347934,0.262549877521918
"CAN-2020","Canada",2020,"Alta renda",0.446080041825478,0.230188111964106,0.444851889869577
"CAN-2021","Canada",2021,"Alta renda",0.799214089518926,0.742743390830098,0.335737760565773
"CHE-2017","Switzerland",2017,"Alta renda",0.141365831138722,0.0958879692664574,0.141820329429412
"CHE-2018","Switzerland",2018,"Alta renda",0.147324956406265,0.0968479192780119,0.1492222486789
"CHE-2019","Switzerland",2019,"Alta renda",0.210733225243543,0.212815261629916,0.131318068954405
"CHE-2020","Switzerland",2020,"Alta renda",0.189405927461737,0.0990186901509078,0.191965103541893
"CHE-2021","Switzerland",2021,"Alta renda",0.359687721063895,0.338711348420786,0.150335542464413
"CHL-2017","Chile",2017,"Alta renda",0.213800657304643,0.20147990472391,NA
"CHL-2018","Chile",2018,"Alta renda",0.332022739864014,0.324090327044583,0.613602191693287
"CHL-2019","Chile",2019,"Alta renda",0.266473538143049,0.266492510930016,0.196868280486525
"CHL-2020","Chile",2020,"Alta renda",0.234477257549926,0.210919420805807,0.181078900057528
"CHL-2021","Chile",2021,"Alta renda",0.291561827967363,0.289383477403558,0.102903947585872
"CHN-2017","China",2017,"Renda média-alta",0.697031118727646,0.671766682855185,0.521179005229185
"CHN-2018","China",2018,"Renda média-alta",0.690391666575464,0.666952398263931,0.501090970751979
"CHN-2019","China",2019,"Renda média-alta",0.68858947432193,0.669281376094858,0.520705467791947
"CHN-2020","China",2020,"Renda média-alta",0.679855920589556,0.661997198840217,0.667718410199355
"CHN-2021","China",2021,"Renda média-alta",0.708841327838705,0.691180980301109,0.642419407799771
"COL-2017","Colombia",2017,"Renda média-alta",0.678066117208731,0.628374626397351,0.602190023813349
"COL-2018","Colombia",2018,"Renda média-alta",0.705289027683339,0.677110570476387,0.386107744261274
"COL-2020","Colombia",2020,"Renda média-alta",0.444682004270982,0.426312271219006,0.0556491868534413
"COL-2021","Colombia",2021,"Renda média-alta",0.494002246843857,0.481479973198838,0.0686740432897122
"CZE-2017","Czechia",2017,"Alta renda",0.473376629570102,0.412135258698754,0.195475391542942
"CZE-2018","Czechia",2018,"Alta renda",0.223516532316872,0.216273015496666,0.0764651034557728
"CZE-2019","Czechia",2019,"Alta renda",0.509951126454433,0.497780943215835,0.0737234650804442
"CZE-2020","Czechia",2020,"Alta renda",0.321541854855621,0.313932812760953,0.0648623317999402
"CZE-2021","Czechia",2021,"Alta renda",0.271349525471915,0.258022767819262,0.0740929028264517
"DEU-2017","Germany",2017,"Alta renda",0.333894359441107,0.321819433396975,0.150597293878703
"DEU-2018","Germany",2018,"Alta renda",0.369822112419873,0.339783204251272,0.180582571100969
"DEU-2019","Germany",2019,"Alta renda",0.347985549123894,0.304862825729679,0.204951942459803
"DEU-2020","Germany",2020,"Alta renda",0.411239830652204,0.317301264255471,0.280600131880623
"DEU-2021","Germany",2021,"Alta renda",0.441933348398575,0.383719912810527,0.242650236576845
"DNK-2017","Denmark",2017,"Alta renda",0.192725719603535,0.182941498169919,0.0444555744771656
"DNK-2018","Denmark",2018,"Alta renda",0.109926302432867,0.108861817035855,0.064338754561094
"DNK-2019","Denmark",2019,"Alta renda",0.094363661371267,0.0834831080213317,0.0662321213521067
"DNK-2020","Denmark",2020,"Alta renda",0.233432116688391,0.21050698160481,0.0950312875026578
"DNK-2021","Denmark",2021,"Alta renda",0.327461099061117,0.317230996542963,0.123541214444802
"ESP-2017","Spain",2017,"Alta renda",0.294395352706366,0.284026487307375,0.101318229420713
"ESP-2018","Spain",2018,"Alta renda",0.209171437566934,0.203026946950535,0.0991562339993982
"ESP-2019","Spain",2019,"Alta renda",0.795236998687157,0.791733158394117,0.0528726419796793
"ESP-2020","Spain",2020,"Alta renda",0.363830517727562,0.363330025938707,0.113197764691083
"ESP-2021","Spain",2021,"Alta renda",0.778924173100707,0.77871506726984,0.0911877675087348
"FIN-2017","Finland",2017,"Alta renda",0.326275563638506,0.100717582559088,0.322677681362234
"FIN-2018","Finland",2018,"Alta renda",0.325415803179285,0.112642831263619,0.349901823315053
"FIN-2019","Finland",2019,"Alta renda",0.308049112139701,0.177458207842946,0.279254643999096
"FIN-2020","Finland",2020,"Alta renda",0.256290511385952,0.102358891210284,0.255524654695471
"FIN-2021","Finland",2021,"Alta renda",0.332356722505185,0.233956756071474,0.288063469888723
"FRA-2017","France",2017,"Alta renda",0.300576532126942,0.301349162716495,0.128734960241436
"FRA-2018","France",2018,"Alta renda",0.268624035572267,0.268253398652239,0.156562294988577
"FRA-2019","France",2019,"Alta renda",0.516228124800387,0.531065968528097,0.101457704079734
"FRA-2020","France",2020,"Alta renda",0.268114994449022,0.200597238844304,0.198376059738648
"FRA-2021","France",2021,"Alta renda",0.42825705994601,0.415449578108064,0.142297261917695
"GBR-2017","United Kingdom",2017,"Alta renda",0.371888007417411,0.367426789413193,0.178789992133704
"GBR-2018","United Kingdom",2018,"Alta renda",0.357367991311759,0.352475244164392,0.172175455745212
"GBR-2019","United Kingdom",2019,"Alta renda",0.303373546479241,0.304887275289967,0.0981117521285941
"GBR-2020","United Kingdom",2020,"Alta renda",0.30265640215785,0.303905572428123,0.142828403877631
"GBR-2021","United Kingdom",2021,"Alta renda",0.533107903381138,0.524882324914903,0.131590319166446
"GRC-2017","Greece",2017,"Alta renda",0.445360104077892,0.4334412000621,0.0998460463399233
"GRC-2018","Greece",2018,"Alta renda",0.4658378492609,0.458548786569487,0.058037102454363
"GRC-2019","Greece",2019,"Alta renda",0.736711203175426,0.71369084318434,0.126431760860865
"GRC-2020","Greece",2020,"Alta renda",0.665364666820295,0.650079515946499,0.157105764713042
"GRC-2021","Greece",2021,"Alta renda",0.505611643241168,0.510345541681945,0.0802536096051008
"HRV-2020","Croatia",2020,"Alta renda",0.677401177884575,0.635047193089538,0.60342204871992
"HRV-2021","Croatia",2021,"Alta renda",0.738789466640995,0.715409251363502,0.389879812426152
"HUN-2017","Hungary",2017,"Alta renda",0.762051860070966,0.180306780012249,0.749912318604591
"HUN-2018","Hungary",2018,"Alta renda",0.671043456493306,0.305157095293028,0.558430924900728
"HUN-2019","Hungary",2019,"Alta renda",0.288655214283755,0.263902206126797,0.179465474982463
"HUN-2020","Hungary",2020,"Alta renda",0.491709531229935,0.298852114552733,0.447389743489005
"HUN-2021","Hungary",2021,"Alta renda",0.336768699851561,0.312258259080291,0.184253033733459
"IND-2017","India",2017,"Renda média-baixa",0.705876425207339,0.700194277470411,0.763920304402705
"IND-2018","India",2018,"Renda média-baixa",0.714444579629295,0.723931802858852,0.761877077165195
"IND-2019","India",2019,"Renda média-baixa",0.70603490480215,0.71752808456417,0.476602445358791
"IND-2020","India",2020,"Renda média-baixa",0.699879221019673,0.694022596767039,0.820568970367694
"IND-2021","India",2021,"Renda média-baixa",0.709410014607555,0.682370688728508,0.756517131046256
"IRL-2017","Ireland",2017,"Alta renda",0.556752578341565,0.127423386774287,0.556057111420575
"IRL-2018","Ireland",2018,"Alta renda",0.604467532225279,0.145063802837539,0.656658387396037
"IRL-2019","Ireland",2019,"Alta renda",0.390284738492546,0.207231008488214,0.379987076607174
"IRL-2020","Ireland",2020,"Alta renda",0.281392806428192,0.136355203729965,0.286287660417124
"IRL-2021","Ireland",2021,"Alta renda",0.353321321652153,0.252060595027255,0.242355346034194
"ISR-2017","Israel",2017,"Alta renda",0.547665113129206,0.0553386866896913,0.543061196481413
"ISR-2018","Israel",2018,"Alta renda",0.501016300945257,0.0510306959635331,0.504300449080507
"ISR-2019","Israel",2019,"Alta renda",0.371482613362547,0.0826510542213324,0.366450039501946
"ISR-2020","Israel",2020,"Alta renda",0.521537474396387,0.0452274846624662,0.514136921036211
"ISR-2021","Israel",2021,"Alta renda",0.39914087384168,0.15047966928499,0.388034836404385
"ITA-2017","Italy",2017,"Alta renda",0.724577710413083,0.696521226067421,0.178420298255729
"ITA-2018","Italy",2018,"Alta renda",0.699301180065604,0.688000442598818,0.436618714637094
"ITA-2019","Italy",2019,"Alta renda",0.815074227121555,0.812902317742004,0.0512713148925733
"ITA-2020","Italy",2020,"Alta renda",0.674983512602889,0.676144169169088,0.141128551123161
"ITA-2021","Italy",2021,"Alta renda",0.781183454520859,0.774541351643184,0.104837018851442
"JPN-2017","Japan",2017,"Alta renda",0.677233211623911,0.463163634850664,0.611591862130097
"JPN-2018","Japan",2018,"Alta renda",0.673755362350483,0.400606767592961,0.635475946854171
"JPN-2019","Japan",2019,"Alta renda",0.698182278625656,0.829035754553954,0.600511377312649
"JPN-2020","Japan",2020,"Alta renda",0.703375624156732,0.326369089191064,0.65705644863937
"JPN-2021","Japan",2021,"Alta renda",0.728443238962944,0.76848770334209,0.607678486515932
"KOR-2017","South Korea",2017,"Alta renda",0.588753814750655,0.278885914434284,0.529251812812364
"KOR-2018","South Korea",2018,"Alta renda",0.675998000274133,0.2824285694197,0.625800680826435
"KOR-2019","South Korea",2019,"Alta renda",0.686639931877898,0.747259221420869,0.592491011967524
"KOR-2020","South Korea",2020,"Alta renda",0.721938526507821,0.268426631687448,0.676705688942194
"KOR-2021","South Korea",2021,"Alta renda",0.731333282050711,0.572499753184101,0.623499249511185
"LUX-2018","Luxembourg",2018,"Alta renda",0.369770220637048,0.30329353051747,0.598652541136234
"LUX-2019","Luxembourg",2019,"Alta renda",0.178686244713959,0.161177001570361,0.151262488056319
"LUX-2020","Luxembourg",2020,"Alta renda",0.696628825961761,0.328767852113429,0.642386106237962
"LUX-2021","Luxembourg",2021,"Alta renda",0.159763344555203,0.139493931019657,0.136038075794814
"MEX-2017","Mexico",2017,"Renda média-alta",0.363518930210205,0.348090064267403,0.0854798080801442
"MEX-2018","Mexico",2018,"Renda média-alta",0.369587697635218,0.356364535869666,0.0382122172699562
"MEX-2019","Mexico",2019,"Renda média-alta",0.727452341496942,0.719891987746857,0.167936169614884
"MEX-2020","Mexico",2020,"Renda média-alta",0.26359985351855,0.259380149773169,0.115606105986024
"MEX-2021","Mexico",2021,"Renda média-alta",0.362454133344255,0.360986332129459,0.0449950367622768
"MYS-2017","Malaysia",2017,"Renda média-alta",0.753446986176267,0.729938566780825,0.0664032751694512
"MYS-2018","Malaysia",2018,"Renda média-alta",0.688479167331019,0.657417256829818,0.175216686170373
"MYS-2019","Malaysia",2019,"Renda média-alta",0.757486314878431,0.74416826921596,0.0321953846297957
"MYS-2020","Malaysia",2020,"Renda média-alta",0.641383050319329,0.626806177331501,0.107233682856247
"MYS-2021","Malaysia",2021,"Renda média-alta",0.794838449588063,0.790781729802344,0.0905223758923126
"NLD-2017","Netherlands",2017,"Alta renda",0.318355197283267,0.11923741490794,0.313626452994643
"NLD-2018","Netherlands",2018,"Alta renda",0.423260473283263,0.125775884681529,0.420486948783806
"NLD-2019","Netherlands",2019,"Alta renda",0.285815667349952,0.177210253559669,0.236577299673356
"NLD-2020","Netherlands",2020,"Alta renda",0.295900835584406,0.199041326738388,0.308377194109561
"NLD-2021","Netherlands",2021,"Alta renda",0.576142762596159,0.534919133334055,0.266325602745984
"NOR-2017","Norway",2017,"Alta renda",0.249292984566264,0.213871485562865,0.0796911740572735
"NOR-2018","Norway",2018,"Alta renda",0.133748177420028,0.128714915146289,0.0330621157869847
"NOR-2019","Norway",2019,"Alta renda",0.195619202611296,0.190327716040453,0.0840292738015814
"NOR-2020","Norway",2020,"Alta renda",0.0812326941882341,0.0796604437058086,0.0470738924604151
"NOR-2021","Norway",2021,"Alta renda",0.301860533231144,0.306472706045529,0.0621877164785136
"NZL-2017","New Zealand",2017,"Alta renda",0.221019143594714,0.225356189521144,0.183339903788533
"NZL-2018","New Zealand",2018,"Alta renda",0.480545733184333,0.336268250750365,0.297670005681006
"NZL-2019","New Zealand",2019,"Alta renda",0.260018020975786,0.259373775402748,0.088418170835484
"NZL-2020","New Zealand",2020,"Alta renda",0.254338288507709,0.14849064751587,0.255594460319267
"NZL-2021","New Zealand",2021,"Alta renda",0.311416226049316,0.207298963473616,0.196303327876202
"PHL-2017","Philippines",2017,"Renda média-alta",0.349219533710296,0.170199453210306,0.30201237261099
"PHL-2019","Philippines",2019,"Renda média-alta",0.292552888955924,0.28533307492889,0.0490091978680901
"PHL-2020","Philippines",2020,"Renda média-alta",0.675478735878823,0.640917747265661,0.60696937437174
"PHL-2021","Philippines",2021,"Renda média-alta",0.320714214188157,0.312752616594684,0.057522116784126
"POL-2017","Poland",2017,"Alta renda",0.704240581822869,0.679172834111935,0.173366219656539
"POL-2018","Poland",2018,"Alta renda",0.37467049659409,0.362914752015821,0.132953250568727
"POL-2019","Poland",2019,"Alta renda",0.623118480384713,0.615030681287211,0.0670805604045633
"POL-2020","Poland",2020,"Alta renda",0.363568988031937,0.359571035049373,0.141689512623906
"POL-2021","Poland",2021,"Alta renda",0.48916164410466,0.465961263162357,0.188737102778191
"PRT-2017","Portugal",2017,"Alta renda",0.506932160314761,0.488396168682099,0.032305161160601
"PRT-2018","Portugal",2018,"Alta renda",0.454248116165775,0.452186796590874,0.106930233225151
"PRT-2019","Portugal",2019,"Alta renda",0.49806124715592,0.504981665414548,0.100434496654014
"PRT-2020","Portugal",2020,"Alta renda",0.301912292171382,0.303202967867493,0.229416112591557
"PRT-2021","Portugal",2021,"Alta renda",0.525958686877944,0.436769558349482,0.160453130802802
"ROU-2017","Romania",2017,"Alta renda",0.677061161571902,0.636485084135927,0.594110264762743
"ROU-2019","Romania",2019,"Alta renda",0.685192013587882,0.666145996305626,0.576590972788183
"ROU-2020","Romania",2020,"Alta renda",0.691206952708623,0.679677513931173,0.446197607908123
"ROU-2021","Romania",2021,"Alta renda",0.725513617666568,0.754770991838505,0.680316527124753
"RUS-2017","Russia",2017,"Alta renda",0.711918588369594,0.749504602401675,0.754451645742963
"RUS-2018","Russia",2018,"Alta renda",0.731045136093621,0.557506991850216,0.719625479117774
"RUS-2019","Russia",2019,"Alta renda",0.751567510846094,0.740409352896285,0.141527463213503
"RUS-2020","Russia",2020,"Alta renda",0.69965581488868,0.6814160260606,0.792426196427948
"RUS-2021","Russia",2021,"Alta renda",0.73965991790537,0.726840816987549,0.323713551079577
"SAU-2017","Saudi Arabia",2017,"Alta renda",0.274992320764897,0.238103449949025,0.275830008960563
"SAU-2018","Saudi Arabia",2018,"Alta renda",0.372678896804327,0.351711566699211,0.211219281857277
"SAU-2019","Saudi Arabia",2019,"Alta renda",0.359511153763171,0.365517789034521,0.174003819822928
"SAU-2020","Saudi Arabia",2020,"Alta renda",0.381194189982781,0.389459207667259,0.412422003405642
"SAU-2021","Saudi Arabia",2021,"Alta renda",0.394469560907153,0.38182927308203,0.301312743528426
"SGP-2017","Singapore",2017,"Alta renda",0.284656310324036,0.250038446840841,0.296357618511707
"SGP-2018","Singapore",2018,"Alta renda",0.392441586675508,0.308801800563259,0.423412575282763
"SGP-2019","Singapore",2019,"Alta renda",0.446415978316007,0.314584501667184,0.342934803763055
"SGP-2020","Singapore",2020,"Alta renda",0.552440939467157,0.278418088974789,0.557530303962084
"SGP-2021","Singapore",2021,"Alta renda",0.772782028588944,0.575180551284726,0.628491954432389
"SVN-2017","Slovenia",2017,"Alta renda",0.676718232460021,0.631873907030049,0.595219405283617
"SVN-2018","Slovenia",2018,"Alta renda",0.665057737788469,0.62262932712395,0.598239634462835
"SVN-2021","Slovenia",2021,"Alta renda",0.292243449105761,0.285122248888687,0.00781764260686627
"SWE-2017","Sweden",2017,"Alta renda",0.223045064090785,0.166827017930443,0.171222552184033
"SWE-2018","Sweden",2018,"Alta renda",0.204463038819321,0.0650616473156275,0.205315786812533
"SWE-2019","Sweden",2019,"Alta renda",0.317057816324273,0.275094450303453,0.173386556194182
"SWE-2020","Sweden",2020,"Alta renda",0.37878382378471,0.212519453439983,0.298073733411192
"SWE-2021","Sweden",2021,"Alta renda",0.266484566173256,0.194172801352619,0.264965035086248
"TUR-2017","Turkey",2017,"Renda média-alta",0.233002274619692,0.22291401584528,0.0563651431792053
"TUR-2018","Turkey",2018,"Renda média-alta",0.170625783099569,0.165549774626408,0.0355419812884889
"TUR-2019","Turkey",2019,"Renda média-alta",0.329316289843666,0.340588157063116,0.0138581181770698
"TUR-2020","Turkey",2020,"Renda média-alta",0.755432163822837,0.714155876400232,0.290920605971961
"TUR-2021","Turkey",2021,"Renda média-alta",0.718868108293145,0.709057899319651,0.397264054860343
"UKR-2020","Ukraine",2020,"Renda média-alta",0.678599591782694,0.637352702743656,0.612956597124001
"UKR-2021","Ukraine",2021,"Renda média-alta",0.705854466859259,0.689227894809878,0.576285191548781
"USA-2017","United States",2017,"Alta renda",0.719315107741893,0.627208414882188,0.697686728786846
"USA-2018","United States",2018,"Alta renda",0.702790559804808,0.562790676609808,0.688664174212193
"USA-2019","United States",2019,"Alta renda",0.710035249019792,0.534658768979703,0.639722344846094
"USA-2020","United States",2020,"Alta renda",0.729484936926318,0.532961814894388,0.672241825264792
"USA-2021","United States",2021,"Alta renda",0.753760885925377,0.48786166943015,0.642275880080297
"ZAF-2017","South Africa",2017,"Renda média-alta",0.120007213722157,0.118394857411685,0.123090464637166
"ZAF-2018","South Africa",2018,"Renda média-alta",0.137234865675354,0.143210184127264,0.167433438776935
"ZAF-2019","South Africa",2019,"Renda média-alta",0.203032489318917,0.201325817160557,0.0703530602556972
"ZAF-2020","South Africa",2020,"Renda média-alta",0.212172053863436,0.174569645905451,0.218612680236273
"ZAF-2021","South Africa",2021,"Renda média-alta",0.286144922944644,0.28599209558853,0.0146522672738786
