"pais","ano","escore_crs","grupo_renda","grupo_renda2"
"Australia",2017,0.836800630407616,"Alta renda","Alta renda"
"Australia",2018,0.887340780215225,"Alta renda","Alta renda"
"Australia",2019,0.839705347895067,"Alta renda","Alta renda"
"Australia",2020,0.808139069378531,"Alta renda","Alta renda"
"Australia",2021,0.829336243219866,"Alta renda","Alta renda"
"Austria",2017,0.712787899179756,"Alta renda","Alta renda"
"Austria",2018,0.620165082542114,"Alta renda","Alta renda"
"Austria",2019,0.587103076939727,"Alta renda","Alta renda"
"Austria",2020,0.534742982083906,"Alta renda","Alta renda"
"Austria",2021,0.494744814308469,"Alta renda","Alta renda"
"Belgium",2017,0.698415231093111,"Alta renda","Alta renda"
"Belgium",2018,0.621049440212624,"Alta renda","Alta renda"
"Belgium",2019,0.542795392228607,"Alta renda","Alta renda"
"Belgium",2020,0.482054648466769,"Alta renda","Alta renda"
"Belgium",2021,0.458073997080257,"Alta renda","Alta renda"
"Brazil",2017,0.745085965971767,"Renda média-alta","Renda média"
"Brazil",2018,0.833211846361889,"Renda média-alta","Renda média"
"Brazil",2019,0.784419802990591,"Renda média-alta","Renda média"
"Brazil",2020,0.698695609079501,"Renda média-alta","Renda média"
"Brazil",2021,0.48960025521144,"Renda média-alta","Renda média"
"Canada",2017,0.660831230514918,"Alta renda","Alta renda"
"Canada",2018,0.699056845141126,"Alta renda","Alta renda"
"Canada",2019,0.650344767432471,"Alta renda","Alta renda"
"Canada",2020,0.71422119076197,"Alta renda","Alta renda"
"Canada",2021,0.629394294871313,"Alta renda","Alta renda"
"China",2017,0.628430928313685,"Renda média-alta","Renda média"
"China",2018,0.994400708847849,"Renda média-alta","Renda média"
"China",2019,1,"Renda média-alta","Renda média"
"China",2020,1,"Renda média-alta","Renda média"
"China",2021,1,"Renda média-alta","Renda média"
"Czechia",2017,0.963766807800346,"Alta renda","Alta renda"
"Czechia",2018,0.926576176519908,"Alta renda","Alta renda"
"Czechia",2019,0.798740767207368,"Alta renda","Alta renda"
"Czechia",2020,0.649368217779203,"Alta renda","Alta renda"
"Czechia",2021,0.587140553295805,"Alta renda","Alta renda"
"Denmark",2017,0.753925407745266,"Alta renda","Alta renda"
"Denmark",2018,0.715393665145395,"Alta renda","Alta renda"
"Denmark",2019,0.589931287215989,"Alta renda","Alta renda"
"Denmark",2020,0.537180039067196,"Alta renda","Alta renda"
"Denmark",2021,0.515607648447712,"Alta renda","Alta renda"
"Finland",2017,0.816610345263605,"Alta renda","Alta renda"
"Finland",2018,0.774876024227221,"Alta renda","Alta renda"
"Finland",2019,0.672568013306147,"Alta renda","Alta renda"
"Finland",2020,0.518638925176841,"Alta renda","Alta renda"
"Finland",2021,0.49274458928586,"Alta renda","Alta renda"
"France",2017,0.922014645259025,"Alta renda","Alta renda"
"France",2018,0.77225935430174,"Alta renda","Alta renda"
"France",2019,0.666151300273625,"Alta renda","Alta renda"
"France",2020,0.554535872162425,"Alta renda","Alta renda"
"France",2021,0.485473173198231,"Alta renda","Alta renda"
"Germany",2017,0.965974362835121,"Alta renda","Alta renda"
"Germany",2018,0.808265718999706,"Alta renda","Alta renda"
"Germany",2019,0.747106806512017,"Alta renda","Alta renda"
"Germany",2020,0.439051071233232,"Alta renda","Alta renda"
"Germany",2021,0.508165398691727,"Alta renda","Alta renda"
"Hungary",2017,1,"Alta renda","Alta renda"
"Hungary",2018,1,"Alta renda","Alta renda"
"Hungary",2019,0.849153201226255,"Alta renda","Alta renda"
"Hungary",2020,0.638701441054918,"Alta renda","Alta renda"
"Hungary",2021,0.558203849408279,"Alta renda","Alta renda"
"Israel",2017,0.486078070090732,"Alta renda","Alta renda"
"Israel",2018,0.400934321991772,"Alta renda","Alta renda"
"Israel",2019,0.340812872356939,"Alta renda","Alta renda"
"Israel",2020,0.287309961085856,"Alta renda","Alta renda"
"Israel",2021,0.23483911743123,"Alta renda","Alta renda"
"Italy",2017,1,"Alta renda","Alta renda"
"Italy",2018,1,"Alta renda","Alta renda"
"Italy",2019,1,"Alta renda","Alta renda"
"Italy",2020,1,"Alta renda","Alta renda"
"Italy",2021,1,"Alta renda","Alta renda"
"Japan",2017,1,"Alta renda","Alta renda"
"Japan",2018,1,"Alta renda","Alta renda"
"Japan",2019,0.907634521288516,"Alta renda","Alta renda"
"Japan",2020,0.709917028144003,"Alta renda","Alta renda"
"Japan",2021,0.72038197703434,"Alta renda","Alta renda"
"Malaysia",2017,0.998192591040413,"Renda média-alta","Renda média"
"Malaysia",2018,1,"Renda média-alta","Renda média"
"Malaysia",2019,1,"Renda média-alta","Renda média"
"Malaysia",2020,1,"Renda média-alta","Renda média"
"Malaysia",2021,1,"Renda média-alta","Renda média"
"Mexico",2017,0.973171254099441,"Renda média-alta","Renda média"
"Mexico",2018,1,"Renda média-alta","Renda média"
"Mexico",2019,0.89493533985317,"Renda média-alta","Renda média"
"Mexico",2020,0.781529885211927,"Renda média-alta","Renda média"
"Mexico",2021,0.658925409231974,"Renda média-alta","Renda média"
"Netherlands",2017,0.696340274839231,"Alta renda","Alta renda"
"Netherlands",2018,0.70048855554607,"Alta renda","Alta renda"
"Netherlands",2019,0.640419607484923,"Alta renda","Alta renda"
"Netherlands",2020,0.623926486893545,"Alta renda","Alta renda"
"Netherlands",2021,0.678493956065903,"Alta renda","Alta renda"
"New Zealand",2017,0.985613979843616,"Alta renda","Alta renda"
"New Zealand",2018,0.957952214421074,"Alta renda","Alta renda"
"New Zealand",2019,0.834408817148132,"Alta renda","Alta renda"
"New Zealand",2020,0.628951942722806,"Alta renda","Alta renda"
"New Zealand",2021,0.539356493079695,"Alta renda","Alta renda"
"Norway",2017,0.788309791121534,"Alta renda","Alta renda"
"Norway",2018,0.703344291504797,"Alta renda","Alta renda"
"Norway",2019,0.615037272823237,"Alta renda","Alta renda"
"Norway",2020,0.538831514274491,"Alta renda","Alta renda"
"Norway",2021,0.497232468110849,"Alta renda","Alta renda"
"Poland",2017,1,"Alta renda","Alta renda"
"Poland",2018,0.98127420126298,"Alta renda","Alta renda"
"Poland",2019,0.844854256017068,"Alta renda","Alta renda"
"Poland",2020,0.77293580255552,"Alta renda","Alta renda"
"Poland",2021,0.689551594562588,"Alta renda","Alta renda"
"Portugal",2017,1,"Alta renda","Alta renda"
"Portugal",2018,1,"Alta renda","Alta renda"
"Portugal",2019,0.876864850750585,"Alta renda","Alta renda"
"Portugal",2020,0.800600377364741,"Alta renda","Alta renda"
"Portugal",2021,0.731712538127686,"Alta renda","Alta renda"
"Russia",2017,0.907613884012626,"Alta renda","Alta renda"
"Russia",2018,0.954970692858856,"Alta renda","Alta renda"
"Russia",2019,1,"Alta renda","Alta renda"
"Russia",2020,1,"Alta renda","Alta renda"
"Russia",2021,0.948527335508369,"Alta renda","Alta renda"
"Singapore",2017,0.899651882492915,"Alta renda","Alta renda"
"Singapore",2018,0.923746152035654,"Alta renda","Alta renda"
"Singapore",2019,0.856964016168708,"Alta renda","Alta renda"
"Singapore",2020,0.910975466940727,"Alta renda","Alta renda"
"Singapore",2021,0.725102889014865,"Alta renda","Alta renda"
"South Africa",2017,0.954973245435232,"Renda média-alta","Renda média"
"South Africa",2018,0.926397836963501,"Renda média-alta","Renda média"
"South Africa",2019,0.798132397409292,"Renda média-alta","Renda média"
"South Africa",2020,0.658595990880568,"Renda média-alta","Renda média"
"South Africa",2021,0.582730394007083,"Renda média-alta","Renda média"
"South Korea",2017,1,"Alta renda","Alta renda"
"South Korea",2018,1,"Alta renda","Alta renda"
"South Korea",2019,1,"Alta renda","Alta renda"
"South Korea",2020,1,"Alta renda","Alta renda"
"South Korea",2021,1,"Alta renda","Alta renda"
"Spain",2017,1,"Alta renda","Alta renda"
"Spain",2018,1,"Alta renda","Alta renda"
"Spain",2019,0.977972167934526,"Alta renda","Alta renda"
"Spain",2020,0.91824302403312,"Alta renda","Alta renda"
"Spain",2021,0.811971077307479,"Alta renda","Alta renda"
"Sweden",2017,0.614859103092267,"Alta renda","Alta renda"
"Sweden",2018,0.559919940169523,"Alta renda","Alta renda"
"Sweden",2019,0.501373177171724,"Alta renda","Alta renda"
"Sweden",2020,0.409078387113679,"Alta renda","Alta renda"
"Sweden",2021,0.315926841195157,"Alta renda","Alta renda"
"Switzerland",2017,0.506698215914422,"Alta renda","Alta renda"
"Switzerland",2018,0.525541213419415,"Alta renda","Alta renda"
"Switzerland",2019,0.456252010877115,"Alta renda","Alta renda"
"Switzerland",2020,0.425470399497893,"Alta renda","Alta renda"
"Switzerland",2021,0.434166856519193,"Alta renda","Alta renda"
"Turkey",2017,0.862486055119888,"Renda média-alta","Renda média"
"Turkey",2018,0.855797755118395,"Renda média-alta","Renda média"
"Turkey",2019,0.780693035418557,"Renda média-alta","Renda média"
"Turkey",2020,0.79272842297053,"Renda média-alta","Renda média"
"Turkey",2021,0.814500049022952,"Renda média-alta","Renda média"
"United Kingdom",2017,0.693600721475024,"Alta renda","Alta renda"
"United Kingdom",2018,0.577233652321962,"Alta renda","Alta renda"
"United Kingdom",2019,0.544809399756701,"Alta renda","Alta renda"
"United Kingdom",2020,0.532114899158616,"Alta renda","Alta renda"
"United Kingdom",2021,0.514951762053504,"Alta renda","Alta renda"
"United States",2017,0.303044879787433,"Alta renda","Alta renda"
"United States",2018,0.297484276354081,"Alta renda","Alta renda"
"United States",2019,0.255637265852566,"Alta renda","Alta renda"
"United States",2020,0.247849883596353,"Alta renda","Alta renda"
"United States",2021,0.191200656506593,"Alta renda","Alta renda"
