"pais","grupo_renda2","log_ec","escore_crs"
"Argentina","Renda média",0.0000000000000000185037170770859,1
"Austria","Alta renda",-0.487449792564931,1
"Brazil","Renda média",-0.419594874512754,1
"China","Renda média",0,1
"Greece","Alta renda",0,1
"Hungary","Alta renda",0.0206247768047219,0.534747048911698
"India","Renda média",0,1
"Israel","Alta renda",0.0613323649884066,0.0998136581240444
"Japan","Alta renda",-0.0694605510007624,0.564163902657443
"Mexico","Renda média",-0.137114733855608,1
"Norway","Alta renda",-0.229902908708103,0.371492739664856
"Poland","Alta renda",-0.226215003981065,1
"Singapore","Alta renda",0.0600612648196824,0.497756710052063
"South Africa","Renda média",0.127769638291872,0.20358513569616
"Spain","Alta renda",0.0317959578983023,0.43938367958448
"United States","Alta renda",-0.192517624091509,0.362521402807857
