"id","pais","ano","grupo","escore_meta","escore_grupo","tgr"
"ARG-2017","Argentina",2017,"Renda média",0.154979615725618,0.161649812367446,0.958736749866026
"ARG-2019","Argentina",2019,"Renda média",0.709781231750936,0.769078896939269,0.922897812663535
"ARG-2020","Argentina",2020,"Renda média",0.184170778768882,0.223621653549418,0.823582045144756
"ARG-2021","Argentina",2021,"Renda média",0.182646358318092,0.220130034163844,0.829720301511185
"AUS-2015","Australia",2015,"Alta renda",0.394625471786874,0.70891034972619,0.556664847592216
"AUS-2017","Australia",2017,"Alta renda",0.694722039196983,1,0.694722039196983
"AUS-2019","Australia",2019,"Alta renda",0.584020159012487,1,0.584020159012487
"AUT-2013","Austria",2013,"Alta renda",1,1,1
"AUT-2014","Austria",2014,"Alta renda",0.381715077658518,0.498174624113491,0.766227461580938
"AUT-2016","Austria",2016,"Alta renda",0.56825149261669,0.815048301563184,0.697199775187358
"AUT-2017","Austria",2017,"Alta renda",0.333851846401017,0.440849261937056,0.757292515210525
"AUT-2018","Austria",2018,"Alta renda",0.226383004599327,0.363578630748977,0.62265211828587
"AUT-2019","Austria",2019,"Alta renda",0.227865607045842,0.407436931794063,0.5592659606052
"AUT-2020","Austria",2020,"Alta renda",0.239787391469378,0.446299841920817,0.537278683401196
"AUT-2021","Austria",2021,"Alta renda",0.226235899843833,0.463859897380365,0.487724636515236
"BEL-2013","Belgium",2013,"Alta renda",0.437936554302948,0.539987172636518,0.811012884185189
"BEL-2016","Belgium",2016,"Alta renda",0.187581709908349,0.320066954489011,0.586070218363604
"BEL-2017","Belgium",2017,"Alta renda",0.127187070465829,0.264595038224023,0.480685772943875
"BEL-2018","Belgium",2018,"Alta renda",0.278837965605196,0.399325544271,0.698272298393123
"BRA-2014","Brazil",2014,"Renda média",0.383157222256226,0.383157222256226,1
"BRA-2015","Brazil",2015,"Renda média",0.249430815229431,0.249430815229431,1
"BRA-2016","Brazil",2016,"Renda média",0.570189986636141,0.570189986636141,1
"BRA-2017","Brazil",2017,"Renda média",0.306194083205738,0.306194083205738,1
"BRA-2018","Brazil",2018,"Renda média",0.32463720848921,0.32463720848921,1
"BRA-2019","Brazil",2019,"Renda média",0.278557853135194,0.278557853135194,1
"BRA-2020","Brazil",2020,"Renda média",0.261421298185307,0.261421298185307,1
"BGR-2018","Bulgaria",2018,"Alta renda",0.603755666015511,1,0.603755666015511
"CHL-2014","Chile",2014,"Alta renda",0.185274480410577,0.189649857519588,0.976929183252565
"CHL-2017","Chile",2017,"Alta renda",0.256912221793512,0.270673729285256,0.949158318658839
"CHL-2018","Chile",2018,"Alta renda",0.262911535654337,0.264159097756513,0.995277232119689
"CHL-2019","Chile",2019,"Alta renda",0.334076929043663,0.341856352553939,0.977243589442881
"CHN-2013","China",2013,"Renda média",1,1,1
"CHN-2014","China",2014,"Renda média",0.896806576566282,0.896806576566282,1
"CHN-2015","China",2015,"Renda média",0.884091392371763,0.884091392371763,1
"CHN-2016","China",2016,"Renda média",0.65190481891916,0.65190481891916,1
"CHN-2017","China",2017,"Renda média",0.762823749774305,0.762823749774304,1
"CHN-2018","China",2018,"Renda média",0.772976389966264,0.772976389966263,1
"CHN-2019","China",2019,"Renda média",1,1,1
"CHN-2020","China",2020,"Renda média",1,1,1
"CHN-2021","China",2021,"Renda média",1,1,1
"COL-2019","Colombia",2019,"Renda média",0.548256677310895,1,0.548256677310895
"HRV-2018","Croatia",2018,"Alta renda",0.459254482473081,1,0.459254482473081
"HRV-2019","Croatia",2019,"Alta renda",0.9025345164455,1,0.9025345164455
"FRA-2013","France",2013,"Alta renda",0.520991946893836,1,0.520991946893836
"FRA-2014","France",2014,"Alta renda",0.280871031053352,0.687616543802154,0.408470438335129
"FRA-2015","France",2015,"Alta renda",0.388528277914439,0.933223377971584,0.416329345240931
"FRA-2016","France",2016,"Alta renda",0.319476438134061,0.812966170837558,0.392976300360592
"FRA-2017","France",2017,"Alta renda",0.304487404419534,0.752863600175534,0.404439003756512
"FRA-2018","France",2018,"Alta renda",0.331746262842786,0.815472109670749,0.406814971240071
"GRC-2014","Greece",2014,"Alta renda",0.480407935691008,0.598522725932093,0.802656131298704
"GRC-2016","Greece",2016,"Alta renda",0.588761650676274,0.673226729947074,0.87453694942053
"GRC-2017","Greece",2017,"Alta renda",0.417049836114879,0.564194576247854,0.739195046660049
"GRC-2019","Greece",2019,"Alta renda",0.687306350121808,0.810540296366809,0.847960740758494
"GRC-2020","Greece",2020,"Alta renda",0.769179305058854,0.953118959907012,0.807012909630815
"GRC-2021","Greece",2021,"Alta renda",0.803080002110743,1,0.803080002110743
"HUN-2014","Hungary",2014,"Alta renda",0.245292983863043,0.261749780487391,0.937127753865908
"HUN-2015","Hungary",2015,"Alta renda",0.191691260820151,0.247502323077851,0.774502875109804
"HUN-2016","Hungary",2016,"Alta renda",0.254813904664997,0.281997899379752,0.903602137552987
"HUN-2018","Hungary",2018,"Alta renda",0.222734988078966,0.270922617693315,0.822135080398131
"HUN-2019","Hungary",2019,"Alta renda",0.341752358626822,0.398890997345481,0.856756258980769
"HUN-2020","Hungary",2020,"Alta renda",0.387064326912878,0.444774998825146,0.870247491282764
"HUN-2021","Hungary",2021,"Alta renda",0.370353081550462,0.451941840952331,0.819470666336303
"IND-2013","India",2013,"Renda média",1,1,1
"IND-2014","India",2014,"Renda média",0.603476143358398,0.607994177748539,0.992568951224382
"IND-2015","India",2015,"Renda média",0.738932273886443,0.743640312636105,0.993668930167364
"IND-2016","India",2016,"Renda média",1,1,1
"IND-2017","India",2017,"Renda média",0.784275182873156,0.787352109701669,0.996092057428183
"IND-2018","India",2018,"Renda média",0.889852564966129,0.891716371459147,0.99790986623923
"IND-2019","India",2019,"Renda média",1,1,1
"IND-2020","India",2020,"Renda média",1,1,1
"IRL-2016","Ireland",2016,"Alta renda",0.161190784921955,0.252487927330584,0.638409870230774
"IRL-2018","Ireland",2018,"Alta renda",0.192001167342142,0.296944501555036,0.646589400836426
"ISR-2013","Israel",2013,"Alta renda",0.0951840119900397,0.183194995263277,0.519577578269793
"ISR-2014","Israel",2014,"Alta renda",0.110759243800611,0.209645627347818,0.52831649866397
"ISR-2015","Israel",2015,"Alta renda",0.0883214341322293,0.203874429494059,0.433214868345239
"ISR-2016","Israel",2016,"Alta renda",0.0860599749542011,0.19858958644621,0.43335593015856
"ISR-2017","Israel",2017,"Alta renda",0.0935644627688186,0.229859518429303,0.407050634266407
"ISR-2018","Israel",2018,"Alta renda",0.0966089665536411,0.258150944513184,0.374234410553192
"ISR-2019","Israel",2019,"Alta renda",0.116671073630044,0.321021021745441,0.3634374876626
"ISR-2020","Israel",2020,"Alta renda",0.136485625939033,0.370784433683286,0.368099665304761
"ISR-2021","Israel",2021,"Alta renda",0.141135618320968,0.392407741929457,0.359665733471537
"ITA-2013","Italy",2013,"Alta renda",0.950114936021599,1,0.950114936021599
"ITA-2014","Italy",2014,"Alta renda",0.745796809512725,1,0.745796809512725
"JPN-2013","Japan",2013,"Alta renda",0.654340640388362,1,0.654340640388362
"JPN-2014","Japan",2014,"Alta renda",0.435134524221385,1,0.435134524221385
"JPN-2015","Japan",2015,"Alta renda",0.31338203326008,0.933781330177144,0.335605374762236
"JPN-2016","Japan",2016,"Alta renda",0.274232290623267,0.737518664459982,0.37183098386271
"JPN-2017","Japan",2017,"Alta renda",0.453944151698257,0.926359011513213,0.49003048068452
"JPN-2018","Japan",2018,"Alta renda",0.50884781659318,1,0.50884781659318
"JPN-2019","Japan",2019,"Alta renda",0.372350733239532,1,0.372350733239532
"JPN-2020","Japan",2020,"Alta renda",0.345766415671386,1,0.345766415671386
"JPN-2021","Japan",2021,"Alta renda",0.400181910565104,1,0.400181910565104
"LUX-2018","Luxembourg",2018,"Alta renda",0.231683202459157,0.96839922392496,0.239243482166513
"LUX-2019","Luxembourg",2019,"Alta renda",0.321782782298099,1,0.321782782298099
"LUX-2020","Luxembourg",2020,"Alta renda",0.334866026529427,0.510782318700116,0.655594397593135
"LUX-2021","Luxembourg",2021,"Alta renda",0.516889864450104,1,0.516889864450104
"MYS-2015","Malaysia",2015,"Renda média",1,1,1
"MYS-2018","Malaysia",2018,"Renda média",0.75453765643948,0.805215816991582,0.937062636522164
"MYS-2020","Malaysia",2020,"Renda média",0.938235060088016,1,0.938235060088016
"MEX-2015","Mexico",2015,"Renda média",0.572606339285172,0.572606339285172,1
"MEX-2016","Mexico",2016,"Renda média",0.650847496335702,0.650847496335702,1
"MEX-2017","Mexico",2017,"Renda média",0.505745374239425,0.533572430053771,0.947847650577557
"MEX-2018","Mexico",2018,"Renda média",1,1,1
"MEX-2019","Mexico",2019,"Renda média",0.511776348817707,0.583153985419415,0.877600705154452
"MEX-2020","Mexico",2020,"Renda média",0.742778184038999,0.853131837701272,0.870648768706586
"MEX-2021","Mexico",2021,"Renda média",0.550295046377465,0.6052050018374,0.909270486375312
"NLD-2013","Netherlands",2013,"Alta renda",0.609141569378845,0.69828338942306,0.87234148571418
"NLD-2014","Netherlands",2014,"Alta renda",0.406917514497497,0.544585487148236,0.747205946725375
"NLD-2015","Netherlands",2015,"Alta renda",0.178725192066412,0.367444562045675,0.486400427513187
"NLD-2016","Netherlands",2016,"Alta renda",0.154807436776065,0.368293047471282,0.420337657305725
"NLD-2017","Netherlands",2017,"Alta renda",0.163787094028547,0.366707831320109,0.446641931367898
"NOR-2013","Norway",2013,"Alta renda",0.655523724578098,0.690024743631459,0.950000316116508
"NOR-2014","Norway",2014,"Alta renda",0.136525880754665,0.201853086895029,0.676362610325913
"NOR-2016","Norway",2016,"Alta renda",0.211378275723302,0.276316608593688,0.76498577772473
"NOR-2017","Norway",2017,"Alta renda",0.134171760974423,0.228636813962645,0.586833584010423
"NOR-2018","Norway",2018,"Alta renda",0.199794410347086,0.316318534756423,0.631624101638353
"NOR-2019","Norway",2019,"Alta renda",0.163196088834123,0.318624550474135,0.512189310557759
"PER-2020","Peru",2020,"Renda média",1,1,1
"PHL-2018","Philippines",2018,"Renda média",0.92610635333846,0.980031446508,0.944976160344973
"POL-2014","Poland",2014,"Alta renda",0.689747057290362,0.88692869520134,0.777680394176201
"POL-2015","Poland",2015,"Alta renda",0.604488091340692,0.861190183063166,0.70192171628175
"POL-2016","Poland",2016,"Alta renda",0.744423741426177,1,0.744423741426177
"POL-2017","Poland",2017,"Alta renda",0.595151190314058,0.855982472403497,0.695284318898428
"POL-2018","Poland",2018,"Alta renda",0.62481176509856,0.901869422884662,0.692796262124152
"POL-2019","Poland",2019,"Alta renda",0.431563447662864,0.716924171955929,0.601965262916806
"POL-2020","Poland",2020,"Alta renda",0.39446849262489,0.698833914475514,0.564466727292343
"POL-2021","Poland",2021,"Alta renda",0.482523222410959,0.83204169820146,0.579926731381348
"PRT-2014","Portugal",2014,"Alta renda",0.620170073782816,0.717909908399212,0.863855013737957
"PRT-2015","Portugal",2015,"Alta renda",0.661900219192409,0.804124518908369,0.823131497210114
"PRT-2016","Portugal",2016,"Alta renda",0.600872542258427,0.733507457486685,0.819177141453037
"PRT-2017","Portugal",2017,"Alta renda",0.445807727309101,0.627918628228518,0.709976909853451
"PRT-2018","Portugal",2018,"Alta renda",0.467066711730071,0.670573627639139,0.69651816367198
"ROU-2019","Romania",2019,"Alta renda",0.919685504082095,0.925910980856362,0.993276376559971
"ROU-2020","Romania",2020,"Alta renda",1,1,1
"ROU-2021","Romania",2021,"Alta renda",0.990855317549638,1,0.990855317549638
"SGP-2013","Singapore",2013,"Alta renda",0.460841544748515,0.644924369880066,0.71456680235888
"SGP-2014","Singapore",2014,"Alta renda",0.361218405846953,0.596680992816895,0.605379440933191
"SGP-2015","Singapore",2015,"Alta renda",0.2838676257125,0.583608983917708,0.486400369999319
"SGP-2016","Singapore",2016,"Alta renda",0.360700259260828,0.672521040256605,0.536340482556799
"SGP-2017","Singapore",2017,"Alta renda",0.387087124761144,0.853627865266531,0.453461210102698
"SGP-2018","Singapore",2018,"Alta renda",0.473618475753534,1,0.473618475753534
"SGP-2019","Singapore",2019,"Alta renda",0.473304227519193,1,0.473304227519193
"ZAF-2016","South Africa",2016,"Renda média",0.150811429634556,0.179723326515369,0.839131083085418
"ZAF-2017","South Africa",2017,"Renda média",0.15113643731668,0.179645521646377,0.841303673654523
"ZAF-2018","South Africa",2018,"Renda média",0.195012176442672,0.236312692623304,0.825229378404711
"ZAF-2019","South Africa",2019,"Renda média",0.246226499216145,0.289427192433726,0.850737268829797
"ZAF-2020","South Africa",2020,"Renda média",0.379760813886751,0.450998508940945,0.842044499833321
"ESP-2013","Spain",2013,"Alta renda",0.527674151948137,0.846596342461069,0.62328895777435
"ESP-2014","Spain",2014,"Alta renda",0.506162321265412,0.861619301877843,0.587454714816932
"ESP-2015","Spain",2015,"Alta renda",0.697716056133313,1,0.697716056133313
"ESP-2016","Spain",2016,"Alta renda",0.425412005446858,0.806040937092544,0.527779652211405
"ESP-2017","Spain",2017,"Alta renda",0.472360594101002,0.886949206544804,0.532567807283045
"ESP-2018","Spain",2018,"Alta renda",0.507384284440087,0.932010083055493,0.544397848976787
"ESP-2019","Spain",2019,"Alta renda",0.440747022567947,0.910090638180826,0.484289151077252
"ESP-2020","Spain",2020,"Alta renda",0.48761212533078,1,0.48761212533078
"ESP-2021","Spain",2021,"Alta renda",0.43673824932735,1,0.43673824932735
"CHE-2015","Switzerland",2015,"Alta renda",0.100445469248247,0.24738996924627,0.406020783923764
"GBR-2013","United Kingdom",2013,"Alta renda",0.462284216965506,1,0.462284216965506
"GBR-2014","United Kingdom",2014,"Alta renda",0.320328766240048,0.809455847376401,0.395733463756293
"GBR-2021","United Kingdom",2021,"Alta renda",0.550672422908018,1,0.550672422908018
"USA-2013","United States",2013,"Alta renda",0.34502805563717,1,0.34502805563717
"USA-2014","United States",2014,"Alta renda",0.28830521596371,0.912177000652402,0.316062798949666
"USA-2015","United States",2015,"Alta renda",0.278791774862247,0.890979844458248,0.312904693182777
"USA-2016","United States",2016,"Alta renda",0.281756432721464,0.905509934560267,0.31115774876428
"USA-2017","United States",2017,"Alta renda",0.316766001554807,1,0.316766001554807
"USA-2018","United States",2018,"Alta renda",0.395374449339207,1,0.395374449339207
"USA-2019","United States",2019,"Alta renda",0.499455817569319,1,0.499455817569319
"USA-2020","United States",2020,"Alta renda",0.587483804094325,1,0.587483804094325
"USA-2021","United States",2021,"Alta renda",0.638623995853848,1,0.638623995853848
