"n_removidos","ordem","razao"
1,1,0
1,2,0.292555570579015
1,3,0.317447767558272
1,4,0.394794987810859
1,5,0.443249317253011
1,6,0.46352100222557
1,7,0.474432310058588
1,8,0.517047628854865
1,9,0.521411046613826
1,10,0.550401833637254
1,11,0.560839365111894
1,12,0.567000503383825
1,13,0.573506628194636
1,14,0.597232812469908
1,15,0.599779523970054
1,16,0.623479769700659
1,17,0.624100125017647
1,18,0.627742423357773
1,19,0.645839329719704
1,20,0.647007360542788
1,21,0.650196031150981
1,22,0.673132297505453
1,23,0.682943976434696
1,24,0.683316161114069
1,25,0.688803275683648
2,1,0
2,2,0.244836944812862
2,3,0.26935121690574
2,4,0.348690297631393
2,5,0.3583186571785
2,6,0.396716209405784
2,7,0.423666160518019
2,8,0.428883368857785
2,9,0.47071597959686
2,10,0.504330510324985
2,11,0.514847972061417
2,12,0.520094646097525
2,13,0.533077235263967
2,14,0.550152729359017
2,15,0.554061103931634
2,16,0.562599101390858
2,17,0.574965117022282
2,18,0.57779579893644
2,19,0.58102130725552
2,20,0.596036878976834
2,21,0.600783564253513
2,22,0.604396832422583
2,23,0.612049769054555
2,24,0.619356920060517
2,25,0.627397545352208
3,1,0
3,2,0.247529242182071
3,3,0.302612137643096
3,4,0.334065402405439
3,5,0.339705056150173
3,6,0.384958541632399
3,7,0.453435779690367
3,8,0.504258578237089
3,9,0.518744530825148
3,10,0.537884200953636
3,11,0.546180058156493
3,12,0.548396389249028
3,13,0.553653953080446
3,14,0.561391003105804
3,15,0.583708339081784
3,16,0.587571013980084
3,17,0.595098035146235
3,18,0.608041961663382
3,19,0.608337894654151
3,20,0.611262767224655
3,21,0.614565283286503
3,22,0.621585576902888
3,23,0.629493203961806
3,24,0.631819711274714
3,25,0.634341236959697
