"pais","grupo_renda","n_anos","escore","escore_bc","escore_bc_media_anual","ic_inf","ic_sup","posto","posto_ic_inf","posto_ic_sup","replicas_validas"
"Argentina","Renda média-alta",5,0.971231370853055,0.897194044562623,0.893989718836103,0.846435468380905,0.938950963208393,1,1,10,1000
"Philippines","Renda média-alta",4,0.98154733527778,0.884174692396498,0.878359127441896,0.809385200371424,0.942000221607196,2,1,17,1000
"Luxembourg","Alta renda",4,0.976605754222114,0.878508955040616,0.874178853863764,0.815206179786485,0.933134096910173,3,2,15,1000
"Chile","Alta renda",4,0.937382084448381,0.856469791462666,0.852889000657818,0.794503834270028,0.899220129269128,4,3,19,1000
"Colombia","Renda média-alta",2,0.979789909857037,0.856232526408003,0.846997895541035,0.742687822712725,0.950211738283559,5,1,25,1000
"Italy","Alta renda",5,1,0.853271243942768,0.845485851123535,0.782396802039582,0.925035342629872,6,2,21,1000
"Russia","Alta renda",5,0.996121344555174,0.85173235106401,0.843925661998376,0.781845335665754,0.917161529524952,7,2,21,1000
"Hungary","Alta renda",5,0.907206348041026,0.846700992009889,0.845496066482686,0.81650109786327,0.873562090750269,8,6,16,1000
"Malaysia","Renda média-alta",5,1,0.842450353076686,0.833544594182457,0.772763564721378,0.917774800060571,9,2,22,1000
"Croatia","Alta renda",2,1,0.838130314323255,0.825700756192452,0.686220310867535,0.960862674323912,10,1,31.025,1000
"South Korea","Alta renda",5,1,0.833599776240518,0.820958117354639,0.74417936848949,0.917922194968016,11,2,25,1000
"Romania","Alta renda",4,1,0.831880459744441,0.819203495618014,0.728412579207332,0.933521947580879,12,2,26,1000
"Bulgaria","Alta renda",4,0.998606267516754,0.829521308067014,0.814673195661492,0.719218372875128,0.927004553459387,13,2,28,1000
"Mexico","Renda média-alta",5,0.894892497058794,0.829175662864784,0.827918015533066,0.799228595987552,0.855886522086021,14,8,19,1000
"Greece","Alta renda",5,0.912098511547028,0.825652940749663,0.821945258658642,0.77420529341283,0.86653661376699,15,7,21,1000
"Serbia","Renda média-alta",1,1,0.825200798630608,0.809815582620978,0.639537776167931,0.990837319487728,16,1,33,1000
"Saudi Arabia","Alta renda",3,0.899360486947683,0.820866807335164,0.818120683751296,0.765712769326055,0.870392394628346,17,6,23,1000
"Singapore","Alta renda",5,0.881908550952702,0.819561047855467,0.818264695008524,0.789257038328,0.845870015340905,18,9,20,1000
"India","Renda média-baixa",2,1,0.818362657170947,0.801911093945396,0.65732372576508,0.960678447249935,19,1,33,1000
"China","Renda média-alta",5,1,0.817186373736258,0.800815235290406,0.713893519424209,0.908837293655589,20,2,29,1000
"Ukraine","Renda média-alta",1,1,0.806661947160588,0.78880005371111,0.60328465665386,0.990265124230744,21,1,34,1000
"Slovenia","Alta renda",1,1,0.797722178472198,0.779224917338508,0.610130385884249,0.986458672661719,22,1,34,1000
"Portugal","Alta renda",5,0.85750535013205,0.784880205009335,0.782968421755062,0.748738534759144,0.814776894145902,23,16,24.025,1000
"Spain","Alta renda",5,0.840189372564632,0.775678786353042,0.774010211446598,0.742173333855329,0.805461793981602,24,16,25,1000
"Japan","Alta renda",5,0.878128700522554,0.767760934443098,0.762825471260876,0.712928141137462,0.823839831768714,25,15,29,1000
"Czechia","Alta renda",5,0.816288945612212,0.759726026611043,0.758598276145115,0.733155662630573,0.783750532893861,26,19.975,27,1000
"Canada","Alta renda",5,0.777357882257537,0.725314153042036,0.724076053585079,0.699053407596679,0.7487147412052,27,24,31,1000
"Poland","Alta renda",5,0.794957488891084,0.721914837573612,0.719876825862624,0.686008034905295,0.753826347963296,28,24,32,1000
"Australia","Alta renda",5,0.79827333489278,0.721329717031628,0.719086142335919,0.684975288412707,0.754713762189897,29,24,32,1000
"South Africa","Renda média-alta",5,0.776920628755776,0.720825711109064,0.719767061334411,0.696187319541017,0.74313077679481,30,25,32,1000
"New Zealand","Alta renda",5,0.78251622939876,0.716688753518094,0.714757113761688,0.680024680435296,0.746669973755185,31,24,32,1000
"Turkey","Renda média-alta",5,0.790258451393595,0.704788272145647,0.700471312286909,0.653764447735957,0.752923119390957,32,24,33,1000
"United States","Alta renda",5,0.770555509485954,0.681004719498079,0.673812788192188,0.613816633234987,0.732363412063995,33,26,34,1000
"Brazil","Renda média-alta",5,0.669987996626776,0.62034484336547,0.619206753141823,0.596574291925197,0.641431745351025,34,33,34,1000
"Austria","Alta renda",5,0.645952493985552,0.586600356485178,0.585161124166077,0.560405746832396,0.611291474504049,35,34,37,1000
"Ireland","Alta renda",2,0.622635437782926,0.57388581797942,0.572979093597974,0.544307897963595,0.603092828999488,36,35,38,1000
"United Kingdom","Alta renda",5,0.607274664598236,0.552433661823252,0.55003930347519,0.521079893552122,0.581214023384466,37,35,39,1000
"Finland","Alta renda",5,0.589905715571277,0.549062472917031,0.54831141254055,0.530388410110284,0.565183973016896,38,36,39,1000
"Netherlands","Alta renda",5,0.581181096468945,0.547404410785059,0.546790181800231,0.531260141087331,0.561753391389708,39,37,39,1000
"Norway","Alta renda",5,0.55821208429777,0.51339486986411,0.51246221995544,0.495606130402453,0.531015447041252,40,40,41,1000
"Denmark","Alta renda",5,0.550134403094256,0.508205647215332,0.507315661755476,0.489899780044748,0.5264264825347,41,40,42,1000
"France","Alta renda",5,0.530070495193498,0.483152123536205,0.481414543135935,0.4573390194219,0.505443930199389,42,41,42,1000
"Belgium","Alta renda",5,0.484828981397688,0.449025247018821,0.448327509064044,0.433640071153189,0.463287390511381,43,43,44,1000
"Germany","Alta renda",5,0.501767853071806,0.448548127563098,0.446021160262363,0.418155465329489,0.47444898624151,44,43,45,1000
"Sweden","Alta renda",5,0.460651373451608,0.423419894418391,0.422513820326647,0.406039925946536,0.440234125667601,45,44,46,1000
"Switzerland","Alta renda",5,0.4461629317252,0.417353217002549,0.416795561969351,0.404092035155273,0.429382768259772,46,45,46,1000
"Israel","Alta renda",5,0.370909509506807,0.342496680493352,0.341796558409183,0.327831879877002,0.354921249221656,47,47,47,1000
