"pais_base","pais","dif_pontual","dif_ic_inf","dif_ic_sup","separado"
"Netherlands","Argentina",0.184973049581096,0.146250378949786,0.213456957718892,TRUE
"Netherlands","Australia",0.162233367612723,0.0930634702448939,0.217814109477734,TRUE
"Netherlands","Austria",0.0724039563498146,0.0472490182877189,0.0954610835201011,TRUE
"Netherlands","Belgium",0.038458946792262,0.0200157494105147,0.0567546536526524,TRUE
"Netherlands","Brazil",0.0297351842805123,0.00657897123178768,0.0510505929199536,TRUE
"Netherlands","China",0.167240355529784,0.102904352369717,0.21634571429505,TRUE
"Netherlands","France",-0.119492933799196,-0.142145247476439,-0.0995560516506778,FALSE
"Netherlands","India",0.168111763040955,0.0997218952561834,0.221205367981918,TRUE
"Netherlands","Indonesia",0.204522613224438,0.107943792223869,0.258102129512,TRUE
"Netherlands","Israel",-0.158156295064055,-0.171471628647356,-0.143909593516178,FALSE
"Netherlands","Italy",0.17395811884106,0.0609753242376774,0.220017260778571,TRUE
"Netherlands","Japan",0.0911030965686115,0.0522708124589256,0.122259294524925,TRUE
"Netherlands","Mexico",0.175316094028773,0.142574834090799,0.202546112838009,TRUE
"Netherlands","Norway",0.0364154561811382,0.0190918690904112,0.0532366590371915,TRUE
"Netherlands","Poland",0.155222667922666,0.121870812536985,0.184754343953638,TRUE
"Netherlands","Singapore",0.146894566289999,0.128442852978589,0.164406021593687,TRUE
"Netherlands","Spain",0.146989145615673,0.108105173279046,0.182388013675358,TRUE
"Netherlands","United Kingdom",-0.0615658521954318,-0.100032942830489,-0.0367624823400093,FALSE
"Netherlands","United States",0.0569527413322465,0.0226349791113444,0.0840227460326891,TRUE
"Netherlands","Chile",0.19195032870674,0.128143843086908,0.223544280730149,TRUE
"Netherlands","Greece",0.190394911780245,0.143807129175134,0.227387845866015,TRUE
"Netherlands","Hungary",0.176924740281822,0.138136013532079,0.205961344634177,TRUE
"Netherlands","Portugal",0.189163826653423,0.140180228531375,0.223836393180481,TRUE
"Netherlands","Malaysia",0.170999540581275,0.102759983791978,0.235147944529176,TRUE
"Netherlands","Switzerland",-0.0405463159901035,-0.0683781872874618,-0.0173045067164173,FALSE
"Netherlands","Ireland",0.0558951738665964,0.0315084302616884,0.0802954582039072,TRUE
"Netherlands","Romania",0.154799210261205,0.0700779980563494,0.226855638157512,TRUE
"Netherlands","South Africa",0.0793748519458195,0.0547721081457178,0.101116647208576,TRUE
"Netherlands","Colombia",0.178171536144086,0.072649794004113,0.247093166269754,TRUE
"Netherlands","Luxembourg",0.166985682601693,0.107070115337733,0.209622880938341,TRUE
"Netherlands","Bulgaria",0.180621916028491,0.0857361790296569,0.245513847374917,TRUE
"Netherlands","Croatia",0.201202412504192,0.127788554889967,0.248856018561811,TRUE
"Netherlands","Philippines",0.187013863835251,0.0914656117473663,0.24045618556979,TRUE
"Netherlands","Ukraine",0.161339343147386,-0.0941785447729809,0.264852891954808,FALSE
"Netherlands","Peru",0.132445084951183,0.00859940898502935,0.228024950717205,TRUE
"Switzerland","Argentina",0.225519365571199,0.184076003272082,0.26557026376416,TRUE
"Switzerland","Australia",0.202779683602827,0.129135000577968,0.261147551000755,TRUE
"Switzerland","Austria",0.112950272339918,0.0800414910549549,0.148753526890399,TRUE
"Switzerland","Belgium",0.0790052627823655,0.0512844511933804,0.114842589367879,TRUE
"Switzerland","Brazil",0.0702815002706157,0.0421557613320619,0.104214899107968,TRUE
"Switzerland","China",0.207786671519888,0.140988501590957,0.26267958798119,TRUE
"Switzerland","France",-0.0789466178090928,-0.109627709806677,-0.0462946023934986,FALSE
"Switzerland","India",0.208658079031058,0.138628763151142,0.268987796340314,TRUE
"Switzerland","Indonesia",0.245068929214542,0.146395032485797,0.308900549194623,TRUE
"Switzerland","Israel",-0.117609979073951,-0.139425370289844,-0.0861463476703164,FALSE
"Switzerland","Italy",0.214504434831163,0.0977605705093567,0.271100997744276,TRUE
"Switzerland","Japan",0.131649412558715,0.0901983356457866,0.176482421931145,TRUE
"Switzerland","Mexico",0.215862410018877,0.17411865872929,0.254818847113744,TRUE
"Switzerland","Netherlands",0.0405463159901035,0.0173045067164173,0.0683781872874618,TRUE
"Switzerland","Norway",0.0769617721712417,0.0524800258350724,0.112135746270011,TRUE
"Switzerland","Poland",0.195768983912769,0.157272609885365,0.236140797939824,TRUE
"Switzerland","Singapore",0.187440882280103,0.163179930981592,0.221342777215967,TRUE
"Switzerland","Spain",0.187535461605776,0.143948488546476,0.230148894977699,TRUE
"Switzerland","United Kingdom",-0.0210195362053283,-0.064921025802457,0.018310589967777,FALSE
"Switzerland","United States",0.09749905732235,0.0578995273939316,0.134432242414134,TRUE
"Switzerland","Chile",0.232496644696844,0.164749412272909,0.276082672571968,TRUE
"Switzerland","Greece",0.230941227770349,0.18051968831025,0.276283987625625,TRUE
"Switzerland","Hungary",0.217471056271926,0.175951449431756,0.255287614465824,TRUE
"Switzerland","Portugal",0.229710142643526,0.176671795585169,0.274233370379205,TRUE
"Switzerland","Malaysia",0.211545856571379,0.142054387946539,0.281263084529521,TRUE
"Switzerland","Ireland",0.0964414898566999,0.0649594864837975,0.133398187405945,TRUE
"Switzerland","Romania",0.195345526251309,0.106330605964126,0.270499178706216,TRUE
"Switzerland","South Africa",0.119921167935923,0.0911802529928127,0.155139969301477,TRUE
"Switzerland","Colombia",0.218717852134189,0.105956513821066,0.292509990162352,TRUE
"Switzerland","Luxembourg",0.207531998591797,0.146335376002899,0.261388145387774,TRUE
"Switzerland","Bulgaria",0.221168232018594,0.124210194479837,0.288135569362182,TRUE
"Switzerland","Croatia",0.241748728494296,0.166487722859788,0.296830531234318,TRUE
"Switzerland","Philippines",0.227560179825354,0.135659691475664,0.287900095501028,TRUE
"Switzerland","Ukraine",0.20188565913749,-0.0524587397528717,0.310084533386221,FALSE
"Switzerland","Peru",0.172991400941286,0.0444111379711256,0.273367808011037,TRUE
"United Kingdom","Argentina",0.246538901776528,0.202774183931867,0.295239442919078,TRUE
"United Kingdom","Australia",0.223799219808155,0.149294068305102,0.28521214278502,TRUE
"United Kingdom","Austria",0.133969808545246,0.102833326435725,0.180463966038272,TRUE
"United Kingdom","Belgium",0.100024798987694,0.0739144206240059,0.144053544589748,TRUE
"United Kingdom","Brazil",0.091301036475944,0.0632773284501234,0.131836991776829,TRUE
"United Kingdom","China",0.228806207725216,0.168458414646182,0.280862239544482,TRUE
"United Kingdom","France",-0.0579270816037646,-0.0860615084942143,-0.0166195328360749,FALSE
"United Kingdom","India",0.229677615236386,0.159438024224729,0.289513484094628,TRUE
"United Kingdom","Indonesia",0.26608846541987,0.167566859897362,0.328356807160338,TRUE
"United Kingdom","Israel",-0.0965904428686232,-0.117894324098262,-0.0573593516379604,FALSE
"United Kingdom","Italy",0.235523971036491,0.120711527541764,0.294747840228781,TRUE
"United Kingdom","Japan",0.152668948764043,0.111059653130727,0.200539011804913,TRUE
"United Kingdom","Mexico",0.236881946224205,0.198520936838229,0.280570262228644,TRUE
"United Kingdom","Netherlands",0.0615658521954318,0.0367624823400093,0.100032942830489,TRUE
"United Kingdom","Norway",0.0979813083765699,0.0741141129432888,0.138483191735827,TRUE
"United Kingdom","Poland",0.216788520118098,0.177490843817832,0.26742148492643,TRUE
"United Kingdom","Singapore",0.208460418485431,0.183975203047364,0.250537207199414,TRUE
"United Kingdom","Spain",0.208554997811104,0.166327194069306,0.25905143634077,TRUE
"United Kingdom","United States",0.118518593527678,0.0792148625638298,0.159195367662372,TRUE
"United Kingdom","Chile",0.253516180902172,0.18517609213463,0.303317489108351,TRUE
"United Kingdom","Greece",0.251960763975677,0.204219961423168,0.302199052554366,TRUE
"United Kingdom","Hungary",0.238490592477254,0.193710628652159,0.285044062728118,TRUE
"United Kingdom","Portugal",0.250729678848854,0.198790411147219,0.30033174916224,TRUE
"United Kingdom","Malaysia",0.232565392776707,0.160246952305782,0.307980455112341,TRUE
"United Kingdom","Switzerland",0.0210195362053283,-0.018310589967777,0.064921025802457,FALSE
"United Kingdom","Ireland",0.117461026062028,0.0862026784784319,0.160563464559908,TRUE
"United Kingdom","Romania",0.216365062456637,0.126781595995873,0.297904209419853,TRUE
"United Kingdom","South Africa",0.140940704141251,0.112037336312554,0.184367282631685,TRUE
"United Kingdom","Colombia",0.239737388339518,0.132022460410969,0.316572038492995,TRUE
"United Kingdom","Luxembourg",0.228551534797125,0.165031078402045,0.279065548683428,TRUE
"United Kingdom","Bulgaria",0.242187768223922,0.151114797598732,0.313868958529438,TRUE
"United Kingdom","Croatia",0.262768264699624,0.18712655500431,0.323265740096728,TRUE
"United Kingdom","Philippines",0.248579716030682,0.15159093727979,0.31026031348605,TRUE
"United Kingdom","Ukraine",0.222905195342818,-0.0292503782300288,0.333253217712813,FALSE
"United Kingdom","Peru",0.194010937146614,0.0648842726901439,0.295385185294354,TRUE
"France","Argentina",0.304465983380292,0.26346446713467,0.340737290880546,TRUE
"France","Australia",0.281726301411919,0.206727593659201,0.337432652924031,TRUE
"France","Austria",0.191896890149011,0.162737441804329,0.221540857983591,TRUE
"France","Belgium",0.157951880591458,0.135231352386338,0.184341050814008,TRUE
"France","Brazil",0.149228118079709,0.12237794125611,0.176069725276937,TRUE
"France","China",0.286733289328981,0.225809892000248,0.335020575481581,TRUE
"France","India",0.287604696840151,0.21757065228463,0.342670361186699,TRUE
"France","Indonesia",0.324015547023634,0.22295612725747,0.383692879664375,TRUE
"France","Israel",-0.0386633612648586,-0.056190216720526,-0.0145467863174627,FALSE
"France","Italy",0.293451052640256,0.18004696764532,0.343558650885052,TRUE
"France","Japan",0.210596030367808,0.171756419383325,0.246311641272062,TRUE
"France","Mexico",0.29480902782797,0.259218252888395,0.327429882908198,TRUE
"France","Netherlands",0.119492933799196,0.0995560516506778,0.142145247476439,TRUE
"France","Norway",0.155908389980335,0.1356575685617,0.181202343954861,TRUE
"France","Poland",0.274715601721862,0.23704961848164,0.309203666594814,TRUE
"France","Singapore",0.266387500089195,0.244077521689114,0.291824616418374,TRUE
"France","Spain",0.266482079414869,0.228751294005116,0.303158083350486,TRUE
"France","United Kingdom",0.0579270816037646,0.0166195328360749,0.0860615084942143,TRUE
"France","United States",0.176445675131443,0.140580955448194,0.206406111177979,TRUE
"France","Chile",0.311443262505936,0.245251691437108,0.346422512590253,TRUE
"France","Greece",0.309887845579442,0.262324654431191,0.351249648649347,TRUE
"France","Hungary",0.296417674081019,0.256180780114632,0.330608302109095,TRUE
"France","Portugal",0.308656760452619,0.254783884524766,0.34884028316517,TRUE
"France","Malaysia",0.290492474380471,0.217634554911185,0.355669952840819,TRUE
"France","Switzerland",0.0789466178090928,0.0462946023934986,0.109627709806677,TRUE
"France","Ireland",0.175388107665793,0.14780711376499,0.204777611641366,TRUE
"France","Romania",0.274292144060401,0.187796080189387,0.349101973059822,TRUE
"France","South Africa",0.198867785745016,0.172863354130464,0.226325922904039,TRUE
"France","Colombia",0.297664469943282,0.191864384598312,0.369604919727644,TRUE
"France","Luxembourg",0.28647861640089,0.224568585963578,0.332618190069496,TRUE
"France","Bulgaria",0.300114849827687,0.209236041410927,0.365294215493934,TRUE
"France","Croatia",0.320695346303389,0.249032043275953,0.374384983631213,TRUE
"France","Philippines",0.306506797634447,0.213622246664094,0.364663239546949,TRUE
"France","Ukraine",0.280832276946583,0.0251725525394091,0.386935998253101,TRUE
"France","Peru",0.251938018750379,0.126576708792477,0.349514276289078,TRUE
"Israel","Argentina",0.343129344645151,0.306862770599728,0.371696017047439,TRUE
"Israel","Australia",0.320389662676778,0.25209619228956,0.373421716432986,TRUE
"Israel","Austria",0.23056025141387,0.206803959452379,0.250775260093103,TRUE
"Israel","Belgium",0.196615241856317,0.180218069419977,0.213162242222892,TRUE
"Israel","Brazil",0.187891479344567,0.167757975037714,0.207246266785412,TRUE
"Israel","China",0.325396650593839,0.261617308032314,0.37492374079403,TRUE
"Israel","France",0.0386633612648586,0.0145467863174627,0.056190216720526,TRUE
"Israel","India",0.32626805810501,0.259753012378594,0.378062358622322,TRUE
"Israel","Indonesia",0.362678908288493,0.267670102230754,0.416239441046948,TRUE
"Israel","Italy",0.332114413905114,0.220402279798829,0.377170383923373,TRUE
"Israel","Japan",0.249259391632666,0.210868150050087,0.280760149181984,TRUE
"Israel","Mexico",0.333472389092828,0.300956057885445,0.359340755368722,TRUE
"Israel","Netherlands",0.158156295064055,0.143909593516178,0.171471628647356,TRUE
"Israel","Norway",0.194571751245193,0.179792634412794,0.210296816997483,TRUE
"Israel","Poland",0.313378962986721,0.280309576563569,0.343487439060702,TRUE
"Israel","Singapore",0.305050861354054,0.288614389722488,0.319027348644122,TRUE
"Israel","Spain",0.305145440679727,0.267170795769688,0.338526772643209,TRUE
"Israel","United Kingdom",0.0965904428686232,0.0573593516379604,0.117894324098262,TRUE
"Israel","United States",0.215109036396301,0.180579079884574,0.239217190712094,TRUE
"Israel","Chile",0.350106623770795,0.285473525046632,0.380064322377183,TRUE
"Israel","Greece",0.3485512068443,0.303342193271203,0.385388562059041,TRUE
"Israel","Hungary",0.335081035345877,0.293592450289229,0.362739263645471,TRUE
"Israel","Portugal",0.347320121717478,0.301588148119501,0.380304408126938,TRUE
"Israel","Malaysia",0.32915583564533,0.261895873014769,0.391715285638958,TRUE
"Israel","Switzerland",0.117609979073951,0.0861463476703164,0.139425370289844,TRUE
"Israel","Ireland",0.214051468930651,0.193056399372905,0.235577509071558,TRUE
"Israel","Romania",0.31295550532526,0.228509382142937,0.388862572050303,TRUE
"Israel","South Africa",0.237531147009874,0.216124948335034,0.256620500972461,TRUE
"Israel","Colombia",0.336327831208141,0.230831813256435,0.402642619977209,TRUE
"Israel","Luxembourg",0.325141977665748,0.265915320631794,0.364705313793082,TRUE
"Israel","Bulgaria",0.338778211092545,0.245862741092885,0.40225936522086,TRUE
"Israel","Croatia",0.359358707568247,0.288629696498407,0.406384025335453,TRUE
"Israel","Philippines",0.345170158899305,0.250835077508028,0.397344534401654,TRUE
"Israel","Ukraine",0.319495638211441,0.0609052561280409,0.421104883303557,TRUE
"Israel","Peru",0.290601380015237,0.166387350860206,0.385470896261162,TRUE
