"pais","grupo_renda","n_anos","escore","escore_bc","ic_inf","ic_sup"
"India","Renda média-baixa",2,1,0.800129067761742,0.32541946988634,0.895617343507652
"Greece","Alta renda",3,0.997588022104804,0.798870277887678,0.0581911460447592,0.882731440265711
"Australia","Alta renda",3,1,0.786649417698767,0.298108800594029,0.856587147109659
"Malaysia","Renda média-alta",3,0.998417140272219,0.778836908431941,0,0.858773910984651
"Singapore","Alta renda",3,1,0.758778477759972,0.0957455721032379,0.805308914649514
"United Kingdom","Alta renda",3,0.912595213093789,0.75064923299632,0.405706391901973,0.814685298789943
"United States","Alta renda",3,1,0.745370547846225,0,0.841719858025992
"Romania","Alta renda",2,1,0.733291481422853,0,0.910282547984809
"South Korea","Alta renda",3,1,0.721141583737819,0,0.844094193780872
"China","Renda média-alta",3,1,0.715515926306537,0,0.796102696675732
"Serbia","Renda média-alta",1,1,0.711121150400494,0,0.978238755529571
"Canada","Alta renda",3,0.824995817981723,0.696377157569448,0.480453190303184,0.742985269913937
"Slovenia","Alta renda",1,1,0.688195944840247,0,0.972043114336648
"Bulgaria","Alta renda",2,0.940572337563894,0.686600994909398,0,0.816375130235929
"Italy","Alta renda",3,0.881029005234126,0.660071238307664,0,0.751425095417498
"Portugal","Alta renda",3,0.729395403785417,0.625163034450866,0.449064266964254,0.660722138440756
"Russia","Alta renda",3,0.77107725447594,0.592596122166422,0,0.671734241910736
"Japan","Alta renda",3,0.742704166688196,0.581245853911136,0,0.634719466059606
"Spain","Alta renda",3,0.697042440192809,0.578180839994696,0.335335300039529,0.619222129034441
"Philippines","Renda média-alta",2,0.689037877840867,0.565102217756747,0,0.646078114434402
"Argentina","Renda média-alta",3,0.724269823457933,0.562971236607375,0,0.650694218954753
"Germany","Alta renda",3,0.655398252072641,0.54577704101962,0.305020087926079,0.591412937516631
"Mexico","Renda média-alta",3,0.650471453575657,0.520657180783072,0.0724502362072971,0.573277529494915
"New Zealand","Alta renda",3,0.61723402722884,0.50764165306242,0.133754478007311,0.55588828374145
"Austria","Alta renda",3,0.586853505021565,0.487767591048655,0.223868290063638,0.529760395714169
"Poland","Alta renda",3,0.544979463383776,0.472573684226668,0.361819680481291,0.500359857372896
"Luxembourg","Alta renda",2,0.611049097514246,0.465964408729634,0,0.538783075988829
"Switzerland","Alta renda",3,0.541749469127743,0.455218785002473,0.295065011336612,0.49081400997256
"Chile","Alta renda",1,0.546688417567993,0.450516444298976,0.215513145981423,0.531417613999752
"Saudi Arabia","Alta renda",1,0.566140442436649,0.448127101473956,0,0.553684508512397
"Netherlands","Alta renda",3,0.514367556648121,0.446540183589269,0.32897483166741,0.478527316893721
"Czechia","Alta renda",3,0.52490372456824,0.43777219997834,0.222957615775762,0.480297157428728
"France","Alta renda",3,0.516778834052532,0.430554196477475,0.263879304157937,0.459108794490988
"Hungary","Alta renda",3,0.409739862414246,0.339673471808186,0.194503244513171,0.365639891124556
"Belgium","Alta renda",3,0.34714392547179,0.30364538731904,0.2245760535232,0.322751738196269
"Sweden","Alta renda",3,0.348086649729548,0.301366791125031,0.206494607371844,0.323672627370627
"Turkey","Renda média-alta",3,0.322789476947167,0.27902922369905,0.204995707037699,0.294755623827539
"Finland","Alta renda",3,0.317819180330118,0.26736463602268,0.182342477883814,0.287290427503498
"Norway","Alta renda",3,0.296779250041224,0.254855734228363,0.188504007636462,0.270196077967456
"Ireland","Alta renda",1,0.299805983324111,0.252424122110414,0.148879425597408,0.292500928735888
"Brazil","Renda média-alta",3,0.309135645213346,0.251773951638286,0.133946294076213,0.268801230152081
"Denmark","Alta renda",3,0.29370585335244,0.24737433642418,0.169988763935165,0.265226383582996
"South Africa","Renda média-alta",3,0.280009571743618,0.238321084873311,0.168841188746874,0.252217071103245
"Israel","Alta renda",3,0.264299890901799,0.227981552168412,0.165249944583881,0.243390614579198
