"pais","grupo_renda","n_anos","escore","escore_bc","escore_bc_media_anual","ic_inf","ic_sup","posto","posto_ic_inf","posto_ic_sup","replicas_validas","rotulo"
"Indonesia","Renda média-alta",2,1,0.935715056423533,0.931969488902648,0.841385976487824,0.988195172424185,1,1,22,1000,"Indonesia (2)"
"Croatia","Alta renda",2,0.988413412807047,0.932394855703287,0.930273328079267,0.85757563859036,0.977676863764786,2,1,20,1000,"Croatia (2)"
"Chile","Alta renda",4,0.966534842452501,0.923142771905835,0.92052873538354,0.860965063921319,0.950564728560829,3,2,21,1000,"Chile (4)"
"Greece","Alta renda",7,0.991816712776214,0.92158735497934,0.918133035959407,0.876253990903237,0.958725970230788,4,1,19,1000,"Greece (7)"
"Portugal","Alta renda",5,0.971119941218683,0.920356269852518,0.917951256449345,0.873789515925067,0.951658041144227,5,2,19,1000,"Portugal (5)"
"Philippines","Renda média-baixa",1,0.974688192232538,0.918206307034345,0.916596323191803,0.82285391697987,0.969362942056451,6,1,22,1000,"Philippines (1)"
"Argentina","Renda média-alta",7,0.965648305851178,0.916165492780191,0.914037810844392,0.8797852729546,0.942783946145616,7,4,18,1000,"Argentina (7)"
"Bulgaria","Alta renda",3,0.998900286446008,0.911814359227585,0.906342292416065,0.818779663623278,0.973528561879437,8,1,23,1000,"Bulgaria (3)"
"Colombia","Renda média-alta",2,0.989121584564963,0.909363979343181,0.903403017005142,0.802868577418475,0.975571315125615,9,1,25,1000,"Colombia (2)"
"Hungary","Alta renda",8,0.959794615725509,0.908117183480917,0.905406779091893,0.870211463239147,0.932968394738727,10,5,20,1000,"Hungary (8)"
"Mexico","Renda média-alta",9,0.964030584481531,0.906508537227868,0.903882120887753,0.873898285035024,0.931726953970772,11,4,20,1000,"Mexico (9)"
"Italy","Alta renda",2,0.955974041271091,0.905150562040154,0.900802503687777,0.792126967533946,0.947720158901706,12,2,26,1000,"Italy (2)"
"Malaysia","Renda média-alta",4,1,0.90219198378037,0.89702910124297,0.834075715373831,0.964934005484841,13,1,23,1000,"Malaysia (4)"
"India","Renda média-baixa",8,1,0.89930420624005,0.889780611806655,0.831262925407399,0.951073656091758,14,2,23,1000,"India (8)"
"China","Renda média-alta",9,1,0.898432798728879,0.888434482182215,0.83148249126944,0.951022152569039,15,2,23,1000,"China (9)"
"Luxembourg","Alta renda",5,0.963615422156654,0.898178125800788,0.89411767799861,0.840160130349716,0.937979984549616,16,5,22.025,1000,"Luxembourg (5)"
"Australia","Alta renda",4,0.974470039577395,0.893425810811818,0.888028417464123,0.82512067498198,0.945054650072461,17,2,23,1000,"Australia (4)"
"Ukraine","Renda média-alta",1,1,0.892531786346481,0.883866640579152,0.633181387293765,0.994439923704075,18,1,34,1000,"Ukraine (1)"
"Poland","Alta renda",9,0.950035525828382,0.886415111121761,0.883643762807977,0.853500575541172,0.914987133781037,19,9,22,1000,"Poland (9)"
"Romania","Alta renda",4,1,0.8859916534603,0.877125251617487,0.801156173442664,0.958696914731483,20,2,25,1000,"Romania (4)"
"Spain","Alta renda",9,0.949175151352517,0.878181588814767,0.87496785383102,0.840447667449755,0.91222234343988,21,9,23,1000,"Spain (9)"
"Singapore","Alta renda",7,0.909274780599715,0.878087009489094,0.877566732614144,0.862144314498729,0.890965828932917,22,14,22,1000,"Singapore (7)"
"Peru","Renda média-alta",3,1,0.863637528150278,0.849943926626361,0.742091130578453,0.959122950899792,23,2,31,1000,"Peru (3)"
"Japan","Alta renda",9,0.885258983930133,0.822295539767706,0.818865935613222,0.784707068809279,0.852559915870398,24,21,27,1000,"Japan (9)"
"South Africa","Renda média-alta",5,0.847606352031638,0.810567295144914,0.809847267567815,0.79080936999007,0.827784153078812,25,22,27,1000,"South Africa (5)"
"Austria","Alta renda",9,0.845444353225485,0.80359639954891,0.802244442291833,0.779075173314619,0.820847733375256,26,22.975,28,1000,"Austria (9)"
"United States","Alta renda",9,0.838527394900121,0.788145184531341,0.785221828213769,0.753911468560037,0.812830493769247,27,24,31,1000,"United States (9)"
"Ireland","Alta renda",2,0.814813335283933,0.787087617065691,0.786732579059156,0.765003131538248,0.80745361195102,28,25,30,1000,"Ireland (2)"
"Belgium","Alta renda",4,0.796520011841744,0.769651389991357,0.769286271504577,0.752040520608364,0.78442584241324,29,27,31,1000,"Belgium (4)"
"Norway","Alta renda",6,0.795904712743617,0.767607899380233,0.767137094442045,0.75362947773147,0.780989531545331,30,27,31,1000,"Norway (6)"
"Brazil","Renda média-alta",8,0.801623506678291,0.760927627479607,0.759876994398488,0.741570870566168,0.778532886868591,31,28,31,1000,"Brazil (8)"
"Netherlands","Alta renda",5,0.75424619881388,0.731192443199095,0.730839345895289,0.716654454034051,0.742483859153349,32,31,32,1000,"Netherlands (5)"
"Switzerland","Alta renda",1,0.713309211672116,0.690646127208991,0.690384985600933,0.656661620303903,0.71059062025337,33,32,34,1000,"Switzerland (1)"
"United Kingdom","Alta renda",3,0.696986544407067,0.669626591003663,0.668594157167283,0.630469517973444,0.688789029053123,34,33,34,1000,"United Kingdom (3)"
"France","Alta renda",6,0.641826203216064,0.611699509399899,0.610660524578122,0.588975648221989,0.627547059603662,35,35,35,1000,"France (6)"
"Israel","Alta renda",9,0.595269679874628,0.57303614813504,0.572566648838758,0.56314500072577,0.581851326177392,36,36,36,1000,"Israel (9)"
