"id","pais","ano","m","fdh","orderm","orderalfa"
"ARG-2017","Argentina",2017,17,1.49592932932933,0.67353151303315,0.668480776727822
"AUS-2017","Australia",2017,17,1.04066596304692,1.07972651009621,1
"AUT-2017","Austria",2017,17,1,1.0871139361305,1
"BEL-2017","Belgium",2017,17,1,1.18220682130113,1
"BRA-2017","Brazil",2017,17,1,1.04032811257699,1
"CAN-2017","Canada",2017,17,1.39663396328927,1.06918312189778,1
"CHE-2017","Switzerland",2017,17,3.58442698159001,0.470224056745814,1
"CHL-2017","Chile",2017,17,NA,NA,NA
"CHN-2017","China",2017,17,1,2.12964857350298,4.85930367227926
"COL-2017","Colombia",2017,17,1,1,1
"CZE-2017","Czechia",2017,17,1,1.01830207891208,1
"DEU-2017","Germany",2017,17,1,1.49719630100342,1.6406368090899
"DNK-2017","Denmark",2017,17,1.71069751287924,0.674277030070867,0.584556879560151
"ESP-2017","Spain",2017,17,1,1.3242817328651,1.93990103392234
"FIN-2017","Finland",2017,17,1,1.17390460862263,1
"FRA-2017","France",2017,17,1.42902326636384,1.07174098548937,1
"GBR-2017","United Kingdom",2017,17,1,1.36085286557053,1.25432521626024
"GRC-2017","Greece",2017,17,1.02688860435339,0.975630422156897,0.973815461346633
"HUN-2017","Hungary",2017,17,1,1.03129887323763,1
"IND-2017","India",2017,17,1,1.72618561661147,5.33067915690867
"IRL-2017","Ireland",2017,17,1,1.17970433305858,1
"ISR-2017","Israel",2017,17,1,1.5970420577914,4.04378706647177
"ITA-2017","Italy",2017,17,1,1.21523252865362,1
"JPN-2017","Japan",2017,17,1,1.88915636896705,2.98802585534021
"KOR-2017","South Korea",2017,17,1,1.96070787423926,12.8708130632981
"MEX-2017","Mexico",2017,17,1,1.04279674563003,1
"MYS-2017","Malaysia",2017,17,1,1.05603130843865,1
"NLD-2017","Netherlands",2017,17,2.23277431882427,0.697476022763332,1
"NOR-2017","Norway",2017,17,1,1.10361704399526,1
"NZL-2017","New Zealand",2017,17,1,1.03341549249036,1
"PHL-2017","Philippines",2017,17,2.12953042937018,0.471468364499346,0.469587091223559
"POL-2017","Poland",2017,17,1,1.13897238618731,1
"PRT-2017","Portugal",2017,17,1,1.03081067943825,1
"ROU-2017","Romania",2017,17,1,1.00000720401236,1
"RUS-2017","Russia",2017,17,1,1.13479520011835,1
"SAU-2017","Saudi Arabia",2017,17,1,1.1438347482296,1
"SGP-2017","Singapore",2017,17,1,1.26793350326671,1
"SVN-2017","Slovenia",2017,17,1,1,1
"SWE-2017","Sweden",2017,17,1.00385995773385,1.11966979523492,0.996154884250421
"TUR-2017","Turkey",2017,17,1.04480998298355,1.03313666509633,0.957111834961998
"USA-2017","United States",2017,17,1,1.68417759196455,3.33667419536985
"ZAF-2017","South Africa",2017,17,1,1.00581468614932,1
"ARG-2018","Argentina",2018,17,1.99008415533174,0.51140580658744,0.502491312902947
"AUS-2018","Australia",2018,17,1,1.22390128199196,1.36738759334883
"AUT-2018","Austria",2018,17,1,1.1179584067281,1
"BEL-2018","Belgium",2018,17,1,1.18574537996437,1.30501128196494
"BGR-2018","Bulgaria",2018,17,NA,NA,NA
"BRA-2018","Brazil",2018,17,1,1.11533881484598,1.04972972972973
"CAN-2018","Canada",2018,17,1,1.31484344208071,1.03807880606774
"CHE-2018","Switzerland",2018,17,3.59515965316245,0.466301846634771,0.905397196833628
"CHL-2018","Chile",2018,17,1,1.0022065570516,1
"CHN-2018","China",2018,17,1,2.17958422969587,5.06532524807056
"COL-2018","Colombia",2018,17,1,1.00071922951289,1
"CZE-2018","Czechia",2018,17,1.24294478527607,0.836904024673685,0.804540967423495
"DEU-2018","Germany",2018,17,1,1.48752000067919,1.69850187265918
"DNK-2018","Denmark",2018,17,1.04430648070304,0.983491014816685,0.957573297186461
"ESP-2018","Spain",2018,17,1,1.43572612177246,2.39761100369496
"FIN-2018","Finland",2018,17,1,1.28468720330171,1
"FRA-2018","France",2018,17,1.28235293063707,1.08387761108373,1
"GBR-2018","United Kingdom",2018,17,1,1.28767131441651,1.15144557431059
"GRC-2018","Greece",2018,17,1,1.04461315586359,1
"HUN-2018","Hungary",2018,17,1,1.01844522451058,1
"IND-2018","India",2018,17,1,1.72320616988135,5.08108108108108
"IRL-2018","Ireland",2018,17,1,1.2537085691093,1
"ISR-2018","Israel",2018,17,1,1.45961636121724,1.98310674299612
"ITA-2018","Italy",2018,17,1,1.10501035033613,1
"JPN-2018","Japan",2018,17,1,2.01379410359295,2.58821115828692
"KOR-2018","South Korea",2018,17,1,1.87258829570966,12.6498215268739
"LUX-2018","Luxembourg",2018,17,1,1,1
"MEX-2018","Mexico",2018,17,1,1.03296031214239,1
"MYS-2018","Malaysia",2018,17,1,1.03384604879036,1
"NLD-2018","Netherlands",2018,17,1.74123188216282,0.84709004403165,1
"NOR-2018","Norway",2018,17,1.27101631116688,0.845298808477305,0.786771964461994
"NZL-2018","New Zealand",2018,17,1,1.00054245882741,1
"POL-2018","Poland",2018,17,1,1.17837414729868,1
"PRT-2018","Portugal",2018,17,1,1.10197774356781,1
"RUS-2018","Russia",2018,17,1,1.16753422704279,1
"SAU-2018","Saudi Arabia",2018,17,1,1.08695045014202,1
"SGP-2018","Singapore",2018,17,1,1.37162423806877,1
"SVN-2018","Slovenia",2018,17,1,1,1
"SWE-2018","Sweden",2018,17,3.4764736727741,0.469814194964237,0.936307240763664
"TUR-2018","Turkey",2018,17,1,1.12233031777356,1
"USA-2018","United States",2018,17,1,1.75681816308465,3.6073304825901
"ZAF-2018","South Africa",2018,17,1.1201044386423,0.911497809817115,0.892773892773893
"ARG-2019","Argentina",2019,17,4.49180327868852,0.222629057612434,0.222627737226277
"AUS-2019","Australia",2019,17,1,1.15571285354469,1.17902161294146
"AUT-2019","Austria",2019,17,1.05700139647074,0.961622695021849,0.946072543838578
"BEL-2019","Belgium",2019,17,1,1.187472275927,1
"BGR-2019","Bulgaria",2019,17,1,1,1
"BRA-2019","Brazil",2019,17,1.26750826570484,0.879688147154257,0.890763052208835
"CAN-2019","Canada",2019,17,1,1.29640059293653,1.00784425283572
"CHE-2019","Switzerland",2019,17,1,1.29525637343997,1.48115147361206
"CHL-2019","Chile",2019,17,1,1.00053192993732,1
"CHN-2019","China",2019,17,1,2.23619946780762,5.30403208324301
"CZE-2019","Czechia",2019,17,1.24263038548753,0.808316427035406,0.804744525547445
"DEU-2019","Germany",2019,17,1,1.58592361434801,1.65345194353123
"DNK-2019","Denmark",2019,17,2.35253227408143,0.568521936721742,0.988223748773307
"ESP-2019","Spain",2019,17,1,1.13557490763932,1
"FIN-2019","Finland",2019,17,1,1.17754000580965,1
"FRA-2019","France",2019,17,1,1.67986753614367,3.01110596945858
"GBR-2019","United Kingdom",2019,17,1,1.2804238401106,1.13204904816043
"GRC-2019","Greece",2019,17,1.01200369344414,0.988138775552653,0.988138686131387
"HUN-2019","Hungary",2019,17,1.64950348475524,0.611715427499423,0.606243035702581
"IND-2019","India",2019,17,1,1.81697152138135,4.61098793566924
"IRL-2019","Ireland",2019,17,1,1.21792621229892,1
"ISR-2019","Israel",2019,17,1,1.57422323027385,3.18794662395722
"ITA-2019","Italy",2019,17,1,1.2207698224369,1.38500669344043
"JPN-2019","Japan",2019,17,1,1.72606351170842,1.78418100947592
"KOR-2019","South Korea",2019,17,1,1.96010753381396,16.3840046377408
"LUX-2019","Luxembourg",2019,17,1,1,1
"MEX-2019","Mexico",2019,17,1,1.0085033213662,1
"MYS-2019","Malaysia",2019,17,1,1.03855192950244,1
"NLD-2019","Netherlands",2019,17,1,1.4506421819705,2.13571280258483
"NOR-2019","Norway",2019,17,1,1.09509329235668,1
"NZL-2019","New Zealand",2019,17,1.63338301043219,0.647140358032872,0.612226277372263
"PHL-2019","Philippines",2019,17,2.41409691629956,0.414235427878336,0.414233576642336
"POL-2019","Poland",2019,17,1,1.04305856474426,1
"PRT-2019","Portugal",2019,17,1,1.05864253363999,1
"ROU-2019","Romania",2019,17,1,1,1
"RUS-2019","Russia",2019,17,1,1.22407760055368,1
"SAU-2019","Saudi Arabia",2019,17,1,1.08309702421562,1
"SGP-2019","Singapore",2019,17,1,1.33466959567888,1
"SWE-2019","Sweden",2019,17,1,1.29239458708858,1
"TUR-2019","Turkey",2019,17,1,1.12692153757557,1
"USA-2019","United States",2019,17,1,1.75811031415868,3.93778452200303
"ZAF-2019","South Africa",2019,17,2.33688699360341,0.444068910351418,0.427919708029197
"ARG-2020","Argentina",2020,18,1.35646687697161,0.737886791781601,0.737209302325581
"AUS-2020","Australia",2020,18,1,1.25860716122794,1.3887957864496
"AUT-2020","Austria",2020,18,1,1.05439188514583,1
"BEL-2020","Belgium",2020,18,1.69457278116576,0.736950614487433,0.956143541775072
"BGR-2020","Bulgaria",2020,18,1,1,1
"BRA-2020","Brazil",2020,18,1.20867713601278,0.933742957529679,0.899449365573378
"CAN-2020","Canada",2020,18,1.04006320537794,1.28481948770707,1
"CHE-2020","Switzerland",2020,18,1.20545103728699,1.04151263682577,1
"CHL-2020","Chile",2020,18,2.13334,0.473286230374852,0.468748535160828
"CHN-2020","China",2020,18,1,2.27124639591812,5.87184526272238
"COL-2020","Colombia",2020,18,1.61791831357049,0.627189278893297,0.618078175895765
"CZE-2020","Czechia",2020,18,1.24074074074074,0.837500861336995,0.805970149253731
"DEU-2020","Germany",2020,18,1,1.54364920609983,1.50246673643295
"DNK-2020","Denmark",2020,18,1,1.15738094124404,1
"ESP-2020","Spain",2020,18,1,1.16831710317355,1.08714388316974
"FIN-2020","Finland",2020,18,1,1.1215092762539,1
"FRA-2020","France",2020,18,1.11997688321014,1.10668822460776,0.98666280081183
"GBR-2020","United Kingdom",2020,18,1.07224861205215,1.20177752260528,1
"GRC-2020","Greece",2020,18,1,1.01429037268931,1
"HRV-2020","Croatia",2020,18,1,1,1
"HUN-2020","Hungary",2020,18,1,1.03752387953406,1
"IND-2020","India",2020,18,1,1.81665471880969,6.25659393099405
"IRL-2020","Ireland",2020,18,1,1.18418532700505,1
"ISR-2020","Israel",2020,18,1.48591947351458,0.958584002660113,1
"ITA-2020","Italy",2020,18,1,1.30210359786212,1.48671295187934
"JPN-2020","Japan",2020,18,1,1.71707541574882,1.60037553339262
"KOR-2020","South Korea",2020,18,1,2.16228012714139,11.0035547323775
"LUX-2020","Luxembourg",2020,18,1,1.00000146143699,1
"MEX-2020","Mexico",2020,18,1.04114621601763,0.979382666793514,0.960479887085392
"MYS-2020","Malaysia",2020,18,1,1.11088161608833,1
"NLD-2020","Netherlands",2020,18,1,1.49619044549745,2.48914064340628
"NOR-2020","Norway",2020,18,1.9593220338983,0.576803251757047,0.620073568050447
"NZL-2020","New Zealand",2020,18,1,1.06654294954249,1
"PHL-2020","Philippines",2020,18,1,1,1
"POL-2020","Poland",2020,18,1,1.20813557633332,1
"PRT-2020","Portugal",2020,18,1,1.11273398130495,1
"ROU-2020","Romania",2020,18,1,1.0126224312254,1
"RUS-2020","Russia",2020,18,1,1.16572418090287,1
"SAU-2020","Saudi Arabia",2020,18,1,1.19277154560575,1
"SGP-2020","Singapore",2020,18,1,1.34445000734275,1
"SWE-2020","Sweden",2020,18,1,1.41703411582848,2.47175384853422
"TUR-2020","Turkey",2020,18,1,1.09299950655919,1
"UKR-2020","Ukraine",2020,18,1,1,1
"USA-2020","United States",2020,18,1,1.63100595802592,4.38126377709776
"ZAF-2020","South Africa",2020,18,1,1.01920259085737,1
"ARG-2021","Argentina",2021,18,1.31882640452858,0.758338813264589,0.758249908074487
"AUS-2021","Australia",2021,18,1.07606291688908,1.11466836150521,1
"AUT-2021","Austria",2021,18,1,1.17806603344493,1
"BEL-2021","Belgium",2021,18,1.2781954887218,0.890799263419697,1
"BGR-2021","Bulgaria",2021,18,1,1,1
"BRA-2021","Brazil",2021,18,1.32987820678932,0.860107379773662,0.868197257516669
"CAN-2021","Canada",2021,18,1,1.58733970234295,2.16903259726604
"CHE-2021","Switzerland",2021,18,1.21766965428937,0.985081557038363,0.930592791182604
"CHL-2021","Chile",2021,18,2.07915057915058,0.48550983331301,0.480965645311049
"CHN-2021","China",2021,18,1,2.31820988411033,7.12631578947368
"COL-2021","Colombia",2021,18,1,1.00031266177767,1
"CZE-2021","Czechia",2021,18,1.18785046728972,0.872160219415596,0.841856805664831
"DEU-2021","Germany",2021,18,1,1.52167910916714,1.44773752896695
"DNK-2021","Denmark",2021,18,1.3054174244571,0.903906820771156,1
"ESP-2021","Spain",2021,18,1,1.3176789946646,1.67208142533652
"FIN-2021","Finland",2021,18,1,1.29725843307716,1
"FRA-2021","France",2021,18,1.15140943343567,1.16991382739088,1
"GBR-2021","United Kingdom",2021,18,1,1.44747755285826,1.63422615440553
"GRC-2021","Greece",2021,18,1,1.07192903658629,1
"HRV-2021","Croatia",2021,18,1,1.00000072268897,1
"HUN-2021","Hungary",2021,18,1.43909657579827,0.723234152931077,0.694880397061122
"IND-2021","India",2021,18,1,1.934998933677,8.66160262138814
"IRL-2021","Ireland",2021,18,1,1.22469981218677,1
"ISR-2021","Israel",2021,18,1,1.38987058829296,1.55482222471407
"ITA-2021","Italy",2021,18,1,1.46247246118332,2.7391275632155
"JPN-2021","Japan",2021,18,1,2.17077647930418,15.3730737957786
"KOR-2021","South Korea",2021,18,1,2.15938219379285,11.9423874357858
"LUX-2021","Luxembourg",2021,18,2.25177186229317,0.445162719172018,0.444094722358604
"MEX-2021","Mexico",2021,18,1.86268540497612,0.596401708774864,0.536859309322188
"MYS-2021","Malaysia",2021,18,1,1.12604570747548,1
"NLD-2021","Netherlands",2021,18,1,1.58904044850402,3.1652554162896
"NOR-2021","Norway",2021,18,1.4031746031746,0.831042967944559,1
"NZL-2021","New Zealand",2021,18,1,1.08086971844321,1
"PHL-2021","Philippines",2021,18,2.41634980988593,0.416356533083708,0.413847364280094
"POL-2021","Poland",2021,18,1,1.27856486921799,1
"PRT-2021","Portugal",2021,18,1,1.06876788183211,1
"ROU-2021","Romania",2021,18,1,1.00049694624753,1
"RUS-2021","Russia",2021,18,1,1.11873730697458,1
"SAU-2021","Saudi Arabia",2021,18,1,1.26365173638979,1
"SGP-2021","Singapore",2021,18,1,1.47099094429594,1
"SVN-2021","Slovenia",2021,18,1.01707317073171,0.983224597608685,0.983213429256595
"SWE-2021","Sweden",2021,18,1.02961477058939,1.12403337073421,1
"TUR-2021","Turkey",2021,18,1,1.08457757016123,1
"UKR-2021","Ukraine",2021,18,1,1,1
"USA-2021","United States",2021,18,1,1.66676855873663,4.60413182488933
"ZAF-2021","South Africa",2021,18,1.58084577114428,0.650016772671847,0.632572777340677
