"pais","anos","drs","irs","crs","se_media","escore_vrs_medio"
"Australia",3,0,1,2,0.993290658802976,1
"China",3,0,0,3,1,1
"India",2,0,0,2,1,1
"Romania",2,0,1,1,0.781726612554491,1
"Serbia",1,0,1,0,0.543975561754771,1
"Singapore",3,0,0,3,1,1
"Slovenia",1,0,1,0,0.733613660584964,1
"South Korea",3,0,0,3,1,1
"United States",3,3,0,0,0.420211253670344,1
"Bulgaria",2,0,2,0,0.643782633519442,0.99933117167435
"Malaysia",3,0,3,0,0.73158875201319,0.998888794410619
"Greece",3,0,3,0,0.770249342168165,0.998653439398797
"Luxembourg",2,0,2,0,0.642195700913439,0.960347589602716
"Chile",1,0,1,0,0.751798794508478,0.93934032891053
"Philippines",2,0,2,0,0.771700967544845,0.933898140823165
"Argentina",3,0,3,0,0.606001927386856,0.928789606658992
"United Kingdom",3,3,0,0,0.582274171002518,0.915125850052554
"Italy",3,0,3,0,0.869653781515612,0.890126772037741
"New Zealand",3,1,2,0,0.757381517483335,0.881193849072597
"Mexico",3,0,3,0,0.731860595821179,0.867764125718493
"Portugal",3,0,3,0,0.832940615572284,0.863248620206451
"Hungary",3,0,3,0,0.78466326657097,0.862287610896087
"Russia",3,0,3,0,0.543272926547522,0.850504883787956
"Canada",3,3,0,0,0.7641041343551,0.837886037403063
"Czechia",3,0,3,0,0.7343530180889,0.801331801789153
"Poland",3,0,3,0,0.749655870818489,0.760346319626111
"Spain",3,0,3,0,0.916907573329273,0.759221558489866
"Japan",3,3,0,0,0.842256369260131,0.756604682800256
"South Africa",3,1,2,0,0.81930248220411,0.748277640230304
"Austria",3,0,3,0,0.581468434126475,0.731478008273917
"Saudi Arabia",1,0,1,0,0.828976705072154,0.72590238433952
"Germany",3,3,0,0,0.731752903634569,0.66701151736924
"Ireland",1,0,1,0,0.838342341895029,0.639040847109022
"Finland",3,1,2,0,0.849543754893384,0.602176240001571
"Switzerland",3,3,0,0,0.943760705975296,0.575886842543416
"Netherlands",3,3,0,0,0.871725330738871,0.554015035393868
"Norway",3,0,3,0,0.802793852669272,0.544316317623333
"France",3,3,0,0,0.775254132963329,0.540020872855507
"Denmark",3,0,3,0,0.847939606711515,0.522242496923837
"Belgium",3,0,3,0,0.831298526247893,0.494710654369991
"Turkey",3,0,3,0,0.899352093020185,0.484593305681606
"Sweden",3,0,3,0,0.828018586906202,0.468081678699389
"Brazil",3,0,3,0,0.839485691759157,0.458560403053847
"Israel",3,2,1,0,0.962594697379729,0.36293677261407
