"modelo","dependente","termo","coeficiente","ep_boot","ic_inf","ic_sup","ic90_inf","ic90_sup","p_boot","n_obs","n_paises","convergiu_pontual","mensagem_ajuste","loglik","grad_max","replicas_tentadas","replicas_convergentes","replicas_validas","inferencia","significativo_5pct","significativo_10pct","fonte_wgi","sinal_previsto","nivel_evidencia"
"H5 truncada com efetividade_governo do cache WGI (referência do bloco)","log_escore","(Intercept)",-0.666102837970491,0.52614102833585,-1.53685198488993,0.508892923450493,-1.41903098537337,0.375125867370656,0.286666666666667,128,34,TRUE,"successful convergence BFGS",50.8018476965938,0.0278338772349684,300,300,300,"truncada, escores fixos, bootstrap por país",FALSE,FALSE,"cache World Bank (data/wgi), as quatro dimensões da mesma cópia",NA,NA
"H5 truncada com efetividade_governo do cache WGI (referência do bloco)","log_escore","efetividade_governo",-0.25017784770171,0.0829792249467454,-0.394221090468094,-0.0724432114816927,-0.375159357521082,-0.115150493152524,0.00666666666666667,128,34,TRUE,"successful convergence BFGS",50.8018476965938,0.0278338772349684,300,300,300,"truncada, escores fixos, bootstrap por país",TRUE,TRUE,"cache World Bank (data/wgi), as quatro dimensões da mesma cópia","+","sinal contrário, significativo (5%)"
"H5 truncada com efetividade_governo do cache WGI (referência do bloco)","log_escore","alta_tec_export",0.00491410669780601,0.0058327623280462,-0.0107098269016374,0.0133594254805019,-0.00685907319662797,0.0121273794714817,0.48,128,34,TRUE,"successful convergence BFGS",50.8018476965938,0.0278338772349684,300,300,300,"truncada, escores fixos, bootstrap por país",FALSE,FALSE,"cache World Bank (data/wgi), as quatro dimensões da mesma cópia","+","só o sinal"
"H5 truncada com efetividade_governo do cache WGI (referência do bloco)","log_escore","log_comercio",0.124241202964055,0.108008923640208,-0.133238838063705,0.293570515491208,-0.0999014067206715,0.272916528937335,0.313333333333333,128,34,TRUE,"successful convergence BFGS",50.8018476965938,0.0278338772349684,300,300,300,"truncada, escores fixos, bootstrap por país",FALSE,FALSE,"cache World Bank (data/wgi), as quatro dimensões da mesma cópia",NA,NA
"H5 truncada com efetividade_governo do cache WGI (referência do bloco)","log_escore","market_cap",-0.00170352255428107,0.00129136374864896,-0.00280480722911782,0.00182911377814522,-0.00260432795115288,0.00136082280329026,0.426666666666667,128,34,TRUE,"successful convergence BFGS",50.8018476965938,0.0278338772349684,300,300,300,"truncada, escores fixos, bootstrap por país",FALSE,FALSE,"cache World Bank (data/wgi), as quatro dimensões da mesma cópia",NA,NA
"H5 truncada com efetividade_governo do cache WGI (referência do bloco)","log_escore","credito_privado",0.00269266273285376,0.00164958272911153,-0.000655921073993427,0.00581382215446571,-0.000278054295359022,0.00522837280222618,0.133333333333333,128,34,TRUE,"successful convergence BFGS",50.8018476965938,0.0278338772349684,300,300,300,"truncada, escores fixos, bootstrap por país",FALSE,FALSE,"cache World Bank (data/wgi), as quatro dimensões da mesma cópia",NA,NA
"H5 truncada com efetividade_governo do cache WGI (referência do bloco)","log_escore","ano_f2018",-0.0684868247318724,0.0569265359391934,-0.151219962675804,0.0629130228587282,-0.136824854194679,0.0508080540419646,0.373333333333333,128,34,TRUE,"successful convergence BFGS",50.8018476965938,0.0278338772349684,300,300,300,"truncada, escores fixos, bootstrap por país",FALSE,FALSE,"cache World Bank (data/wgi), as quatro dimensões da mesma cópia",NA,NA
"H5 truncada com efetividade_governo do cache WGI (referência do bloco)","log_escore","ano_f2019",-0.155284372607629,0.0632251332606091,-0.272575527789255,-0.0167683076938408,-0.247138113125526,-0.0336439780115265,0.04,128,34,TRUE,"successful convergence BFGS",50.8018476965938,0.0278338772349684,300,300,300,"truncada, escores fixos, bootstrap por país",TRUE,TRUE,"cache World Bank (data/wgi), as quatro dimensões da mesma cópia",NA,NA
"H5 truncada com efetividade_governo do cache WGI (referência do bloco)","log_escore","ano_f2020",-0.177576991073159,0.0625943951438804,-0.284301841234744,-0.0390265585009784,-0.264124381447448,-0.0569314937553804,0.0133333333333333,128,34,TRUE,"successful convergence BFGS",50.8018476965938,0.0278338772349684,300,300,300,"truncada, escores fixos, bootstrap por país",TRUE,TRUE,"cache World Bank (data/wgi), as quatro dimensões da mesma cópia",NA,NA
"H5 truncada com efetividade_governo do cache WGI (referência do bloco)","log_escore","ano_f2021",-0.164041548734755,0.0610161720290557,-0.272647928114845,-0.0331232980215503,-0.253687890380004,-0.0477359176427116,0.02,128,34,TRUE,"successful convergence BFGS",50.8018476965938,0.0278338772349684,300,300,300,"truncada, escores fixos, bootstrap por país",TRUE,TRUE,"cache World Bank (data/wgi), as quatro dimensões da mesma cópia",NA,NA
"H5 truncada com efetividade_governo do cache WGI (referência do bloco)","log_escore","sigma",0.210667203177174,0.0255856104342526,0.139139663897957,0.242182086101521,0.148055820310232,0.232218117416805,0,128,34,TRUE,"successful convergence BFGS",50.8018476965938,0.0278338772349684,300,300,300,"truncada, escores fixos, bootstrap por país",TRUE,TRUE,"cache World Bank (data/wgi), as quatro dimensões da mesma cópia",NA,NA
"H5 truncada com qualidade_regulatoria no lugar da efetividade (M2)","log_escore","(Intercept)",-0.761772047692874,0.448755690167025,-1.43732338155324,0.313790080294454,-1.30311032839328,0.221757397262124,0.193333333333333,128,34,TRUE,"successful convergence BFGS",52.1422451962226,0.0543653421747763,300,300,300,"truncada, escores fixos, bootstrap por país",FALSE,FALSE,"cache World Bank (data/wgi), as quatro dimensões da mesma cópia",NA,NA
"H5 truncada com qualidade_regulatoria no lugar da efetividade (M2)","log_escore","qualidade_regulatoria",-0.241796507086088,0.0767434861350827,-0.401835044454716,-0.0982855561702297,-0.376711818306398,-0.125598665935181,0,128,34,TRUE,"successful convergence BFGS",52.1422451962226,0.0543653421747763,300,300,300,"truncada, escores fixos, bootstrap por país",TRUE,TRUE,"cache World Bank (data/wgi), as quatro dimensões da mesma cópia","+","sinal contrário, significativo (5%)"
"H5 truncada com qualidade_regulatoria no lugar da efetividade (M2)","log_escore","alta_tec_export",0.00416290246652782,0.00583639768131442,-0.0112874846204276,0.0136253963220196,-0.00829656304883323,0.0114484681763719,0.573333333333333,128,34,TRUE,"successful convergence BFGS",52.1422451962226,0.0543653421747763,300,300,300,"truncada, escores fixos, bootstrap por país",FALSE,FALSE,"cache World Bank (data/wgi), as quatro dimensões da mesma cópia","+","só o sinal"
"H5 truncada com qualidade_regulatoria no lugar da efetividade (M2)","log_escore","log_comercio",0.14305280324862,0.0949242095992548,-0.095754113521574,0.279036088730395,-0.0766555954353137,0.252864746224183,0.22,128,34,TRUE,"successful convergence BFGS",52.1422451962226,0.0543653421747763,300,300,300,"truncada, escores fixos, bootstrap por país",FALSE,FALSE,"cache World Bank (data/wgi), as quatro dimensões da mesma cópia",NA,NA
"H5 truncada com qualidade_regulatoria no lugar da efetividade (M2)","log_escore","market_cap",-0.00162657692942784,0.00144505918565671,-0.00286304879204545,0.00230068292270406,-0.00260861461466619,0.00191417896900158,0.453333333333333,128,34,TRUE,"successful convergence BFGS",52.1422451962226,0.0543653421747763,300,300,300,"truncada, escores fixos, bootstrap por país",FALSE,FALSE,"cache World Bank (data/wgi), as quatro dimensões da mesma cópia",NA,NA
"H5 truncada com qualidade_regulatoria no lugar da efetividade (M2)","log_escore","credito_privado",0.0026136704371816,0.00148554685238044,-0.000633709596989801,0.00506839249627751,-0.000076005985247134,0.00464719706837975,0.113333333333333,128,34,TRUE,"successful convergence BFGS",52.1422451962226,0.0543653421747763,300,300,300,"truncada, escores fixos, bootstrap por país",FALSE,FALSE,"cache World Bank (data/wgi), as quatro dimensões da mesma cópia",NA,NA
"H5 truncada com qualidade_regulatoria no lugar da efetividade (M2)","log_escore","ano_f2018",-0.0750400182265648,0.0572234532225866,-0.15790819314638,0.0647634311937029,-0.141219177699869,0.0402144647329001,0.366666666666667,128,34,TRUE,"successful convergence BFGS",52.1422451962226,0.0543653421747763,300,300,300,"truncada, escores fixos, bootstrap por país",FALSE,FALSE,"cache World Bank (data/wgi), as quatro dimensões da mesma cópia",NA,NA
"H5 truncada com qualidade_regulatoria no lugar da efetividade (M2)","log_escore","ano_f2019",-0.165040448349615,0.0656974652538996,-0.284493354936865,-0.00665662459228182,-0.259969424912066,-0.0381737742422788,0.0333333333333333,128,34,TRUE,"successful convergence BFGS",52.1422451962226,0.0543653421747763,300,300,300,"truncada, escores fixos, bootstrap por país",TRUE,TRUE,"cache World Bank (data/wgi), as quatro dimensões da mesma cópia",NA,NA
"H5 truncada com qualidade_regulatoria no lugar da efetividade (M2)","log_escore","ano_f2020",-0.182085485362093,0.0646109106720433,-0.291199155786899,-0.030677793296414,-0.275266436769149,-0.0570400955409663,0.0133333333333333,128,34,TRUE,"successful convergence BFGS",52.1422451962226,0.0543653421747763,300,300,300,"truncada, escores fixos, bootstrap por país",TRUE,TRUE,"cache World Bank (data/wgi), as quatro dimensões da mesma cópia",NA,NA
"H5 truncada com qualidade_regulatoria no lugar da efetividade (M2)","log_escore","ano_f2021",-0.163194912079425,0.0604246161456469,-0.269089054478052,-0.0273026790729278,-0.250684713725162,-0.0437348815507529,0.0133333333333333,128,34,TRUE,"successful convergence BFGS",52.1422451962226,0.0543653421747763,300,300,300,"truncada, escores fixos, bootstrap por país",TRUE,TRUE,"cache World Bank (data/wgi), as quatro dimensões da mesma cópia",NA,NA
"H5 truncada com qualidade_regulatoria no lugar da efetividade (M2)","log_escore","sigma",0.207678633115782,0.0240856663808102,0.139061418994741,0.234309129820801,0.148418825977993,0.227461857853397,0,128,34,TRUE,"successful convergence BFGS",52.1422451962226,0.0543653421747763,300,300,300,"truncada, escores fixos, bootstrap por país",TRUE,TRUE,"cache World Bank (data/wgi), as quatro dimensões da mesma cópia",NA,NA
"H5 truncada com estado_direito no lugar da efetividade (M2)","log_escore","(Intercept)",-0.687702572689181,0.483357199302706,-1.37363064735786,0.474954612640199,-1.31181768978518,0.340577025812425,0.226666666666667,128,34,TRUE,"successful convergence BFGS",49.6580806636356,0.046329219667939,300,300,300,"truncada, escores fixos, bootstrap por país",FALSE,FALSE,"cache World Bank (data/wgi), as quatro dimensões da mesma cópia",NA,NA
"H5 truncada com estado_direito no lugar da efetividade (M2)","log_escore","estado_direito",-0.179640083575082,0.0778487268939047,-0.355018335355423,-0.026134778540734,-0.315006328275924,-0.0666406455691337,0.0133333333333333,128,34,TRUE,"successful convergence BFGS",49.6580806636356,0.046329219667939,300,300,300,"truncada, escores fixos, bootstrap por país",TRUE,TRUE,"cache World Bank (data/wgi), as quatro dimensões da mesma cópia","+","sinal contrário, significativo (5%)"
"H5 truncada com estado_direito no lugar da efetividade (M2)","log_escore","alta_tec_export",0.00221297350244927,0.00567598736110827,-0.013252647237647,0.0108640132468099,-0.00998560135188544,0.00920661361164558,0.713333333333333,128,34,TRUE,"successful convergence BFGS",49.6580806636356,0.046329219667939,300,300,300,"truncada, escores fixos, bootstrap por país",FALSE,FALSE,"cache World Bank (data/wgi), as quatro dimensões da mesma cópia","+","só o sinal"
"H5 truncada com estado_direito no lugar da efetividade (M2)","log_escore","log_comercio",0.122379590853799,0.100536548593203,-0.131226904708587,0.260738569576928,-0.0999965868493149,0.242077025810994,0.266666666666667,128,34,TRUE,"successful convergence BFGS",49.6580806636356,0.046329219667939,300,300,300,"truncada, escores fixos, bootstrap por país",FALSE,FALSE,"cache World Bank (data/wgi), as quatro dimensões da mesma cópia",NA,NA
"H5 truncada com estado_direito no lugar da efetividade (M2)","log_escore","market_cap",-0.001639805049799,0.0011481532118926,-0.00301691685306372,0.00145313481117006,-0.00278181282300874,0.0010038917462149,0.306666666666667,128,34,TRUE,"successful convergence BFGS",49.6580806636356,0.046329219667939,300,300,300,"truncada, escores fixos, bootstrap por país",FALSE,FALSE,"cache World Bank (data/wgi), as quatro dimensões da mesma cópia",NA,NA
"H5 truncada com estado_direito no lugar da efetividade (M2)","log_escore","credito_privado",0.00222867005260465,0.00155524134170559,-0.000924924079611683,0.00477160016910244,-0.000507074261047614,0.00458034172917268,0.193333333333333,128,34,TRUE,"successful convergence BFGS",49.6580806636356,0.046329219667939,300,300,300,"truncada, escores fixos, bootstrap por país",FALSE,FALSE,"cache World Bank (data/wgi), as quatro dimensões da mesma cópia",NA,NA
"H5 truncada com estado_direito no lugar da efetividade (M2)","log_escore","ano_f2018",-0.0743628130795625,0.0534985629741552,-0.153911557426793,0.0457892859538135,-0.141865060529956,0.0339600951007356,0.286666666666667,128,34,TRUE,"successful convergence BFGS",49.6580806636356,0.046329219667939,300,300,300,"truncada, escores fixos, bootstrap por país",FALSE,FALSE,"cache World Bank (data/wgi), as quatro dimensões da mesma cópia",NA,NA
"H5 truncada com estado_direito no lugar da efetividade (M2)","log_escore","ano_f2019",-0.165568618022295,0.0616280884122928,-0.289691555832332,-0.0305180931656067,-0.253007326783038,-0.0480022913026781,0.0266666666666667,128,34,TRUE,"successful convergence BFGS",49.6580806636356,0.046329219667939,300,300,300,"truncada, escores fixos, bootstrap por país",TRUE,TRUE,"cache World Bank (data/wgi), as quatro dimensões da mesma cópia",NA,NA
"H5 truncada com estado_direito no lugar da efetividade (M2)","log_escore","ano_f2020",-0.174002238435495,0.0627818903385206,-0.276279427174913,-0.0317002594111009,-0.258184079927785,-0.0531614419897753,0.02,128,34,TRUE,"successful convergence BFGS",49.6580806636356,0.046329219667939,300,300,300,"truncada, escores fixos, bootstrap por país",TRUE,TRUE,"cache World Bank (data/wgi), as quatro dimensões da mesma cópia",NA,NA
"H5 truncada com estado_direito no lugar da efetividade (M2)","log_escore","ano_f2021",-0.163380337774733,0.0594268524116889,-0.267933556932571,-0.0363328843643954,-0.249906680711612,-0.0510263622468737,0.02,128,34,TRUE,"successful convergence BFGS",49.6580806636356,0.046329219667939,300,300,300,"truncada, escores fixos, bootstrap por país",TRUE,TRUE,"cache World Bank (data/wgi), as quatro dimensões da mesma cópia",NA,NA
"H5 truncada com estado_direito no lugar da efetividade (M2)","log_escore","sigma",0.213256107038819,0.0253641388444388,0.144361918574864,0.242342160971037,0.151887314253398,0.236477962197107,0,128,34,TRUE,"successful convergence BFGS",49.6580806636356,0.046329219667939,300,300,300,"truncada, escores fixos, bootstrap por país",TRUE,TRUE,"cache World Bank (data/wgi), as quatro dimensões da mesma cópia",NA,NA
"H5 truncada com controle_corrupcao no lugar da efetividade (M2)","log_escore","(Intercept)",-0.82394837194688,0.522630694545124,-1.6659606761071,0.355543546429446,-1.56388554626401,0.24678807851576,0.2,128,34,TRUE,"successful convergence BFGS",52.1190916628784,0.161574940609171,300,300,300,"truncada, escores fixos, bootstrap por país",FALSE,FALSE,"cache World Bank (data/wgi), as quatro dimensões da mesma cópia",NA,NA
"H5 truncada com controle_corrupcao no lugar da efetividade (M2)","log_escore","controle_corrupcao",-0.19070487340476,0.0567148593000213,-0.29112755464162,-0.0787153667375642,-0.278917364071167,-0.104029837074005,0.00666666666666667,128,34,TRUE,"successful convergence BFGS",52.1190916628784,0.161574940609171,300,300,300,"truncada, escores fixos, bootstrap por país",TRUE,TRUE,"cache World Bank (data/wgi), as quatro dimensões da mesma cópia","+","sinal contrário, significativo (5%)"
"H5 truncada com controle_corrupcao no lugar da efetividade (M2)","log_escore","alta_tec_export",0.00207265491557305,0.00601258252196219,-0.0128452920165312,0.0107511412963212,-0.0104673774627369,0.00926996930792458,0.84,128,34,TRUE,"successful convergence BFGS",52.1190916628784,0.161574940609171,300,300,300,"truncada, escores fixos, bootstrap por país",FALSE,FALSE,"cache World Bank (data/wgi), as quatro dimensões da mesma cópia","+","só o sinal"
"H5 truncada com controle_corrupcao no lugar da efetividade (M2)","log_escore","log_comercio",0.144350901435967,0.105707481892733,-0.116578816776529,0.299697239368216,-0.0853319734016629,0.281340048447116,0.28,128,34,TRUE,"successful convergence BFGS",52.1190916628784,0.161574940609171,300,300,300,"truncada, escores fixos, bootstrap por país",FALSE,FALSE,"cache World Bank (data/wgi), as quatro dimensões da mesma cópia",NA,NA
"H5 truncada com controle_corrupcao no lugar da efetividade (M2)","log_escore","market_cap",-0.00156607661580652,0.00131815066213611,-0.00271169317397691,0.00205086904825381,-0.00249844752264779,0.00177082736358025,0.426666666666667,128,34,TRUE,"successful convergence BFGS",52.1190916628784,0.161574940609171,300,300,300,"truncada, escores fixos, bootstrap por país",FALSE,FALSE,"cache World Bank (data/wgi), as quatro dimensões da mesma cópia",NA,NA
"H5 truncada com controle_corrupcao no lugar da efetividade (M2)","log_escore","credito_privado",0.00266686230599236,0.0015197191057868,-0.000628452890857924,0.0050880379672183,-0.00013708068820971,0.0047878018553734,0.126666666666667,128,34,TRUE,"successful convergence BFGS",52.1190916628784,0.161574940609171,300,300,300,"truncada, escores fixos, bootstrap por país",FALSE,FALSE,"cache World Bank (data/wgi), as quatro dimensões da mesma cópia",NA,NA
"H5 truncada com controle_corrupcao no lugar da efetividade (M2)","log_escore","ano_f2018",-0.0665766873613216,0.0562101378314087,-0.142384809360014,0.0750250553610694,-0.129953138104022,0.0526864830498848,0.406666666666667,128,34,TRUE,"successful convergence BFGS",52.1190916628784,0.161574940609171,300,300,300,"truncada, escores fixos, bootstrap por país",FALSE,FALSE,"cache World Bank (data/wgi), as quatro dimensões da mesma cópia",NA,NA
"H5 truncada com controle_corrupcao no lugar da efetividade (M2)","log_escore","ano_f2019",-0.154914566053357,0.0623081675384763,-0.275114356591833,-0.00820051000846275,-0.242660799513826,-0.0343987658661274,0.0333333333333333,128,34,TRUE,"successful convergence BFGS",52.1190916628784,0.161574940609171,300,300,300,"truncada, escores fixos, bootstrap por país",TRUE,TRUE,"cache World Bank (data/wgi), as quatro dimensões da mesma cópia",NA,NA
"H5 truncada com controle_corrupcao no lugar da efetividade (M2)","log_escore","ano_f2020",-0.168209102411219,0.0627740512708076,-0.266098612601615,-0.0195033333381293,-0.253008517152365,-0.0407361955533343,0.0133333333333333,128,34,TRUE,"successful convergence BFGS",52.1190916628784,0.161574940609171,300,300,300,"truncada, escores fixos, bootstrap por país",TRUE,TRUE,"cache World Bank (data/wgi), as quatro dimensões da mesma cópia",NA,NA
"H5 truncada com controle_corrupcao no lugar da efetividade (M2)","log_escore","ano_f2021",-0.155336735390407,0.0576803614015238,-0.25386058237608,-0.0300958629201554,-0.231052520654369,-0.0438776139911129,0.0133333333333333,128,34,TRUE,"successful convergence BFGS",52.1190916628784,0.161574940609171,300,300,300,"truncada, escores fixos, bootstrap por país",TRUE,TRUE,"cache World Bank (data/wgi), as quatro dimensões da mesma cópia",NA,NA
"H5 truncada com controle_corrupcao no lugar da efetividade (M2)","log_escore","sigma",0.207457139865125,0.024724599461705,0.136935553597119,0.237830298949837,0.146116993176786,0.229693984372602,0,128,34,TRUE,"successful convergence BFGS",52.1190916628784,0.161574940609171,300,300,300,"truncada, escores fixos, bootstrap por país",TRUE,TRUE,"cache World Bank (data/wgi), as quatro dimensões da mesma cópia",NA,NA
"H5 truncada com indice_wgi no lugar da efetividade (M2)","log_escore","(Intercept)",-0.782053397239833,0.485875922248791,-1.56058607800111,0.350856348468953,-1.43735594982476,0.233286239562568,0.173333333333333,128,34,TRUE,"successful convergence BFGS",52.1793744811398,0.0282169252159292,300,300,300,"truncada, escores fixos, bootstrap por país",FALSE,FALSE,"cache World Bank (data/wgi), as quatro dimensões da mesma cópia",NA,NA
"H5 truncada com indice_wgi no lugar da efetividade (M2)","log_escore","indice_wgi",-0.227820602186062,0.0736851436323009,-0.367371526474462,-0.0840155646337507,-0.351153904059349,-0.109234359761728,0.00666666666666667,128,34,TRUE,"successful convergence BFGS",52.1793744811398,0.0282169252159292,300,300,300,"truncada, escores fixos, bootstrap por país",TRUE,TRUE,"cache World Bank (data/wgi), as quatro dimensões da mesma cópia","+","sinal contrário, significativo (5%)"
"H5 truncada com indice_wgi no lugar da efetividade (M2)","log_escore","alta_tec_export",0.00324453160552057,0.00577447034501473,-0.012218522592018,0.0114485097173941,-0.0095052440319132,0.0101522983080803,0.653333333333333,128,34,TRUE,"successful convergence BFGS",52.1793744811398,0.0282169252159292,300,300,300,"truncada, escores fixos, bootstrap por país",FALSE,FALSE,"cache World Bank (data/wgi), as quatro dimensões da mesma cópia","+","só o sinal"
"H5 truncada com indice_wgi no lugar da efetividade (M2)","log_escore","log_comercio",0.142850427695459,0.100502969606737,-0.106490026146918,0.290809788915619,-0.0810892283964898,0.271563162821361,0.253333333333333,128,34,TRUE,"successful convergence BFGS",52.1793744811398,0.0282169252159292,300,300,300,"truncada, escores fixos, bootstrap por país",FALSE,FALSE,"cache World Bank (data/wgi), as quatro dimensões da mesma cópia",NA,NA
"H5 truncada com indice_wgi no lugar da efetividade (M2)","log_escore","market_cap",-0.00167305115031756,0.0013021402417869,-0.0028822814656838,0.00189516264616898,-0.00257761631991011,0.00144463493524527,0.426666666666667,128,34,TRUE,"successful convergence BFGS",52.1793744811398,0.0282169252159292,300,300,300,"truncada, escores fixos, bootstrap por país",FALSE,FALSE,"cache World Bank (data/wgi), as quatro dimensões da mesma cópia",NA,NA
"H5 truncada com indice_wgi no lugar da efetividade (M2)","log_escore","credito_privado",0.00275626044254514,0.00151532118115677,-0.000494014577458562,0.00520027518089464,0.0000960957590643523,0.00498162358126627,0.0866666666666667,128,34,TRUE,"successful convergence BFGS",52.1793744811398,0.0282169252159292,300,300,300,"truncada, escores fixos, bootstrap por país",FALSE,TRUE,"cache World Bank (data/wgi), as quatro dimensões da mesma cópia",NA,NA
"H5 truncada com indice_wgi no lugar da efetividade (M2)","log_escore","ano_f2018",-0.071912627936428,0.055984210449017,-0.15273613080983,0.0618658391629466,-0.136901658778803,0.0436985029109028,0.353333333333333,128,34,TRUE,"successful convergence BFGS",52.1793744811398,0.0282169252159292,300,300,300,"truncada, escores fixos, bootstrap por país",FALSE,FALSE,"cache World Bank (data/wgi), as quatro dimensões da mesma cópia",NA,NA
"H5 truncada com indice_wgi no lugar da efetividade (M2)","log_escore","ano_f2019",-0.161233060229104,0.0629818327291943,-0.281960088791898,-0.0195424641566059,-0.247635829794839,-0.037488777668825,0.0333333333333333,128,34,TRUE,"successful convergence BFGS",52.1793744811398,0.0282169252159292,300,300,300,"truncada, escores fixos, bootstrap por país",TRUE,TRUE,"cache World Bank (data/wgi), as quatro dimensões da mesma cópia",NA,NA
"H5 truncada com indice_wgi no lugar da efetividade (M2)","log_escore","ano_f2020",-0.177808172756271,0.0628592915719762,-0.282278748431998,-0.0342739511699581,-0.26417459790454,-0.0573185135392273,0.0133333333333333,128,34,TRUE,"successful convergence BFGS",52.1793744811398,0.0282169252159292,300,300,300,"truncada, escores fixos, bootstrap por país",TRUE,TRUE,"cache World Bank (data/wgi), as quatro dimensões da mesma cópia",NA,NA
"H5 truncada com indice_wgi no lugar da efetividade (M2)","log_escore","ano_f2021",-0.163697245418189,0.0592455987727044,-0.267535564082643,-0.0347132839789632,-0.249542944810353,-0.0485554143891294,0.0133333333333333,128,34,TRUE,"successful convergence BFGS",52.1793744811398,0.0282169252159292,300,300,300,"truncada, escores fixos, bootstrap por país",TRUE,TRUE,"cache World Bank (data/wgi), as quatro dimensões da mesma cópia",NA,NA
"H5 truncada com indice_wgi no lugar da efetividade (M2)","log_escore","sigma",0.207786210086277,0.0245937325283543,0.139861563827215,0.237661548702888,0.145770630262044,0.228818565167381,0,128,34,TRUE,"successful convergence BFGS",52.1793744811398,0.0282169252159292,300,300,300,"truncada, escores fixos, bootstrap por país",TRUE,TRUE,"cache World Bank (data/wgi), as quatro dimensões da mesma cópia",NA,NA
