"modelo","dependente","termo","coeficiente","ep_boot","ic_inf","ic_sup","ic90_inf","ic90_sup","p_boot","n_obs","n_paises","convergiu_pontual","mensagem_ajuste","loglik","grad_max","replicas_tentadas","replicas_convergentes","replicas_validas","inferencia","significativo_5pct","significativo_10pct","sinal_previsto","nivel_evidencia"
"H5 truncada com qualidade_regulatoria no lugar da efetividade (M2)","log_escore","(Intercept)",-2.00427847400504,1.10668613230024,-3.78011094727955,0.049562329179983,-3.3756983230125,-0.154352379719393,0.0533333333333333,136,38,TRUE,"successful convergence BFGS",78.3243682462235,0.465652398122302,300,300,300,"truncada, escores fixos, bootstrap por país",FALSE,TRUE,NA,NA
"H5 truncada com qualidade_regulatoria no lugar da efetividade (M2)","log_escore","qualidade_regulatoria",-0.532702177893159,0.293333392334122,-1.04997404448865,-0.0519627962402085,-0.908490835659364,-0.0592860702975636,0,136,38,TRUE,"successful convergence BFGS",78.3243682462235,0.465652398122302,300,300,300,"truncada, escores fixos, bootstrap por país",TRUE,TRUE,"+","sinal contrário, significativo (5%)"
"H5 truncada com qualidade_regulatoria no lugar da efetividade (M2)","log_escore","alta_tec_export",-0.00592068958681285,0.00829490901983717,-0.0255638134654972,0.00523512094475151,-0.0221218702724506,0.0037292602728176,0.506666666666667,136,38,TRUE,"successful convergence BFGS",78.3243682462235,0.465652398122302,300,300,300,"truncada, escores fixos, bootstrap por país",FALSE,FALSE,"+","sinal contrário"
"H5 truncada com qualidade_regulatoria no lugar da efetividade (M2)","log_escore","log_comercio",0.492746512987233,0.286099284865028,-0.049611845395874,0.897506963502545,0.0148123576407926,0.850884055271945,0.08,136,38,TRUE,"successful convergence BFGS",78.3243682462235,0.465652398122302,300,300,300,"truncada, escores fixos, bootstrap por país",FALSE,TRUE,NA,NA
"H5 truncada com qualidade_regulatoria no lugar da efetividade (M2)","log_escore","market_cap",-0.00155842100752049,0.00171437622529022,-0.00501464830702522,0.00160754170812849,-0.00460416759010137,0.00119588207155182,0.346666666666667,136,38,TRUE,"successful convergence BFGS",78.3243682462235,0.465652398122302,300,300,300,"truncada, escores fixos, bootstrap por país",FALSE,FALSE,NA,NA
"H5 truncada com qualidade_regulatoria no lugar da efetividade (M2)","log_escore","credito_privado",0.00805816564824369,0.00507607909135419,-0.000246427622767435,0.0171995869122808,0.000201696829124303,0.0145402563511649,0.0866666666666667,136,38,TRUE,"successful convergence BFGS",78.3243682462235,0.465652398122302,300,300,300,"truncada, escores fixos, bootstrap por país",FALSE,TRUE,NA,NA
"H5 truncada com qualidade_regulatoria no lugar da efetividade (M2)","log_escore","ano_f2018",-0.197444729350538,0.0887873279581286,-0.348929711173173,-0.0291261251265872,-0.320825346302258,-0.0383056537264287,0.02,136,38,TRUE,"successful convergence BFGS",78.3243682462235,0.465652398122302,300,300,300,"truncada, escores fixos, bootstrap por país",TRUE,TRUE,NA,NA
"H5 truncada com qualidade_regulatoria no lugar da efetividade (M2)","log_escore","ano_f2019",0.143175659335691,0.0997214912630616,-0.0896853774826251,0.351296338363022,-0.0607428543545177,0.27930747609832,0.246666666666667,136,38,TRUE,"successful convergence BFGS",78.3243682462235,0.465652398122302,300,300,300,"truncada, escores fixos, bootstrap por país",FALSE,FALSE,NA,NA
"H5 truncada com qualidade_regulatoria no lugar da efetividade (M2)","log_escore","ano_f2020",-0.00899571939324135,0.10698645078166,-0.235041608403649,0.192332012467192,-0.189342637044426,0.149634204547519,0.94,136,38,TRUE,"successful convergence BFGS",78.3243682462235,0.465652398122302,300,300,300,"truncada, escores fixos, bootstrap por país",FALSE,FALSE,NA,NA
"H5 truncada com qualidade_regulatoria no lugar da efetividade (M2)","log_escore","ano_f2021",-0.260045177333698,0.133698504900217,-0.452907698578612,-0.00189187408001644,-0.421566848698804,-0.0139759491975428,0.04,136,38,TRUE,"successful convergence BFGS",78.3243682462235,0.465652398122302,300,300,300,"truncada, escores fixos, bootstrap por país",TRUE,TRUE,NA,NA
"H5 truncada com qualidade_regulatoria no lugar da efetividade (M2)","log_escore","sigma",0.311662617704947,0.0822336278569582,0.106491830112903,0.374235376808581,0.117050308530562,0.352567057630057,0,136,38,TRUE,"successful convergence BFGS",78.3243682462235,0.465652398122302,300,300,300,"truncada, escores fixos, bootstrap por país",TRUE,TRUE,NA,NA
"H5 truncada com estado_direito no lugar da efetividade (M2)","log_escore","(Intercept)",-2.02476303679525,1.24003762178152,-4.17035996341621,-0.0220849178186182,-3.8101893392268,-0.159524371967284,0.0466666666666667,136,38,TRUE,"successful convergence BFGS",76.6348097728645,0.133537676617976,300,300,300,"truncada, escores fixos, bootstrap por país",TRUE,TRUE,NA,NA
"H5 truncada com estado_direito no lugar da efetividade (M2)","log_escore","estado_direito",-0.452738877245077,0.275358507451643,-0.992614731456352,-0.0371814740959754,-0.814232350575432,-0.0454271303428371,0,136,38,TRUE,"successful convergence BFGS",76.6348097728645,0.133537676617976,300,300,300,"truncada, escores fixos, bootstrap por país",TRUE,TRUE,"+","sinal contrário, significativo (5%)"
"H5 truncada com estado_direito no lugar da efetividade (M2)","log_escore","alta_tec_export",-0.0108892618354404,0.0114781843861156,-0.0377991769194949,0.00286521818760868,-0.0329535083544246,0.00237702759396844,0.326666666666667,136,38,TRUE,"successful convergence BFGS",76.6348097728645,0.133537676617976,300,300,300,"truncada, escores fixos, bootstrap por país",FALSE,FALSE,"+","sinal contrário"
"H5 truncada com estado_direito no lugar da efetividade (M2)","log_escore","log_comercio",0.498676457726254,0.324564981435503,-0.0199463867220973,1.04619434877557,0.00741990213128969,0.942082984201029,0.0933333333333333,136,38,TRUE,"successful convergence BFGS",76.6348097728645,0.133537676617976,300,300,300,"truncada, escores fixos, bootstrap por país",FALSE,TRUE,NA,NA
"H5 truncada com estado_direito no lugar da efetividade (M2)","log_escore","market_cap",-0.0015871774901615,0.0020352880505438,-0.00648468238123257,0.00141208402835122,-0.00566584236649803,0.000598363623003046,0.266666666666667,136,38,TRUE,"successful convergence BFGS",76.6348097728645,0.133537676617976,300,300,300,"truncada, escores fixos, bootstrap por país",FALSE,FALSE,NA,NA
"H5 truncada com estado_direito no lugar da efetividade (M2)","log_escore","credito_privado",0.00781208095556788,0.0055709996084528,-0.000143049250018263,0.0186978256269745,0.000175499157608473,0.0173257712008045,0.0666666666666667,136,38,TRUE,"successful convergence BFGS",76.6348097728645,0.133537676617976,300,300,300,"truncada, escores fixos, bootstrap por país",FALSE,TRUE,NA,NA
"H5 truncada com estado_direito no lugar da efetividade (M2)","log_escore","ano_f2018",-0.191340479494827,0.100187675253956,-0.398481492698043,-0.0271946027877945,-0.336063134225011,-0.0355190647385245,0.02,136,38,TRUE,"successful convergence BFGS",76.6348097728645,0.133537676617976,300,300,300,"truncada, escores fixos, bootstrap por país",TRUE,TRUE,NA,NA
"H5 truncada com estado_direito no lugar da efetividade (M2)","log_escore","ano_f2019",0.146533651755926,0.109955149272397,-0.114569150856303,0.34073717491152,-0.0853310046116249,0.280412140412491,0.306666666666667,136,38,TRUE,"successful convergence BFGS",76.6348097728645,0.133537676617976,300,300,300,"truncada, escores fixos, bootstrap por país",FALSE,FALSE,NA,NA
"H5 truncada com estado_direito no lugar da efetividade (M2)","log_escore","ano_f2020",0.0142646685197644,0.1122668637448,-0.211251386940115,0.275850901973885,-0.185898793425668,0.16705250684226,0.813333333333333,136,38,TRUE,"successful convergence BFGS",76.6348097728645,0.133537676617976,300,300,300,"truncada, escores fixos, bootstrap por país",FALSE,FALSE,NA,NA
"H5 truncada com estado_direito no lugar da efetividade (M2)","log_escore","ano_f2021",-0.276844372710992,0.150278590220323,-0.516391516008435,-0.00822516815361241,-0.474231669822461,-0.0149569024598339,0.0266666666666667,136,38,TRUE,"successful convergence BFGS",76.6348097728645,0.133537676617976,300,300,300,"truncada, escores fixos, bootstrap por país",TRUE,TRUE,NA,NA
"H5 truncada com estado_direito no lugar da efetividade (M2)","log_escore","sigma",0.327057689162033,0.0973249349546516,0.105895128437718,0.424428486403801,0.11752093418722,0.402081430859906,0,136,38,TRUE,"successful convergence BFGS",76.6348097728645,0.133537676617976,300,300,300,"truncada, escores fixos, bootstrap por país",TRUE,TRUE,NA,NA
"H5 truncada com controle_corrupcao no lugar da efetividade (M2)","log_escore","(Intercept)",-2.03437772949418,1.34952914188663,-4.76097107118997,-0.0508128297898818,-4.11093225492757,-0.14990943642122,0.0466666666666667,136,38,TRUE,"successful convergence BFGS",74.3436996261743,1.00521145799098,300,300,300,"truncada, escores fixos, bootstrap por país",TRUE,TRUE,NA,NA
"H5 truncada com controle_corrupcao no lugar da efetividade (M2)","log_escore","controle_corrupcao",-0.406995056887738,0.262764754508817,-0.939939692628475,-0.0424677173833552,-0.79616425837049,-0.0515642101150348,0,136,38,TRUE,"successful convergence BFGS",74.3436996261743,1.00521145799098,300,300,300,"truncada, escores fixos, bootstrap por país",TRUE,TRUE,"+","sinal contrário, significativo (5%)"
"H5 truncada com controle_corrupcao no lugar da efetividade (M2)","log_escore","alta_tec_export",-0.0104480764439476,0.0125109073147102,-0.0391453420329698,0.0036086051690266,-0.0363429615201775,0.00243478726623612,0.286666666666667,136,38,TRUE,"successful convergence BFGS",74.3436996261743,1.00521145799098,300,300,300,"truncada, escores fixos, bootstrap por país",FALSE,FALSE,"+","sinal contrário"
"H5 truncada com controle_corrupcao no lugar da efetividade (M2)","log_escore","log_comercio",0.491261099643982,0.347646123985591,-0.0241353338878145,1.12655557764728,0.00884746275930054,0.978961061356141,0.0933333333333333,136,38,TRUE,"successful convergence BFGS",74.3436996261743,1.00521145799098,300,300,300,"truncada, escores fixos, bootstrap por país",FALSE,TRUE,NA,NA
"H5 truncada com controle_corrupcao no lugar da efetividade (M2)","log_escore","market_cap",-0.00124568634898214,0.0019417976448806,-0.00568908211152636,0.00224984857525945,-0.00453917552977032,0.00168842541254626,0.386666666666667,136,38,TRUE,"successful convergence BFGS",74.3436996261743,1.00521145799098,300,300,300,"truncada, escores fixos, bootstrap por país",FALSE,FALSE,NA,NA
"H5 truncada com controle_corrupcao no lugar da efetividade (M2)","log_escore","credito_privado",0.00772644692338142,0.00573522895221882,-0.000235016293786096,0.0194217486255037,0.000143010338047671,0.0180482815456936,0.08,136,38,TRUE,"successful convergence BFGS",74.3436996261743,1.00521145799098,300,300,300,"truncada, escores fixos, bootstrap por país",FALSE,TRUE,NA,NA
"H5 truncada com controle_corrupcao no lugar da efetividade (M2)","log_escore","ano_f2018",-0.187768149746159,0.101904416820387,-0.404610671774689,-0.0140498735442977,-0.337817044815404,-0.0298011849987722,0.0266666666666667,136,38,TRUE,"successful convergence BFGS",74.3436996261743,1.00521145799098,300,300,300,"truncada, escores fixos, bootstrap por país",TRUE,TRUE,NA,NA
"H5 truncada com controle_corrupcao no lugar da efetividade (M2)","log_escore","ano_f2019",0.18165512318249,0.125141286618823,-0.0893603780310839,0.452973196743585,-0.0368678992360668,0.322723655834454,0.2,136,38,TRUE,"successful convergence BFGS",74.3436996261743,1.00521145799098,300,300,300,"truncada, escores fixos, bootstrap por país",FALSE,FALSE,NA,NA
"H5 truncada com controle_corrupcao no lugar da efetividade (M2)","log_escore","ano_f2020",0.0383161654787496,0.123166803356561,-0.194047032573691,0.334596039663336,-0.161515932817412,0.206497030766167,0.746666666666667,136,38,TRUE,"successful convergence BFGS",74.3436996261743,1.00521145799098,300,300,300,"truncada, escores fixos, bootstrap por país",FALSE,FALSE,NA,NA
"H5 truncada com controle_corrupcao no lugar da efetividade (M2)","log_escore","ano_f2021",-0.260049326984395,0.14138271809386,-0.478822854044053,0.00421464296472308,-0.438057637048784,-0.0141352213084609,0.06,136,38,TRUE,"successful convergence BFGS",74.3436996261743,1.00521145799098,300,300,300,"truncada, escores fixos, bootstrap por país",FALSE,TRUE,NA,NA
"H5 truncada com controle_corrupcao no lugar da efetividade (M2)","log_escore","sigma",0.339720792110402,0.10781051321392,0.105323400523995,0.455624808337619,0.11671038115359,0.431958914861147,0,136,38,TRUE,"successful convergence BFGS",74.3436996261743,1.00521145799098,300,300,300,"truncada, escores fixos, bootstrap por país",TRUE,TRUE,NA,NA
"H5 truncada com indice_wgi no lugar da efetividade (M2)","log_escore","(Intercept)",-2.01948297798347,1.13515642996739,-3.85932940395914,-0.0446350981806744,-3.50797467473604,-0.179840469233944,0.0466666666666667,136,38,TRUE,"successful convergence BFGS",78.171844046331,0.334010858891489,300,300,300,"truncada, escores fixos, bootstrap por país",TRUE,TRUE,NA,NA
"H5 truncada com indice_wgi no lugar da efetividade (M2)","log_escore","indice_wgi",-0.505400077130455,0.28734808853867,-1.03310591502352,-0.050219131561726,-0.887701655515722,-0.0612601106897156,0,136,38,TRUE,"successful convergence BFGS",78.171844046331,0.334010858891489,300,300,300,"truncada, escores fixos, bootstrap por país",TRUE,TRUE,"+","sinal contrário, significativo (5%)"
"H5 truncada com indice_wgi no lugar da efetividade (M2)","log_escore","alta_tec_export",-0.00833475563148762,0.00938766167147146,-0.0304657154730742,0.00372308350655648,-0.0262654452886797,0.00257181901093347,0.34,136,38,TRUE,"successful convergence BFGS",78.171844046331,0.334010858891489,300,300,300,"truncada, escores fixos, bootstrap por país",FALSE,FALSE,"+","sinal contrário"
"H5 truncada com indice_wgi no lugar da efetividade (M2)","log_escore","log_comercio",0.491873661019119,0.293322446004353,-0.0188671069776282,0.939536859523527,0.0158779746186138,0.857197435991192,0.0733333333333333,136,38,TRUE,"successful convergence BFGS",78.171844046331,0.334010858891489,300,300,300,"truncada, escores fixos, bootstrap por país",FALSE,TRUE,NA,NA
"H5 truncada com indice_wgi no lugar da efetividade (M2)","log_escore","market_cap",-0.00149588907943139,0.00175407217056175,-0.00540334057438247,0.00175708277125752,-0.00458074202423137,0.00129271551912484,0.313333333333333,136,38,TRUE,"successful convergence BFGS",78.171844046331,0.334010858891489,300,300,300,"truncada, escores fixos, bootstrap por país",FALSE,FALSE,NA,NA
"H5 truncada com indice_wgi no lugar da efetividade (M2)","log_escore","credito_privado",0.00811962765427044,0.00522117235993897,-0.0000806295443804731,0.0171363769164845,0.000316202144903596,0.0157987838065019,0.06,136,38,TRUE,"successful convergence BFGS",78.171844046331,0.334010858891489,300,300,300,"truncada, escores fixos, bootstrap por país",FALSE,TRUE,NA,NA
"H5 truncada com indice_wgi no lugar da efetividade (M2)","log_escore","ano_f2018",-0.181969603483288,0.0882533350997318,-0.359249748527722,-0.0243793956457351,-0.317284752058221,-0.035989189082169,0.02,136,38,TRUE,"successful convergence BFGS",78.171844046331,0.334010858891489,300,300,300,"truncada, escores fixos, bootstrap por país",TRUE,TRUE,NA,NA
"H5 truncada com indice_wgi no lugar da efetividade (M2)","log_escore","ano_f2019",0.146027420652634,0.103954406759762,-0.0879549091419622,0.340514132267619,-0.0646407442273644,0.2789950230354,0.266666666666667,136,38,TRUE,"successful convergence BFGS",78.171844046331,0.334010858891489,300,300,300,"truncada, escores fixos, bootstrap por país",FALSE,FALSE,NA,NA
"H5 truncada com indice_wgi no lugar da efetividade (M2)","log_escore","ano_f2020",-0.00217671345554194,0.111398860960647,-0.228280882235222,0.246108855856608,-0.196551913315043,0.161585401800446,0.913333333333333,136,38,TRUE,"successful convergence BFGS",78.171844046331,0.334010858891489,300,300,300,"truncada, escores fixos, bootstrap por país",FALSE,FALSE,NA,NA
"H5 truncada com indice_wgi no lugar da efetividade (M2)","log_escore","ano_f2021",-0.266869682207283,0.137806353686708,-0.463497838113969,-0.00546867687373184,-0.439977338732123,-0.0173301351047402,0.04,136,38,TRUE,"successful convergence BFGS",78.171844046331,0.334010858891489,300,300,300,"truncada, escores fixos, bootstrap por país",TRUE,TRUE,NA,NA
"H5 truncada com indice_wgi no lugar da efetividade (M2)","log_escore","sigma",0.312714227433936,0.086661618287318,0.105526312693525,0.392461457109858,0.117390875465166,0.372233853882745,0,136,38,TRUE,"successful convergence BFGS",78.171844046331,0.334010858891489,300,300,300,"truncada, escores fixos, bootstrap por país",TRUE,TRUE,NA,NA
