"canal","produto","modelo","n_obs","n_paises","segundos","elasticidade_inv","ep_inv","p_inv","elasticidade_pd","ep_pd","p_pd","retornos","ep_retornos_hessiana","p_retornos_constantes_wald_hessiana","gamma","eta_tempo","lr_ineficiencia","p_lr_ineficiencia","eficiencia_media","loglik","convergiu","inferencia_valida","reinicio","iteracoes","mensagem","assimetria_mqo","assimetria_ok","cor_insumos"
"publicacoes","publicacoes","cobb_douglas",184,41,0.331153154373169,0.0536086973966961,0.0278178413040904,0.0539629790268254,0.698758340105784,0.0394176463309119,0.000000000000000000000000000000000000000000000000000000000000000000000259315913539445,0.75236703750248,0.0247088398662263,0.000000000000000000000012196017658682,0.240115551422583,NA,0.0148401004269658,0.451520806564708,0.826544211809525,-123.919247802602,TRUE,TRUE,FALSE,15,"frontier, código 1",0.00871080402783195,FALSE,0.779565142510799
"publicacoes","publicacoes","exponencial",184,41,0.425158023834229,0.0421512509089688,0.0289008491762742,0.14470885192847,0.709649983666258,0.0411322068410361,0.00000000000000000000000000000000000000000000000000000000000000000106415166585722,0.751801234575227,0.0236791931750002,0.00000000000000000000000010481546074932,NA,NA,0.400571248940025,0.263397193770871,0.817220358212132,-123.726382228345,TRUE,TRUE,FALSE,99,"sfaR, successful convergence",0.00871080402783195,FALSE,0.779565142510799
"publicacoes","publicacoes","translog",184,41,0.111205101013184,0.0389765553685796,0.0214557900639663,0.069278618142105,0.709075753878181,0.0360352659969386,0.0000000000000000000000000000000000000000000000000000000000000000000000000000000000000337692912212578,0.748052309246761,0.0225737515478338,0.0000000000000000000000000000632111844145744,0.000180208635474238,NA,0.00000741643361834576,0.498913556650141,0.9954490320261,-104.24351111505,TRUE,TRUE,FALSE,58,"frontier, código 1",0.00871080402783195,FALSE,0.779565142510799
"publicacoes","publicacoes","painel_bc88",184,41,0.00892806053161621,0.0171367278108859,0.00950031336100113,0.0712616330115656,0.700215663088887,0.0231063234012822,0.00000000000000000000000000000000000000000000000000000000000000000000000000000000000000000000000000000000000000000000000000000000000000000000000000000000000000000000000000000000000000000000000000000000101317310666539,0.717352390899773,0.0184707839684842,0.00000000000000000000000000000000000000000000000000007367094975047,0.991684897790518,NA,354.26568069416,0.000000000000000000000000000000000000000000000000000000000000000000000000000000249581867758733,0.391372695705534,53.206172494265,TRUE,TRUE,FALSE,22,"frontier, código 1",0.00871080402783195,FALSE,0.779565142510799
"publicacoes","publicacoes","painel_bc92",184,41,0.0129179954528809,0.0140653992876923,0.00905137225398111,0.120195833125765,0.708393490182987,0.019095225751737,0.000000000000000000000000000000000000000000000000000000000000000000000000000000000000000000000000000000000000000000000000000000000000000000000000000000000000000000000000000000000000000000000000000000000000000000000000000000000000000000000000000000000000000000000000000000000000000000000000000000000000303300575808883,0.72245888947068,0.0143662362950252,0.0000000000000000000000000000000000000000000000000000000000000000000000000000000000371887506612673,0.990965720514735,0.0349738604835681,363.560190994446,0.0000000000000000000000000000000000000000000000000000000000000000000000000000000306663304315062,0.384844008678832,57.8534276444079,TRUE,TRUE,FALSE,23,"frontier, código 1",0.00871080402783195,FALSE,0.779565142510799
"patentes","patentes","cobb_douglas",184,41,0.00762701034545898,0.0383186585294634,0.0719705593892555,0.594434238559651,1.36009669693892,0.120822923955291,0.0000000000000000000000000000214057295991145,1.39841535546838,0.0772223054016294,0.000000247835166930419,0.181471048182183,NA,0.0151087313945482,0.45108618230953,0.625285295693633,-336.080771411843,TRUE,TRUE,FALSE,10,"frontier, código 1",-0.038116850620926,TRUE,0.779565142510799
"patentes","patentes","exponencial",184,41,0.0115480422973633,0.0385547661241589,0.0719321623136657,0.59196693703762,1.359291597725,0.120898293112028,0.0000000000000000000000000000249961916465092,1.39784636384916,0.0774902470830502,0.00000028342565121205,NA,NA,0.00145026427651374,0.484811017664322,0.851887849963374,-336.087600645402,TRUE,TRUE,FALSE,81,"sfaR, successful convergence",-0.038116850620926,TRUE,0.779565142510799
"patentes","patentes","translog",184,41,0.0400040149688721,-0.0466600435029353,0.0636286223791089,0.463364217343523,1.45896564197471,0.107182173255325,0.00000000000000000000000000000000000000000339733114141606,1.41230559847177,0.067602863809458,0.00000000106776227364959,0.0647128758091824,NA,0.000953025623857684,0.487686163673805,0.783153741816622,-304.820941135304,TRUE,TRUE,FALSE,15,"frontier, código 1",-0.038116850620926,TRUE,0.779565142510799
"patentes","patentes","painel_bc88",184,41,0.00740408897399902,0.0666721968146892,0.0460213145879635,0.147414591170752,1.37252892124106,0.0889194277649123,0.0000000000000000000000000000000000000000000000000000094250119968368,1.43920111805575,0.0673546071443144,0.0000000000699666497646133,0.971256440376108,NA,239.904233727844,0.00000000000000000000000000000000000000000000000000000206327382282141,0.179117270422727,-216.136208913618,TRUE,TRUE,FALSE,17,"frontier, código 1",-0.038116850620926,TRUE,0.779565142510799
"patentes","patentes","painel_bc92",184,41,0.0113539695739746,0.0512645363715292,0.0469600698434818,0.274981575558173,1.40047576210502,0.0853162382456801,0.00000000000000000000000000000000000000000000000000000000000149100948814495,1.45174029847655,0.0617573163952802,0.000000000000257830902896258,0.96791565109721,0.0296619631296842,241.969849936905,0.000000000000000000000000000000000000000000000000000007890459646164,0.162703538051726,-215.103400809088,TRUE,TRUE,FALSE,18,"frontier, código 1",-0.038116850620926,TRUE,0.779565142510799
