"canal","produto","modelo","n_obs","n_paises","segundos","elasticidade_inv","ep_inv","p_inv","elasticidade_pd","ep_pd","p_pd","retornos","p_retornos_constantes","gamma","eta_tempo","lr_ineficiencia","p_lr_ineficiencia","eficiencia_media","loglik","convergiu","inferencia_valida","iteracoes","mensagem","assimetria_mqo","assimetria_ok","cor_insumos"
"publicacoes","citacoes_ok","cobb_douglas",117,44,0.242186069488525,0.185851274746949,0.0322463323410625,0.00000000823942460666358,0.606917607147384,0.0497262333936218,0.000000000000000000000000000000000291664384247481,0.792768881894333,0.0000000000641002714343013,0.0000134672915251203,NA,0.00000544668455404462,0.499068944042288,0.998457752791507,-91.1481346522999,TRUE,TRUE,51,"frontier, código 1",0.395349703441611,FALSE,0.803749172526635
"publicacoes","citacoes_ok","exponencial",117,44,0.380295038223267,0.185848752708367,Inf,1,0.606919730979375,Inf,1,0.792768483687741,1,NA,NA,-0.0007003787333133,0.5,0.98538493818883,-91.1484875650088,TRUE,FALSE,195,"sfaR, successful convergence",0.395349703441611,FALSE,0.803749172526635
"publicacoes","citacoes_ok","translog",117,44,0.031702995300293,0.203585578340783,0.034779757952385,0.00000000481145709836274,0.582764399197346,0.054286349009794,0.0000000000000000000000000069712816545914,0.78634997753813,0.0000000000797209192620625,0.00001955325947714,NA,0.00000535640131715809,0.499076692778808,0.998182256150202,-88.590057179861,TRUE,TRUE,62,"frontier, código 1",0.395349703441611,FALSE,0.803749172526635
"publicacoes","citacoes_ok","painel_bc88",117,44,0.00465512275695801,0.0920640458407488,0.0201257337782149,0.0000047748587521179,0.663809812059073,0.0745779231475634,0.000000000000000000554011671674349,0.755873857899822,0.000654146081090513,0.981627123809326,NA,124.354489822793,0.0000000000000000000000000000352306089037429,0.417042712590434,-28.9708924642459,TRUE,TRUE,19,"frontier, código 1",0.395349703441611,FALSE,0.803749172526635
"publicacoes","citacoes_ok","painel_bc92",117,44,0.0525949001312256,0.0924795128266303,0.0200490635343818,0.00000397548362394463,0.668943778662511,0.0766572416409101,0.00000000000000000262846231124266,0.761423291489142,0.00120211094900163,0.98256122177788,-0.0193656427453046,124.666158082127,0.000000000000000000000000000242447755245676,0.411859341209443,-28.8150583345787,TRUE,TRUE,20,"frontier, código 1",0.395349703441611,FALSE,0.803749172526635
"patentes","patentes_concedidas_ok","cobb_douglas",117,44,0.00274920463562012,-0.0441229390583425,0.0262720485456082,0.0930618025743867,1.40442916186256,0.0823905565648189,0.0000000000000000000000000000000000000000000000000000000000000000374307987013,1.36030622280421,0.000142607742553019,0.99999999,NA,31.9509962256937,0.00000000790556323189042,0.260635537760488,-200.868215560913,TRUE,TRUE,20,"frontier, código 1",-0.578620764873746,TRUE,0.803749172526635
"patentes","patentes_concedidas_ok","exponencial",117,44,0.00588297843933105,-0.0122475674137641,0.073501386096165,0.867660850433162,1.31801334136565,0.0990375825140137,0.000000000000000000000000000000000000000207379945303581,1.30576577395189,0.0000000174585030864752,NA,NA,10.1785422923861,0.000710422331001176,0.32304031716622,-211.754442527567,TRUE,TRUE,55,"sfaR, successful convergence",-0.578620764873746,TRUE,0.803749172526635
"patentes","patentes_concedidas_ok","translog",117,44,0.0157699584960938,0.0476749193077948,0.0697525475655509,0.494299525814778,1.08218873141392,0.0503943471298749,0.00000000000000000000000000000000000000000000000000000000000000000000000000000000000000000000000000000270144515339754,1.12986365072171,0.00687308158761579,0.99999999,NA,19.288453744676,0.00000561919566620357,0.270658485939851,-195.798637390137,TRUE,TRUE,55,"frontier, código 1",-0.578620764873746,TRUE,0.803749172526635
"patentes","patentes_concedidas_ok","painel_bc88",117,44,0.00405597686767578,0.13898537909788,0.050508298812843,0.00592807369329853,1.14815561103277,0.0834780842096124,0.000000000000000000000000000000000000000000482054198030123,1.28714099013065,0.0000016111912166945,0.97710126901352,NA,159.27990693157,0.000000000000000000000000000000000000812740973555252,0.255972551841931,-137.203760207975,TRUE,TRUE,13,"frontier, código 1",-0.578620764873746,TRUE,0.803749172526635
"patentes","patentes_concedidas_ok","painel_bc92",117,44,0.0050961971282959,0.143137282661402,0.0499509419160547,0.00416276024291129,1.14827421335046,0.0864922431642545,0.000000000000000000000000000000000000000318826928099207,1.29141149601187,0.00000503612534829854,0.979133016225261,-0.0402952540836771,160.742462029695,0.00000000000000000000000000000000000350225279127142,0.247643234403842,-136.472482658913,TRUE,TRUE,14,"frontier, código 1",-0.578620764873746,TRUE,0.803749172526635
