"id","pais","ano","farrell_super"
"ROU-2019","Romania",2019,0.506659747315539
"CHN-2020","China",2020,0.664483783847242
"SVN-2018","Slovenia",2018,0.68783670460039
"CHN-2021","China",2021,0.773351264120495
"RUS-2017","Russia",2017,0.788623594288033
"KOR-2018","South Korea",2018,0.803476285139128
"ITA-2018","Italy",2018,0.806476293886175
"HRV-2021","Croatia",2021,0.810551558752998
"KOR-2019","South Korea",2019,0.830276641701542
"ARG-2019","Argentina",2019,0.843305598894045
"BGR-2019","Bulgaria",2019,0.846753105230411
"ROU-2021","Romania",2021,0.890420610609784
"COL-2021","Colombia",2021,0.903913469616229
"RUS-2021","Russia",2021,0.911456424960884
"ITA-2021","Italy",2021,0.921223240545465
"JPN-2017","Japan",2017,0.960657770761649
"SGP-2021","Singapore",2021,0.967329849417511
"RUS-2020","Russia",2020,0.974163308413799
"TUR-2021","Turkey",2021,0.985011370288224
"ROU-2020","Romania",2020,1.01931043645941
"ITA-2020","Italy",2020,1.01977804251732
"RUS-2018","Russia",2018,1.04375823525988
"POL-2017","Poland",2017,1.07563693960649
"PRT-2021","Portugal",2021,1.10469041289649
"SRB-2019","Serbia",2019,1.11430718175868
"SGP-2020","Singapore",2020,1.13539733206021
"ITA-2017","Italy",2017,1.14921444138395
"KOR-2020","South Korea",2020,1.15173674764239
"POL-2018","Poland",2018,1.15237433217251
"CHN-2019","China",2019,1.16097959306591
"ESP-2021","Spain",2021,1.1777774158965
"BGR-2020","Bulgaria",2020,1.19020314728147
"RUS-2019","Russia",2019,1.2150897227242
"GRC-2021","Greece",2021,1.22721452130744
"POL-2019","Poland",2019,1.24307479377969
"GRC-2019","Greece",2019,1.25332952002079
"JPN-2021","Japan",2021,1.26269141803395
"ESP-2019","Spain",2019,1.27894168442188
"ITA-2019","Italy",2019,1.28459780348094
"ROU-2017","Romania",2017,1.29080654735438
"KOR-2021","South Korea",2021,1.29159349830629
"CHN-2018","China",2018,1.29506936619794
"GRC-2020","Greece",2020,1.29759488609697
"ESP-2020","Spain",2020,1.30189452970013
"JPN-2019","Japan",2019,1.33522504153902
"SGP-2019","Singapore",2019,1.3379715058107
"TUR-2020","Turkey",2020,1.33940125499571
"AUS-2021","Australia",2021,1.34199961091104
"POL-2021","Poland",2021,1.3488122030323
"MEX-2019","Mexico",2019,1.3640798121267
"KOR-2017","South Korea",2017,1.41866054129442
"PRT-2019","Portugal",2019,1.43047644200234
"PRT-2020","Portugal",2020,1.44581425428249
"JPN-2020","Japan",2020,1.44722114388079
"JPN-2018","Japan",2018,1.47979164631704
"CAN-2021","Canada",2021,1.48476875644326
"AUS-2020","Australia",2020,1.49549076527233
"GBR-2018","United Kingdom",2018,1.50926053125478
"POL-2020","Poland",2020,1.52068187676636
"NLD-2021","Netherlands",2021,1.52276803292559
"AUS-2019","Australia",2019,1.52335293791967
"ESP-2018","Spain",2018,1.52388890588484
"GBR-2021","United Kingdom",2021,1.52715233703541
"AUS-2018","Australia",2018,1.53662189820062
"USA-2021","United States",2021,1.54780880750411
"DEU-2020","Germany",2020,1.56854375279645
"ESP-2017","Spain",2017,1.57224586601405
"SGP-2018","Singapore",2018,1.57684806846436
"CHN-2017","China",2017,1.60059624818452
"PRT-2017","Portugal",2017,1.61423206647514
"ISR-2021","Israel",2021,1.66195091261874
"COL-2017","Colombia",2017,1.66379299019398
"PRT-2018","Portugal",2018,1.67807146481974
"USA-2020","United States",2020,1.68509816693031
"NLD-2020","Netherlands",2020,1.68740387402413
"CAN-2020","Canada",2020,1.71198279406095
"GRC-2018","Greece",2018,1.74881245525648
"AUS-2017","Australia",2017,1.76555815653479
"SGP-2017","Singapore",2017,1.81751423750315
"GBR-2020","United Kingdom",2020,1.82337359064766
"DEU-2018","Germany",2018,1.87141838310901
"MEX-2021","Mexico",2021,1.90621602825576
"GBR-2017","United Kingdom",2017,1.9102568975221
"CZE-2021","Czechia",2021,1.92917499393602
"IRL-2021","Ireland",2021,1.95666937457758
"ISR-2020","Israel",2020,1.96482450153775
"HUN-2021","Hungary",2021,1.97022694159305
"USA-2019","United States",2019,1.99391687310762
"CZE-2019","Czechia",2019,2.01304102321536
"AUT-2021","Austria",2021,2.0562258477234
"CZE-2017","Czechia",2017,2.06393201894758
"FRA-2019","France",2019,2.13248839734528
"FIN-2021","Finland",2021,2.1395021443847
"GRC-2017","Greece",2017,2.1545523905221
"NZL-2018","New Zealand",2018,2.16948795614387
"GBR-2019","United Kingdom",2019,2.19321925532421
"CZE-2020","Czechia",2020,2.20100762142794
"FRA-2017","France",2017,2.20517907214111
"HUN-2020","Hungary",2020,2.20781831543872
"CAN-2019","Canada",2019,2.22731693890305
"NLD-2019","Netherlands",2019,2.22909194004711
"TUR-2018","Turkey",2018,2.23851260930798
"FRA-2021","France",2021,2.24287144654435
"CAN-2018","Canada",2018,2.26264634930312
"CHE-2021","Switzerland",2021,2.27244562595584
"TUR-2019","Turkey",2019,2.27563092263129
"FRA-2020","France",2020,2.28388279135983
"LUX-2020","Luxembourg",2020,2.28710216311219
"MEX-2018","Mexico",2018,2.29681449828967
"DNK-2021","Denmark",2021,2.29930809388288
"MEX-2020","Mexico",2020,2.32689526915132
"FRA-2018","France",2018,2.33362225775981
"CZE-2018","Czechia",2018,2.33435959369373
"BEL-2021","Belgium",2021,2.33771701009476
"SWE-2020","Sweden",2020,2.35729955397734
"TUR-2017","Turkey",2017,2.35945642650818
"HRV-2020","Croatia",2020,2.38903995494413
"ISR-2019","Israel",2019,2.39757290205588
"NLD-2018","Netherlands",2018,2.43351109213617
"DEU-2021","Germany",2021,2.4445854351417
"USA-2018","United States",2018,2.45339700602859
"DEU-2017","Germany",2017,2.45493970306408
"HUN-2019","Hungary",2019,2.46930693159792
"AUT-2020","Austria",2020,2.49617285121006
"BEL-2020","Belgium",2020,2.51442398251748
"ZAF-2021","South Africa",2021,2.52654441229798
"AUT-2019","Austria",2019,2.53728956572933
"CHE-2020","Switzerland",2020,2.54874235205366
"NZL-2021","New Zealand",2021,2.55130650528138
"SWE-2021","Sweden",2021,2.55456252935795
"NZL-2020","New Zealand",2020,2.60185748035309
"CHL-2021","Chile",2021,2.60346547181668
"FIN-2020","Finland",2020,2.65098537105925
"NOR-2021","Norway",2021,2.67850831382559
"BEL-2019","Belgium",2019,2.70470961191059
"ISR-2018","Israel",2018,2.74508225560939
"AUT-2017","Austria",2017,2.75513028474954
"DNK-2020","Denmark",2020,2.78028841705838
"NZL-2019","New Zealand",2019,2.79102339006213
"HUN-2018","Hungary",2018,2.81729097868937
"AUT-2018","Austria",2018,2.82967732169112
"ARG-2020","Argentina",2020,2.84334101971285
"FIN-2019","Finland",2019,2.85926103217003
"SWE-2019","Sweden",2019,2.9203059304695
"MEX-2017","Mexico",2017,3.00603383692704
"BEL-2018","Belgium",2018,3.03794341388517
"NLD-2017","Netherlands",2017,3.04963047084685
"ZAF-2020","South Africa",2020,3.0538699323999
"CHE-2019","Switzerland",2019,3.0561694427013
"USA-2017","United States",2017,3.06464441341964
"CHE-2018","Switzerland",2018,3.07585833752032
"IRL-2018","Ireland",2018,3.10586785995439
"ISR-2017","Israel",2017,3.13893457239029
"CAN-2017","Canada",2017,3.18587842043731
"LUX-2021","Luxembourg",2021,3.20903780799919
"DEU-2019","Germany",2019,3.23199085394631
"BEL-2017","Belgium",2017,3.27349072409503
"FIN-2018","Finland",2018,3.27969154497356
"NZL-2017","New Zealand",2017,3.48643957937983
"DNK-2018","Denmark",2018,3.50035800203721
"LUX-2018","Luxembourg",2018,3.64095960725183
"CHE-2017","Switzerland",2017,3.67548143466564
"NOR-2020","Norway",2020,3.73900912031331
"SWE-2017","Sweden",2017,3.75170076535801
"HUN-2017","Hungary",2017,3.79623432280829
"SWE-2018","Sweden",2018,3.84127055954214
"DNK-2019","Denmark",2019,4.01946677104611
"NOR-2019","Norway",2019,4.15596093096423
"DNK-2017","Denmark",2017,4.19148342901873
"ZAF-2019","South Africa",2019,4.19704325667396
"CHL-2019","Chile",2019,4.24783753235371
"NOR-2018","Norway",2018,4.31731282091966
"FIN-2017","Finland",2017,4.49404412864776
"ARG-2021","Argentina",2021,4.6107144601671
"CHL-2018","Chile",2018,4.71914429120045
"CHL-2017","Chile",2017,4.77623700461614
"NOR-2017","Norway",2017,4.79152581301829
"ARG-2017","Argentina",2017,5.03675902304975
"ZAF-2018","South Africa",2018,5.3594571407907
"LUX-2019","Luxembourg",2019,5.71898713417537
"ZAF-2017","South Africa",2017,6.3929514285934
"ARG-2018","Argentina",2018,6.66679373388839
"BGR-2018","Bulgaria",2018,NA
"BGR-2021","Bulgaria",2021,NA
