"id","pais","ano","farrell_super","inv_mi","inv_piso","supereficiente"
"PHL-2020","Philippines",2020,0.199170328444341,1.05989395313846,TRUE,TRUE
"ROU-2019","Romania",2019,0.517118742726935,1.07910145814431,TRUE,TRUE
"CHN-2020","China",2020,0.667633591855384,7777.50182813004,FALSE,TRUE
"MYS-2018","Malaysia",2018,0.769667116773469,3.31637823035354,FALSE,TRUE
"CHN-2021","China",2021,0.773351264120495,15792.6250309911,FALSE,TRUE
"IND-2018","India",2018,0.783562627612252,250.939286096751,FALSE,TRUE
"KOR-2018","South Korea",2018,0.803476285139128,190.13901854027,FALSE,TRUE
"ITA-2018","Italy",2018,0.806476293886175,15.4764317416499,FALSE,TRUE
"HRV-2021","Croatia",2021,0.810551558753654,1.04697858863637,TRUE,TRUE
"KOR-2019","South Korea",2019,0.86109196254843,377.685510350507,FALSE,TRUE
"RUS-2017","Russia",2017,0.875787641529432,9.03205529279333,FALSE,TRUE
"RUS-2021","Russia",2021,0.935622317309113,30.3623790704548,FALSE,TRUE
"ROU-2021","Romania",2021,0.957098680771342,6.28187153181824,FALSE,TRUE
"TUR-2021","Turkey",2021,0.965295252923884,13.6107216522729,FALSE,TRUE
"RUS-2020","Russia",2020,0.99691981068755,29.677030687877,FALSE,TRUE
"ROU-2020","Romania",2020,1.01862583921326,5.29946976569232,FALSE,FALSE
"MYS-2021","Malaysia",2021,1.03585395736873,51.3019508431823,FALSE,FALSE
"RUS-2018","Russia",2018,1.069405212317,15.4764317416499,FALSE,FALSE
"SAU-2021","Saudi Arabia",2021,1.10179493637837,31118.2976114503,FALSE,FALSE
"IND-2017","India",2017,1.15846479023278,263.058610402606,FALSE,FALSE
"ROU-2017","Romania",2017,1.16090154224838,1.12900691159917,TRUE,FALSE
"KOR-2020","South Korea",2020,1.19787747332459,862.753677854709,FALSE,FALSE
"ITA-2017","Italy",2017,1.20185132627368,22.5801382319833,FALSE,FALSE
"MEX-2019","Mexico",2019,1.22849837692965,8.63281166515445,FALSE,FALSE
"CHN-2019","China",2019,1.22974817044485,12022.2693451857,FALSE,FALSE
"MYS-2019","Malaysia",2019,1.27335011032271,30.2148408280406,FALSE,FALSE
"MYS-2017","Malaysia",2017,1.29461618057632,5.64503455799583,FALSE,FALSE
"RUS-2019","Russia",2019,1.31882801053755,51.7968699909267,FALSE,FALSE
"KOR-2021","South Korea",2021,1.34732606499963,1327.56885039092,FALSE,FALSE
"TUR-2020","Turkey",2020,1.3494679686227,18.0181972033539,FALSE,FALSE
"GRC-2020","Greece",2020,1.37980718926361,12.7187274376616,FALSE,FALSE
"CHN-2018","China",2018,1.39843190456213,7805.64889484212,FALSE,FALSE
"JPN-2017","Japan",2017,1.40221268413385,329.670018186957,FALSE,FALSE
"GRC-2019","Greece",2019,1.40230714164992,2.15820291628861,TRUE,FALSE
"PHL-2021","Philippines",2021,1.48398759311127,10.4697858863637,FALSE,FALSE
"KOR-2017","South Korea",2017,1.53056799768846,190.802168060259,FALSE,FALSE
"POL-2017","Poland",2017,1.54285312515666,21.4511313203842,FALSE,FALSE
"USA-2021","United States",2021,1.54780880750411,85108.8894702508,FALSE,FALSE
"BGR-2020","Bulgaria",2020,1.5621832527452,3.17968185941539,FALSE,FALSE
"MYS-2020","Malaysia",2020,1.61429158140974,81.6118343916617,FALSE,FALSE
"COL-2021","Colombia",2021,1.65917284047439,9.42280729772736,FALSE,FALSE
"USA-2020","United States",2020,1.68509816693031,109260.228053232,FALSE,FALSE
"GRC-2021","Greece",2021,1.6877027576915,237.664139620457,FALSE,FALSE
"CHN-2017","China",2017,1.73749505403268,5905.83515457524,FALSE,FALSE
"POL-2019","Poland",2019,1.784125628975,28.056637911752,FALSE,FALSE
"MEX-2018","Mexico",2018,1.86366239586981,25.4255664327105,FALSE,FALSE
"COL-2017","Colombia",2017,1.8722154295081,2.25801382319833,TRUE,FALSE
"JPN-2021","Japan",2021,1.89179837678933,1155.86436185456,FALSE,FALSE
"MEX-2021","Mexico",2021,1.90776307128961,61.771736729546,FALSE,FALSE
"HRV-2020","Croatia",2020,1.91259233913068,2.11978790627693,TRUE,FALSE
"JPN-2019","Japan",2019,1.92041585172295,1078.02235668616,FALSE,FALSE
"GBR-2021","United Kingdom",2021,1.92448119904329,5128.10112714096,FALSE,FALSE
"PRT-2021","Portugal",2021,1.97533845568475,69.1005868500006,FALSE,FALSE
"ITA-2021","Italy",2021,1.98980092930507,318.281490945457,FALSE,FALSE
"USA-2019","United States",2019,1.99391687310762,61973.8758426857,FALSE,FALSE
"SGP-2021","Singapore",2021,2.00492960814693,1289.87762120001,FALSE,FALSE
"ITA-2020","Italy",2020,2.01695400596566,211.978790627693,FALSE,FALSE
"CAN-2021","Canada",2021,2.02424334726938,2163.05776412275,FALSE,FALSE
"SVN-2018","Slovenia",2018,2.04001019258936,1.10545941011785,TRUE,FALSE
"PRT-2017","Portugal",2017,2.07467107413995,23.7091451435825,FALSE,FALSE
"JPN-2020","Japan",2020,2.09125702184974,1330.16691118877,FALSE,FALSE
"LUX-2020","Luxembourg",2020,2.09208692437862,2.11978790627693,TRUE,FALSE
"JPN-2018","Japan",2018,2.15830305602092,1046.8700613816,FALSE,FALSE
"DEU-2020","Germany",2020,2.16243355318619,1597.26018737966,FALSE,FALSE
"NZL-2018","New Zealand",2018,2.16733403498439,2.21091882023569,TRUE,FALSE
"SGP-2020","Singapore",2020,2.17184727078304,2182.3216495121,FALSE,FALSE
"PRT-2019","Portugal",2019,2.18174397835323,167.260726012367,FALSE,FALSE
"SGP-2019","Singapore",2019,2.22575293022585,1221.54285061935,FALSE,FALSE
"MEX-2020","Mexico",2020,2.22952044419462,148.385153439385,FALSE,FALSE
"AUS-2021","Australia",2021,2.23465775218946,564.321459275005,FALSE,FALSE
"GBR-2020","United Kingdom",2020,2.24723116359331,5431.95650983462,FALSE,FALSE
"GRC-2017","Greece",2017,2.31334992872173,14.6770898507892,FALSE,FALSE
"POL-2018","Poland",2018,2.3138441107216,65.222105196953,FALSE,FALSE
"PRT-2020","Portugal",2020,2.32986513051011,130.366956236031,FALSE,FALSE
"LUX-2021","Luxembourg",2021,2.3534400719161,14.6577002409092,FALSE,FALSE
"SAU-2019","Saudi Arabia",2019,2.36620207860699,853.569253392146,FALSE,FALSE
"CAN-2020","Canada",2020,2.38668329780193,1969.28296493126,FALSE,FALSE
"MEX-2017","Mexico",2017,2.40002175880587,19.1931174971858,FALSE,FALSE
"CZE-2019","Czechia",2019,2.4100825094866,7.55371020701014,FALSE,FALSE
"AUS-2018","Australia",2018,2.41426570039856,182.400802669445,FALSE,FALSE
"CZE-2017","Czechia",2017,2.42247480373039,4.51602764639666,FALSE,FALSE
"SGP-2018","Singapore",2018,2.43262832756875,729.603210677779,FALSE,FALSE
"USA-2018","United States",2018,2.45339700602858,29552.2464106804,FALSE,FALSE
"ESP-2019","Spain",2019,2.46095943121245,176.972639135666,FALSE,FALSE
"AUS-2017","Australia",2017,2.46268241555638,118.545725717912,FALSE,FALSE
"PRT-2018","Portugal",2018,2.46482945759137,213.353666152745,FALSE,FALSE
"BRA-2017","Brazil",2017,2.52952409070586,48.5472971987641,FALSE,FALSE
"SAU-2018","Saudi Arabia",2018,2.53991308304533,24.3201070225926,FALSE,FALSE
"GRC-2018","Greece",2018,2.54145035419262,64.1166457868351,FALSE,FALSE
"DEU-2021","Germany",2021,2.54555499255165,4563.77966786595,FALSE,FALSE
"PHL-2019","Philippines",2019,2.56663022869818,7.55371020701014,FALSE,FALSE
"ARG-2019","Argentina",2019,2.60771200063629,1.07910145814431,TRUE,FALSE
"GBR-2018","United Kingdom",2018,2.64702065335347,1664.82187163748,FALSE,FALSE
"GBR-2019","United Kingdom",2019,2.65557659392034,16659.1683108318,FALSE,FALSE
"ITA-2019","Italy",2019,2.69580476087689,247.114233915046,FALSE,FALSE
"AUS-2020","Australia",2020,2.70154436084753,528.887082616093,FALSE,FALSE
"DEU-2018","Germany",2018,2.7378204722361,1267.96194340517,FALSE,FALSE
"CHL-2021","Chile",2021,2.75991643310368,101.556923097728,FALSE,FALSE
"ESP-2021","Spain",2021,2.76053930601026,402.039778036367,FALSE,FALSE
"HUN-2021","Hungary",2021,2.78112106938679,14.6577002409092,FALSE,FALSE
"AUS-2019","Australia",2019,2.83457531800218,338.837857857312,FALSE,FALSE
"FRA-2021","France",2021,2.90675800241034,3333.57982621821,FALSE,FALSE
"ZAF-2021","South Africa",2021,2.91918057427151,157.046788295456,FALSE,FALSE
"HUN-2020","Hungary",2020,2.91986343535319,12.7187274376616,FALSE,FALSE
"CAN-2019","Canada",2019,2.95517116361236,4074.6871059529,FALSE,FALSE
"FRA-2019","France",2019,3.05941897553469,1361.82604017811,FALSE,FALSE
"USA-2017","United States",2017,3.06464441341964,24006.0739613331,FALSE,FALSE
"ESP-2020","Spain",2020,3.08695772742726,355.064474301385,FALSE,FALSE
"FRA-2020","France",2020,3.12161104536012,2525.72729032896,FALSE,FALSE
"LUX-2018","Luxembourg",2018,3.13532301572282,2.21091882023569,TRUE,FALSE
"ESP-2017","Spain",2017,3.16627486747744,188.544154237061,FALSE,FALSE
"HUN-2018","Hungary",2018,3.21178061680513,4.42183764047139,FALSE,FALSE
"POL-2021","Poland",2021,3.23470247655598,149.717938175001,FALSE,FALSE
"GBR-2017","United Kingdom",2017,3.27668993058031,3757.33500180202,FALSE,FALSE
"ARG-2020","Argentina",2020,3.28401628614201,2.11978790627693,TRUE,FALSE
"FRA-2018","France",2018,3.36796695475585,1276.80561868611,FALSE,FALSE
"SGP-2017","Singapore",2017,3.36960325779797,196.447202618255,FALSE,FALSE
"BRA-2018","Brazil",2018,3.36991028794513,164.713452107559,FALSE,FALSE
"AUT-2017","Austria",2017,3.38599161227242,10.1610622043925,FALSE,FALSE
"DEU-2017","Germany",2017,3.40921452225139,1552.38450344885,FALSE,FALSE
"AUT-2018","Austria",2018,3.44031233806255,17.6873505618856,FALSE,FALSE
"ESP-2018","Spain",2018,3.44884669791004,261.99388019793,FALSE,FALSE
"FRA-2017","France",2017,3.47755388990873,944.978785008502,FALSE,FALSE
"DEU-2019","Germany",2019,3.50273980773622,4233.31502030011,FALSE,FALSE
"CZE-2020","Czechia",2020,3.51036807365725,37.0962883598462,FALSE,FALSE
"POL-2020","Poland",2020,3.66053396070658,118.708122751508,FALSE,FALSE
"CZE-2021","Czechia",2021,3.66986114531702,59.6777795522733,FALSE,FALSE
"CAN-2018","Canada",2018,3.67228806622085,843.465529919918,FALSE,FALSE
"ZAF-2020","South Africa",2020,3.70976307048967,175.942396220985,FALSE,FALSE
"NLD-2021","Netherlands",2021,3.81655340861274,694.146804265915,FALSE,FALSE
"BRA-2021","Brazil",2021,3.8907479866898,698.334718620461,FALSE,FALSE
"AUT-2019","Austria",2019,3.9430741294058,45.3222612420609,FALSE,FALSE
"BRA-2020","Brazil",2020,3.96780573345158,458.934081708955,FALSE,FALSE
"BGR-2019","Bulgaria",2019,4.02886431093774,14.028318955876,FALSE,FALSE
"CHL-2017","Chile",2017,4.1215093357857,1.12900691159917,TRUE,FALSE
"NZL-2021","New Zealand",2021,4.2149900846062,157.046788295456,FALSE,FALSE
"BRA-2019","Brazil",2019,4.30649537761596,311.860321403705,FALSE,FALSE
"NZL-2020","New Zealand",2020,4.31247982319791,241.65582131557,FALSE,FALSE
"IRL-2021","Ireland",2021,4.32780119663886,196.831974663638,FALSE,FALSE
"CAN-2017","Canada",2017,4.36884043329468,3072.02780646133,FALSE,FALSE
"TUR-2017","Turkey",2017,4.38278038287943,119.674732629512,FALSE,FALSE
"CZE-2018","Czechia",2018,4.40331561764091,54.1675110957745,FALSE,FALSE
"HUN-2019","Hungary",2019,4.46700318676748,44.2431597839166,FALSE,FALSE
"NZL-2019","New Zealand",2019,4.46963678667027,108.989247272575,FALSE,FALSE
"NLD-2020","Netherlands",2020,4.47492522385062,502.389733787631,FALSE,FALSE
"CHL-2018","Chile",2018,4.50213306095846,8.84367528094278,FALSE,FALSE
"CHL-2019","Chile",2019,4.58948800862823,88.4863195678331,FALSE,FALSE
"FIN-2021","Finland",2021,4.64776495988506,1390.3875657091,FALSE,FALSE
"AUT-2021","Austria",2021,4.74508996481616,116.214623338637,FALSE,FALSE
"TUR-2019","Turkey",2019,4.75192266942018,551.420845111741,FALSE,FALSE
"NZL-2017","New Zealand",2017,4.76347146170442,172.738057474672,FALSE,FALSE
"TUR-2018","Turkey",2018,4.76781993805874,198.982693821213,FALSE,FALSE
"NOR-2017","Norway",2017,4.92563614889258,18.0641105855867,FALSE,FALSE
"ARG-2021","Argentina",2021,4.9386164069915,3.14093576590912,FALSE,FALSE
"CHE-2021","Switzerland",2021,4.93925822735511,1755.7830931432,FALSE,FALSE
"LUX-2019","Luxembourg",2019,4.99600125428402,8.63281166515445,FALSE,FALSE
"ARG-2017","Argentina",2017,5.07520062702847,1.12900691159917,TRUE,FALSE
"DNK-2017","Denmark",2017,5.20017952464659,33.870207347975,FALSE,FALSE
"NLD-2019","Netherlands",2019,5.21526951858188,1845.26349342676,FALSE,FALSE
"HUN-2017","Hungary",2017,5.3244276234379,15.8060967623883,FALSE,FALSE
"DNK-2021","Denmark",2021,5.37733127467805,359.113655902276,FALSE,FALSE
"NOR-2021","Norway",2021,5.4288669902112,439.731007227277,FALSE,FALSE
"FIN-2020","Finland",2020,5.54621679421437,1354.54447211096,FALSE,FALSE
"PHL-2017","Philippines",2017,5.90183594881095,1.12900691159917,TRUE,FALSE
"ZAF-2019","South Africa",2019,5.92243529419688,75.5371020701014,FALSE,FALSE
"CHE-2020","Switzerland",2020,6.03686850519263,853.214632276463,FALSE,FALSE
"FIN-2018","Finland",2018,6.04696402972167,80.6985369386029,FALSE,FALSE
"FIN-2019","Finland",2019,6.05694184766269,483.437453248649,FALSE,FALSE
"DNK-2020","Denmark",2020,6.13187823803796,114.468546938954,FALSE,FALSE
"NOR-2018","Norway",2018,6.17898332016877,57.4838893261281,FALSE,FALSE
"SWE-2017","Sweden",2017,6.2061487235942,73.3854492539458,FALSE,FALSE
"SWE-2020","Sweden",2020,6.21017670920564,191.840805518062,FALSE,FALSE
"BEL-2017","Belgium",2017,6.21614815799611,76.7724699887433,FALSE,FALSE
"BEL-2019","Belgium",2019,6.27404524774412,115.463856021441,FALSE,FALSE
"NLD-2018","Netherlands",2018,6.28550699871345,684.279374862948,FALSE,FALSE
"ARG-2018","Argentina",2018,6.42444447331948,5.52729705058924,FALSE,FALSE
"SWE-2019","Sweden",2019,6.50098690961285,140.28318955876,FALSE,FALSE
"DNK-2018","Denmark",2018,6.65858657852192,91.7531310397813,FALSE,FALSE
"AUT-2020","Austria",2020,6.81172107506032,154.744517158216,FALSE,FALSE
"IRL-2018","Ireland",2018,6.873710309896,153.658858006381,FALSE,FALSE
"SWE-2021","Sweden",2021,6.87377210200661,3769.12291909094,FALSE,FALSE
"NOR-2020","Norway",2020,7.01377064571854,607.319235148339,FALSE,FALSE
"CHE-2019","Switzerland",2019,7.10167678018119,979.82412399503,FALSE,FALSE
"ZAF-2018","South Africa",2018,7.70266128310599,88.4367528094278,FALSE,FALSE
"NLD-2017","Netherlands",2017,7.80129028848131,750.789596213445,FALSE,FALSE
"BEL-2021","Belgium",2021,7.98664753170109,420.885392631822,FALSE,FALSE
"CHE-2018","Switzerland",2018,7.99352634117228,342.692417136533,FALSE,FALSE
"NOR-2019","Norway",2019,8.18427690810932,322.651335985148,FALSE,FALSE
"DNK-2019","Denmark",2019,8.36170821805628,1813.96955114058,FALSE,FALSE
"BEL-2020","Belgium",2020,8.73003376120074,364.603519879631,FALSE,FALSE
"BEL-2018","Belgium",2018,9.22814791851001,323.899607164529,FALSE,FALSE
"FIN-2017","Finland",2017,9.26909293531913,580.309552561971,FALSE,FALSE
"ZAF-2017","South Africa",2017,9.35037621320184,59.8373663147558,FALSE,FALSE
"CHE-2017","Switzerland",2017,9.69806705933511,372.572280827725,FALSE,FALSE
"ISR-2021","Israel",2021,9.853059283451,2887.56694745912,FALSE,FALSE
"ISR-2020","Israel",2020,11.2731488589724,14108.2484102261,FALSE,FALSE
"SWE-2018","Sweden",2018,11.8903097681785,439.972845226903,FALSE,FALSE
"ISR-2019","Israel",2019,13.3933983161464,1457.86606995296,FALSE,FALSE
"ISR-2018","Israel",2018,15.2457399536882,653.326511379648,FALSE,FALSE
"ISR-2017","Israel",2017,15.5850584091184,897.560494721337,FALSE,FALSE
"BGR-2018","Bulgaria",2018,NA,3.31637823035354,FALSE,FALSE
"BGR-2021","Bulgaria",2021,NA,1.04697858863637,TRUE,FALSE
"SRB-2019","Serbia",2019,NA,1.07910145814431,TRUE,FALSE
"UKR-2021","Ukraine",2021,NA,10.4697858863637,FALSE,FALSE
