"iso3c","pais","ano","herd_pct_pib","goverd_pct_pib","gerd_msti_pct_pib","pd_publico_pct_pib","baixado_em","fonte"
"BGR","Bulgaria",1995,0.04,0.18,NA,0.22,"2026-09-27","Eurostat"
"BGR","Bulgaria",1996,0.03,0.14,NA,0.17,"2026-09-27","Eurostat"
"BGR","Bulgaria",1997,0.03,0.32,NA,0.35,"2026-09-27","Eurostat"
"BGR","Bulgaria",1998,0.02,0.36,NA,0.38,"2026-09-27","Eurostat"
"BGR","Bulgaria",1999,0.03,0.39,NA,0.42,"2026-09-27","Eurostat"
"BGR","Bulgaria",2000,0.05,0.34,NA,0.39,"2026-09-27","Eurostat"
"BGR","Bulgaria",2001,0.05,0.3,NA,0.35,"2026-09-27","Eurostat"
"BGR","Bulgaria",2002,0.05,0.33,NA,0.38,"2026-09-27","Eurostat"
"BGR","Bulgaria",2003,0.05,0.33,NA,0.38,"2026-09-27","Eurostat"
"BGR","Bulgaria",2004,0.04,0.32,NA,0.36,"2026-09-27","Eurostat"
"BGR","Bulgaria",2005,0.05,0.3,NA,0.35,"2026-09-27","Eurostat"
"BGR","Bulgaria",2006,0.04,0.28,NA,0.32,"2026-09-27","Eurostat"
"BGR","Bulgaria",2007,0.04,0.25,NA,0.29,"2026-09-27","Eurostat"
"BGR","Bulgaria",2008,0.04,0.26,NA,0.3,"2026-09-27","Eurostat"
"BGR","Bulgaria",2009,0.07,0.27,NA,0.34,"2026-09-27","Eurostat"
"BGR","Bulgaria",2010,0.07,0.21,NA,0.28,"2026-09-27","Eurostat"
"BGR","Bulgaria",2011,0.05,0.19,NA,0.24,"2026-09-27","Eurostat"
"BGR","Bulgaria",2012,0.05,0.18,NA,0.23,"2026-09-27","Eurostat"
"BGR","Bulgaria",2013,0.05,0.19,NA,0.24,"2026-09-27","Eurostat"
"BGR","Bulgaria",2014,0.07,0.2,NA,0.27,"2026-09-27","Eurostat"
"BGR","Bulgaria",2015,0.05,0.2,NA,0.25,"2026-09-27","Eurostat"
"BGR","Bulgaria",2016,0.04,0.16,NA,0.2,"2026-09-27","Eurostat"
"BGR","Bulgaria",2017,0.04,0.17,NA,0.21,"2026-09-27","Eurostat"
"BGR","Bulgaria",2018,0.04,0.17,NA,0.21,"2026-09-27","Eurostat"
"BGR","Bulgaria",2019,0.06,0.21,NA,0.27,"2026-09-27","Eurostat"
"BGR","Bulgaria",2020,0.05,0.22,NA,0.27,"2026-09-27","Eurostat"
"BGR","Bulgaria",2021,0.05,0.21,NA,0.26,"2026-09-27","Eurostat"
"BGR","Bulgaria",2022,0.05,0.19,NA,0.24,"2026-09-27","Eurostat"
"BGR","Bulgaria",2023,0.05,0.23,NA,0.28,"2026-09-27","Eurostat"
"BGR","Bulgaria",2024,0.06,0.21,NA,0.27,"2026-09-27","Eurostat"
"HRV","Croatia",2002,0.33,0.21,NA,0.54,"2026-09-27","Eurostat"
"HRV","Croatia",2003,0.37,0.21,NA,0.58,"2026-09-27","Eurostat"
"HRV","Croatia",2004,0.38,0.21,NA,0.59,"2026-09-27","Eurostat"
"HRV","Croatia",2005,0.29,0.2,NA,0.49,"2026-09-27","Eurostat"
"HRV","Croatia",2006,0.27,0.19,NA,0.46,"2026-09-27","Eurostat"
"HRV","Croatia",2007,0.26,0.2,NA,0.46,"2026-09-27","Eurostat"
"HRV","Croatia",2008,0.27,0.22,NA,0.49,"2026-09-27","Eurostat"
"HRV","Croatia",2009,0.27,0.23,NA,0.5,"2026-09-27","Eurostat"
"HRV","Croatia",2010,0.21,0.2,NA,0.41,"2026-09-27","Eurostat"
"HRV","Croatia",2011,0.2,0.2,NA,0.4,"2026-09-27","Eurostat"
"HRV","Croatia",2012,0.2,0.2,NA,0.4,"2026-09-27","Eurostat"
"HRV","Croatia",2013,0.19,0.2,NA,0.39,"2026-09-27","Eurostat"
"HRV","Croatia",2014,0.2,0.2,NA,0.4,"2026-09-27","Eurostat"
"HRV","Croatia",2015,0.2,0.2,NA,0.4,"2026-09-27","Eurostat"
"HRV","Croatia",2016,0.28,0.18,NA,0.46,"2026-09-27","Eurostat"
"HRV","Croatia",2017,0.25,0.19,NA,0.44,"2026-09-27","Eurostat"
"HRV","Croatia",2018,0.3,0.19,NA,0.49,"2026-09-27","Eurostat"
"HRV","Croatia",2019,0.35,0.2,NA,0.55,"2026-09-27","Eurostat"
"HRV","Croatia",2020,0.4,0.25,NA,0.65,"2026-09-27","Eurostat"
"HRV","Croatia",2021,0.4,0.26,NA,0.66,"2026-09-27","Eurostat"
"HRV","Croatia",2022,0.4,0.25,NA,0.65,"2026-09-27","Eurostat"
"HRV","Croatia",2023,0.38,0.23,NA,0.61,"2026-09-27","Eurostat"
"HRV","Croatia",2024,0.37,0.24,NA,0.61,"2026-09-27","Eurostat"
"SRB","Serbia",2009,0.43,0.24,NA,0.67,"2026-09-27","Eurostat"
"SRB","Serbia",2010,0.35,0.25,NA,0.6,"2026-09-27","Eurostat"
"SRB","Serbia",2011,0.37,0.22,NA,0.59,"2026-09-27","Eurostat"
"SRB","Serbia",2012,0.38,0.24,NA,0.62,"2026-09-27","Eurostat"
"SRB","Serbia",2013,0.35,0.22,NA,0.57,"2026-09-27","Eurostat"
"SRB","Serbia",2014,0.32,0.17,NA,0.49,"2026-09-27","Eurostat"
"SRB","Serbia",2015,0.32,0.21,NA,0.53,"2026-09-27","Eurostat"
"SRB","Serbia",2016,0.29,0.21,NA,0.5,"2026-09-27","Eurostat"
"SRB","Serbia",2017,0.3,0.23,NA,0.53,"2026-09-27","Eurostat"
"SRB","Serbia",2018,0.29,0.25,NA,0.54,"2026-09-27","Eurostat"
"SRB","Serbia",2019,0.29,0.22,NA,0.51,"2026-09-27","Eurostat"
"SRB","Serbia",2020,0.27,0.25,NA,0.52,"2026-09-27","Eurostat"
"SRB","Serbia",2021,0.27,0.25,NA,0.52,"2026-09-27","Eurostat"
"SRB","Serbia",2022,0.28,0.24,NA,0.52,"2026-09-27","Eurostat"
"SRB","Serbia",2023,0.26,0.23,NA,0.49,"2026-09-27","Eurostat"
"SRB","Serbia",2024,0.26,0.24,NA,0.5,"2026-09-27","Eurostat"
