"iso3c","pais","ano","familias","autoridade","baixado_em"
"AND","Andorra",2010,0,"9P50_3","2026-09-27"
"AND","Andorra",2011,0,"9P50_3","2026-09-27"
"AND","Andorra",2012,0,"9P50_3","2026-09-27"
"AND","Andorra",2013,0,"9P50_3","2026-09-27"
"AND","Andorra",2014,0,"9P50_3","2026-09-27"
"AND","Andorra",2015,0,"9P50_3","2026-09-27"
"AND","Andorra",2016,0,"9P50_3","2026-09-27"
"AND","Andorra",2017,0,"9P50_3","2026-09-27"
"AND","Andorra",2018,1.25,"9P50_3","2026-09-27"
"AND","Andorra",2019,0.2,"9P50_3","2026-09-27"
"AND","Andorra",2020,0.5,"9P50_3","2026-09-27"
"AND","Andorra",2021,0,"9P50_3","2026-09-27"
"AND","Andorra",2022,0,"9P50_3","2026-09-27"
"ARE","United Arab Emirates",2010,0,"9P50_3","2026-09-27"
"ARE","United Arab Emirates",2011,0,"9P50_3","2026-09-27"
"ARE","United Arab Emirates",2012,1,"9P50_3","2026-09-27"
"ARE","United Arab Emirates",2013,0.33329999,"9P50_3","2026-09-27"
"ARE","United Arab Emirates",2014,1.3333,"9P50_3","2026-09-27"
"ARE","United Arab Emirates",2015,0,"9P50_3","2026-09-27"
"ARE","United Arab Emirates",2016,0,"9P50_3","2026-09-27"
"ARE","United Arab Emirates",2017,5.3667002,"9P50_3","2026-09-27"
"ARE","United Arab Emirates",2018,5.0475998,"9P50_3","2026-09-27"
"ARE","United Arab Emirates",2019,2.7667,"9P50_3","2026-09-27"
"ARE","United Arab Emirates",2020,8.2666998,"9P50_3","2026-09-27"
"ARE","United Arab Emirates",2021,8.3332996,"9P50_3","2026-09-27"
"ARE","United Arab Emirates",2022,8.7917004,"9P50_3","2026-09-27"
"ARG","Argentina",2010,1.5,"9P50_3","2026-09-27"
"ARG","Argentina",2011,1,"9P50_3","2026-09-27"
"ARG","Argentina",2012,0,"9P50_3","2026-09-27"
"ARG","Argentina",2013,0,"9P50_3","2026-09-27"
"ARG","Argentina",2014,0,"9P50_3","2026-09-27"
"ARG","Argentina",2015,1.5,"9P50_3","2026-09-27"
"ARG","Argentina",2016,1.5,"9P50_3","2026-09-27"
"ARG","Argentina",2017,2.997,"9P50_3","2026-09-27"
"ARG","Argentina",2018,1.9262,"9P50_3","2026-09-27"
"ARG","Argentina",2019,4.0749998,"9P50_3","2026-09-27"
"ARG","Argentina",2020,0.83329999,"9P50_3","2026-09-27"
"ARG","Argentina",2021,1.6429,"9P50_3","2026-09-27"
"ARG","Argentina",2022,2.569,"9P50_3","2026-09-27"
"ARM","Armenia",2010,0,"9P50_3","2026-09-27"
"ARM","Armenia",2011,0,"9P50_3","2026-09-27"
"ARM","Armenia",2012,0,"9P50_3","2026-09-27"
"ARM","Armenia",2013,0,"9P50_3","2026-09-27"
"ARM","Armenia",2014,0,"9P50_3","2026-09-27"
"ARM","Armenia",2015,0,"9P50_3","2026-09-27"
"ARM","Armenia",2016,0,"9P50_3","2026-09-27"
"ARM","Armenia",2017,0,"9P50_3","2026-09-27"
"ARM","Armenia",2018,0,"9P50_3","2026-09-27"
"ARM","Armenia",2019,0.25,"9P50_3","2026-09-27"
"ARM","Armenia",2020,0,"9P50_3","2026-09-27"
"ARM","Armenia",2021,0.25,"9P50_3","2026-09-27"
"ARM","Armenia",2022,1.3615,"9P50_3","2026-09-27"
"AUS","Australia",2010,23.6667,"9P50_3","2026-09-27"
"AUS","Australia",2011,18.109501,"9P50_3","2026-09-27"
"AUS","Australia",2012,14.7762,"9P50_3","2026-09-27"
"AUS","Australia",2013,17.5,"9P50_3","2026-09-27"
"AUS","Australia",2014,28.266701,"9P50_3","2026-09-27"
"AUS","Australia",2015,34.583302,"9P50_3","2026-09-27"
"AUS","Australia",2016,29.883301,"9P50_3","2026-09-27"
"AUS","Australia",2017,35.946499,"9P50_3","2026-09-27"
"AUS","Australia",2018,71.354797,"9P50_3","2026-09-27"
"AUS","Australia",2019,72.613701,"9P50_3","2026-09-27"
"AUS","Australia",2020,89.131599,"9P50_3","2026-09-27"
"AUS","Australia",2021,80.936996,"9P50_3","2026-09-27"
"AUS","Australia",2022,51.138699,"9P50_3","2026-09-27"
"AUT","Austria",2010,3,"9P50_3","2026-09-27"
"AUT","Austria",2011,4.6332998,"9P50_3","2026-09-27"
"AUT","Austria",2012,6.2909002,"9P50_3","2026-09-27"
"AUT","Austria",2013,13.9611,"9P50_3","2026-09-27"
"AUT","Austria",2014,6.5777998,"9P50_3","2026-09-27"
"AUT","Austria",2015,13.5333,"9P50_3","2026-09-27"
"AUT","Austria",2016,24.955999,"9P50_3","2026-09-27"
"AUT","Austria",2017,17.342899,"9P50_3","2026-09-27"
"AUT","Austria",2018,31.049999,"9P50_3","2026-09-27"
"AUT","Austria",2019,16.5417,"9P50_3","2026-09-27"
"AUT","Austria",2020,34.735699,"9P50_3","2026-09-27"
"AUT","Austria",2021,29.778601,"9P50_3","2026-09-27"
"AUT","Austria",2022,28.381001,"9P50_3","2026-09-27"
"BEL","Belgium",2010,4.3333001,"9P50_3","2026-09-27"
"BEL","Belgium",2011,6.8132,"9P50_3","2026-09-27"
"BEL","Belgium",2012,6.5261998,"9P50_3","2026-09-27"
"BEL","Belgium",2013,15.3917,"9P50_3","2026-09-27"
"BEL","Belgium",2014,14.75,"9P50_3","2026-09-27"
"BEL","Belgium",2015,13.2667,"9P50_3","2026-09-27"
"BEL","Belgium",2016,16.1308,"9P50_3","2026-09-27"
"BEL","Belgium",2017,23.9333,"9P50_3","2026-09-27"
"BEL","Belgium",2018,40.520599,"9P50_3","2026-09-27"
"BEL","Belgium",2019,36.001801,"9P50_3","2026-09-27"
"BEL","Belgium",2020,38.628201,"9P50_3","2026-09-27"
"BEL","Belgium",2021,33.9286,"9P50_3","2026-09-27"
"BEL","Belgium",2022,28.729799,"9P50_3","2026-09-27"
"BGR","Bulgaria",2010,0,"9P50_3","2026-09-27"
"BGR","Bulgaria",2011,2,"9P50_3","2026-09-27"
"BGR","Bulgaria",2012,1.25,"9P50_3","2026-09-27"
"BGR","Bulgaria",2013,0,"9P50_3","2026-09-27"
"BGR","Bulgaria",2014,0,"9P50_3","2026-09-27"
"BGR","Bulgaria",2015,0,"9P50_3","2026-09-27"
"BGR","Bulgaria",2016,0.33329999,"9P50_3","2026-09-27"
"BGR","Bulgaria",2017,0,"9P50_3","2026-09-27"
"BGR","Bulgaria",2018,0,"9P50_3","2026-09-27"
"BGR","Bulgaria",2019,1,"9P50_3","2026-09-27"
"BGR","Bulgaria",2020,0.5,"9P50_3","2026-09-27"
"BGR","Bulgaria",2021,3.45,"9P50_3","2026-09-27"
"BGR","Bulgaria",2022,0,"9P50_3","2026-09-27"
"BIH","Bosnia and Herzegovina",2010,0,"9P50_3","2026-09-27"
"BIH","Bosnia and Herzegovina",2011,0,"9P50_3","2026-09-27"
"BIH","Bosnia and Herzegovina",2012,0,"9P50_3","2026-09-27"
"BIH","Bosnia and Herzegovina",2013,0,"9P50_3","2026-09-27"
"BIH","Bosnia and Herzegovina",2014,0,"9P50_3","2026-09-27"
"BIH","Bosnia and Herzegovina",2015,0,"9P50_3","2026-09-27"
"BIH","Bosnia and Herzegovina",2016,0,"9P50_3","2026-09-27"
"BIH","Bosnia and Herzegovina",2017,0,"9P50_3","2026-09-27"
"BIH","Bosnia and Herzegovina",2018,0,"9P50_3","2026-09-27"
"BIH","Bosnia and Herzegovina",2019,0,"9P50_3","2026-09-27"
"BIH","Bosnia and Herzegovina",2020,0,"9P50_3","2026-09-27"
"BIH","Bosnia and Herzegovina",2021,0.40000001,"9P50_3","2026-09-27"
"BIH","Bosnia and Herzegovina",2022,0.1,"9P50_3","2026-09-27"
"BLR","Belarus",2010,0,"9P50_3","2026-09-27"
"BLR","Belarus",2011,0,"9P50_3","2026-09-27"
"BLR","Belarus",2012,0,"9P50_3","2026-09-27"
"BLR","Belarus",2013,0,"9P50_3","2026-09-27"
"BLR","Belarus",2014,0,"9P50_3","2026-09-27"
"BLR","Belarus",2015,1,"9P50_3","2026-09-27"
"BLR","Belarus",2016,1.1667,"9P50_3","2026-09-27"
"BLR","Belarus",2017,0.5,"9P50_3","2026-09-27"
"BLR","Belarus",2018,1.95,"9P50_3","2026-09-27"
"BLR","Belarus",2019,8.6429005,"9P50_3","2026-09-27"
"BLR","Belarus",2020,4.5,"9P50_3","2026-09-27"
"BLR","Belarus",2021,4.3333001,"9P50_3","2026-09-27"
"BLR","Belarus",2022,0,"9P50_3","2026-09-27"
"BMU","Bermuda",2010,0,"9P50_3","2026-09-27"
"BMU","Bermuda",2011,0,"9P50_3","2026-09-27"
"BMU","Bermuda",2012,0,"9P50_3","2026-09-27"
"BMU","Bermuda",2013,0,"9P50_3","2026-09-27"
"BMU","Bermuda",2014,0,"9P50_3","2026-09-27"
"BMU","Bermuda",2015,0,"9P50_3","2026-09-27"
"BMU","Bermuda",2016,0,"9P50_3","2026-09-27"
"BMU","Bermuda",2017,0,"9P50_3","2026-09-27"
"BMU","Bermuda",2018,1,"9P50_3","2026-09-27"
"BMU","Bermuda",2019,0,"9P50_3","2026-09-27"
"BMU","Bermuda",2020,0,"9P50_3","2026-09-27"
"BMU","Bermuda",2021,0.16670001,"9P50_3","2026-09-27"
"BMU","Bermuda",2022,0,"9P50_3","2026-09-27"
"BRA","Brazil",2010,4.2679,"9P50_3","2026-09-27"
"BRA","Brazil",2011,3,"9P50_3","2026-09-27"
"BRA","Brazil",2012,2.3333001,"9P50_3","2026-09-27"
"BRA","Brazil",2013,4.1666999,"9P50_3","2026-09-27"
"BRA","Brazil",2014,3,"9P50_3","2026-09-27"
"BRA","Brazil",2015,11.1167,"9P50_3","2026-09-27"
"BRA","Brazil",2016,7.9166999,"9P50_3","2026-09-27"
"BRA","Brazil",2017,8.6636,"9P50_3","2026-09-27"
"BRA","Brazil",2018,13.4905,"9P50_3","2026-09-27"
"BRA","Brazil",2019,25.758301,"9P50_3","2026-09-27"
"BRA","Brazil",2020,32.274601,"9P50_3","2026-09-27"
"BRA","Brazil",2021,27.6052,"9P50_3","2026-09-27"
"BRA","Brazil",2022,12.083,"9P50_3","2026-09-27"
"CAN","Canada",2010,18.858299,"9P50_3","2026-09-27"
"CAN","Canada",2011,33.427399,"9P50_3","2026-09-27"
"CAN","Canada",2012,44.772598,"9P50_3","2026-09-27"
"CAN","Canada",2013,41.591702,"9P50_3","2026-09-27"
"CAN","Canada",2014,59.957901,"9P50_3","2026-09-27"
"CAN","Canada",2015,71.722198,"9P50_3","2026-09-27"
"CAN","Canada",2016,126.11,"9P50_3","2026-09-27"
"CAN","Canada",2017,156.0797,"9P50_3","2026-09-27"
"CAN","Canada",2018,297.18909,"9P50_3","2026-09-27"
"CAN","Canada",2019,305.78299,"9P50_3","2026-09-27"
"CAN","Canada",2020,393.77029,"9P50_3","2026-09-27"
"CAN","Canada",2021,363.58771,"9P50_3","2026-09-27"
"CAN","Canada",2022,226.97321,"9P50_3","2026-09-27"
"CHE","Switzerland",2010,6.6167002,"9P50_3","2026-09-27"
"CHE","Switzerland",2011,10.2333,"9P50_3","2026-09-27"
"CHE","Switzerland",2012,12.4167,"9P50_3","2026-09-27"
"CHE","Switzerland",2013,13.7786,"9P50_3","2026-09-27"
"CHE","Switzerland",2014,24.8433,"9P50_3","2026-09-27"
"CHE","Switzerland",2015,33.333302,"9P50_3","2026-09-27"
"CHE","Switzerland",2016,51.091702,"9P50_3","2026-09-27"
"CHE","Switzerland",2017,60.8148,"9P50_3","2026-09-27"
"CHE","Switzerland",2018,79.631401,"9P50_3","2026-09-27"
"CHE","Switzerland",2019,122.9147,"9P50_3","2026-09-27"
"CHE","Switzerland",2020,135.1651,"9P50_3","2026-09-27"
"CHE","Switzerland",2021,120.4729,"9P50_3","2026-09-27"
"CHE","Switzerland",2022,96.378502,"9P50_3","2026-09-27"
"CHL","Chile",2010,0,"9P50_3","2026-09-27"
"CHL","Chile",2011,0,"9P50_3","2026-09-27"
"CHL","Chile",2012,0,"9P50_3","2026-09-27"
"CHL","Chile",2013,0,"9P50_3","2026-09-27"
"CHL","Chile",2014,0,"9P50_3","2026-09-27"
"CHL","Chile",2015,1.5,"9P50_3","2026-09-27"
"CHL","Chile",2016,0,"9P50_3","2026-09-27"
"CHL","Chile",2017,0,"9P50_3","2026-09-27"
"CHL","Chile",2018,2.55,"9P50_3","2026-09-27"
"CHL","Chile",2019,4.1666999,"9P50_3","2026-09-27"
"CHL","Chile",2020,5,"9P50_3","2026-09-27"
"CHL","Chile",2021,2.3424001,"9P50_3","2026-09-27"
"CHL","Chile",2022,0.91670001,"9P50_3","2026-09-27"
"CHN","China (People’s Republic of)",2010,75.967903,"9P50_3","2026-09-27"
"CHN","China (People’s Republic of)",2011,112.8726,"9P50_3","2026-09-27"
"CHN","China (People’s Republic of)",2012,164.96471,"9P50_3","2026-09-27"
"CHN","China (People’s Republic of)",2013,276.99759,"9P50_3","2026-09-27"
"CHN","China (People’s Republic of)",2014,412.3631,"9P50_3","2026-09-27"
"CHN","China (People’s Republic of)",2015,615.64819,"9P50_3","2026-09-27"
"CHN","China (People’s Republic of)",2016,981.82208,"9P50_3","2026-09-27"
"CHN","China (People’s Republic of)",2017,1737.8629,"9P50_3","2026-09-27"
"CHN","China (People’s Republic of)",2018,2169.1509,"9P50_3","2026-09-27"
"CHN","China (People’s Republic of)",2019,2618.572,"9P50_3","2026-09-27"
"CHN","China (People’s Republic of)",2020,3734.3784,"9P50_3","2026-09-27"
"CHN","China (People’s Republic of)",2021,3463.7776,"9P50_3","2026-09-27"
"CHN","China (People’s Republic of)",2022,2801.5688,"9P50_3","2026-09-27"
"COL","Colombia",2010,0,"9P50_3","2026-09-27"
"COL","Colombia",2011,0,"9P50_3","2026-09-27"
"COL","Colombia",2012,0.5,"9P50_3","2026-09-27"
"COL","Colombia",2013,0.25,"9P50_3","2026-09-27"
"COL","Colombia",2014,0.5,"9P50_3","2026-09-27"
"COL","Colombia",2015,0,"9P50_3","2026-09-27"
"COL","Colombia",2016,1.25,"9P50_3","2026-09-27"
"COL","Colombia",2017,0.83329999,"9P50_3","2026-09-27"
"COL","Colombia",2018,0.69999999,"9P50_3","2026-09-27"
"COL","Colombia",2019,2.4286001,"9P50_3","2026-09-27"
"COL","Colombia",2020,1,"9P50_3","2026-09-27"
"COL","Colombia",2021,1.3333,"9P50_3","2026-09-27"
"COL","Colombia",2022,0.5,"9P50_3","2026-09-27"
"CRI","Costa Rica",2010,0,"9P50_3","2026-09-27"
"CRI","Costa Rica",2011,0,"9P50_3","2026-09-27"
"CRI","Costa Rica",2012,0,"9P50_3","2026-09-27"
"CRI","Costa Rica",2013,0,"9P50_3","2026-09-27"
"CRI","Costa Rica",2014,0,"9P50_3","2026-09-27"
"CRI","Costa Rica",2015,0.5,"9P50_3","2026-09-27"
"CRI","Costa Rica",2016,0,"9P50_3","2026-09-27"
"CRI","Costa Rica",2017,0.91670001,"9P50_3","2026-09-27"
"CRI","Costa Rica",2018,2.3167,"9P50_3","2026-09-27"
"CRI","Costa Rica",2019,0.89999998,"9P50_3","2026-09-27"
"CRI","Costa Rica",2020,1.75,"9P50_3","2026-09-27"
"CRI","Costa Rica",2021,0,"9P50_3","2026-09-27"
"CRI","Costa Rica",2022,0.2,"9P50_3","2026-09-27"
"CUB","Cuba",2010,0,"9P50_3","2026-09-27"
"CUB","Cuba",2011,0,"9P50_3","2026-09-27"
"CUB","Cuba",2012,0,"9P50_3","2026-09-27"
"CUB","Cuba",2013,0,"9P50_3","2026-09-27"
"CUB","Cuba",2014,0,"9P50_3","2026-09-27"
"CUB","Cuba",2015,0,"9P50_3","2026-09-27"
"CUB","Cuba",2016,0,"9P50_3","2026-09-27"
"CUB","Cuba",2017,0,"9P50_3","2026-09-27"
"CUB","Cuba",2018,0,"9P50_3","2026-09-27"
"CUB","Cuba",2019,0,"9P50_3","2026-09-27"
"CUB","Cuba",2020,0.33329999,"9P50_3","2026-09-27"
"CUB","Cuba",2021,0,"9P50_3","2026-09-27"
"CUB","Cuba",2022,0,"9P50_3","2026-09-27"
"CYM","Cayman Islands",2010,0,"9P50_3","2026-09-27"
"CYM","Cayman Islands",2011,0,"9P50_3","2026-09-27"
"CYM","Cayman Islands",2012,0,"9P50_3","2026-09-27"
"CYM","Cayman Islands",2013,3,"9P50_3","2026-09-27"
"CYM","Cayman Islands",2014,0,"9P50_3","2026-09-27"
"CYM","Cayman Islands",2015,0,"9P50_3","2026-09-27"
"CYM","Cayman Islands",2016,0,"9P50_3","2026-09-27"
"CYM","Cayman Islands",2017,0.58329999,"9P50_3","2026-09-27"
"CYM","Cayman Islands",2018,1,"9P50_3","2026-09-27"
"CYM","Cayman Islands",2019,0,"9P50_3","2026-09-27"
"CYM","Cayman Islands",2020,0,"9P50_3","2026-09-27"
"CYM","Cayman Islands",2021,0,"9P50_3","2026-09-27"
"CYM","Cayman Islands",2022,0.44440001,"9P50_3","2026-09-27"
"CYP","Cyprus",2010,0,"9P50_3","2026-09-27"
"CYP","Cyprus",2011,0,"9P50_3","2026-09-27"
"CYP","Cyprus",2012,0,"9P50_3","2026-09-27"
"CYP","Cyprus",2013,0,"9P50_3","2026-09-27"
"CYP","Cyprus",2014,0,"9P50_3","2026-09-27"
"CYP","Cyprus",2015,0,"9P50_3","2026-09-27"
"CYP","Cyprus",2016,1,"9P50_3","2026-09-27"
"CYP","Cyprus",2017,0,"9P50_3","2026-09-27"
"CYP","Cyprus",2018,0.44999999,"9P50_3","2026-09-27"
"CYP","Cyprus",2019,0.16670001,"9P50_3","2026-09-27"
"CYP","Cyprus",2020,0.16670001,"9P50_3","2026-09-27"
"CYP","Cyprus",2021,1,"9P50_3","2026-09-27"
"CYP","Cyprus",2022,1,"9P50_3","2026-09-27"
"CZE","Czechia",2010,0.91670001,"9P50_3","2026-09-27"
"CZE","Czechia",2011,2.4047999,"9P50_3","2026-09-27"
"CZE","Czechia",2012,0.5,"9P50_3","2026-09-27"
"CZE","Czechia",2013,1.8,"9P50_3","2026-09-27"
"CZE","Czechia",2014,5.7618999,"9P50_3","2026-09-27"
"CZE","Czechia",2015,2,"9P50_3","2026-09-27"
"CZE","Czechia",2016,5,"9P50_3","2026-09-27"
"CZE","Czechia",2017,7.3571,"9P50_3","2026-09-27"
"CZE","Czechia",2018,4.9667001,"9P50_3","2026-09-27"
"CZE","Czechia",2019,6.0679002,"9P50_3","2026-09-27"
"CZE","Czechia",2020,6.6089001,"9P50_3","2026-09-27"
"CZE","Czechia",2021,9.3690004,"9P50_3","2026-09-27"
"CZE","Czechia",2022,5.2912998,"9P50_3","2026-09-27"
"DEU","Germany",2010,57.028599,"9P50_3","2026-09-27"
"DEU","Germany",2011,97.753998,"9P50_3","2026-09-27"
"DEU","Germany",2012,107.0561,"9P50_3","2026-09-27"
"DEU","Germany",2013,108.5905,"9P50_3","2026-09-27"
"DEU","Germany",2014,128.20911,"9P50_3","2026-09-27"
"DEU","Germany",2015,129.2937,"9P50_3","2026-09-27"
"DEU","Germany",2016,213.76199,"9P50_3","2026-09-27"
"DEU","Germany",2017,357.6362,"9P50_3","2026-09-27"
"DEU","Germany",2018,555.34399,"9P50_3","2026-09-27"
"DEU","Germany",2019,840.38177,"9P50_3","2026-09-27"
"DEU","Germany",2020,953.88831,"9P50_3","2026-09-27"
"DEU","Germany",2021,819.3584,"9P50_3","2026-09-27"
"DEU","Germany",2022,697.62347,"9P50_3","2026-09-27"
"DJI","Djibouti",2010,0,"9P50_3","2026-09-27"
"DJI","Djibouti",2011,0,"9P50_3","2026-09-27"
"DJI","Djibouti",2012,0,"9P50_3","2026-09-27"
"DJI","Djibouti",2013,0,"9P50_3","2026-09-27"
"DJI","Djibouti",2014,0,"9P50_3","2026-09-27"
"DJI","Djibouti",2015,0,"9P50_3","2026-09-27"
"DJI","Djibouti",2016,0,"9P50_3","2026-09-27"
"DJI","Djibouti",2017,0,"9P50_3","2026-09-27"
"DJI","Djibouti",2018,0,"9P50_3","2026-09-27"
"DJI","Djibouti",2019,0.25,"9P50_3","2026-09-27"
"DJI","Djibouti",2020,0,"9P50_3","2026-09-27"
"DJI","Djibouti",2021,0,"9P50_3","2026-09-27"
"DJI","Djibouti",2022,0.33329999,"9P50_3","2026-09-27"
"DNK","Denmark",2010,1,"9P50_3","2026-09-27"
"DNK","Denmark",2011,4.1833,"9P50_3","2026-09-27"
"DNK","Denmark",2012,3,"9P50_3","2026-09-27"
"DNK","Denmark",2013,2,"9P50_3","2026-09-27"
"DNK","Denmark",2014,5.2666998,"9P50_3","2026-09-27"
"DNK","Denmark",2015,3.8333001,"9P50_3","2026-09-27"
"DNK","Denmark",2016,7.8333001,"9P50_3","2026-09-27"
"DNK","Denmark",2017,8.4524002,"9P50_3","2026-09-27"
"DNK","Denmark",2018,13.9167,"9P50_3","2026-09-27"
"DNK","Denmark",2019,22.9167,"9P50_3","2026-09-27"
"DNK","Denmark",2020,27.5611,"9P50_3","2026-09-27"
"DNK","Denmark",2021,38.819,"9P50_3","2026-09-27"
"DNK","Denmark",2022,25.6492,"9P50_3","2026-09-27"
"DZA","Algeria",2010,0,"9P50_3","2026-09-27"
"DZA","Algeria",2011,0,"9P50_3","2026-09-27"
"DZA","Algeria",2012,0,"9P50_3","2026-09-27"
"DZA","Algeria",2013,0,"9P50_3","2026-09-27"
"DZA","Algeria",2014,0,"9P50_3","2026-09-27"
"DZA","Algeria",2015,0,"9P50_3","2026-09-27"
"DZA","Algeria",2016,0,"9P50_3","2026-09-27"
"DZA","Algeria",2017,0,"9P50_3","2026-09-27"
"DZA","Algeria",2018,0,"9P50_3","2026-09-27"
"DZA","Algeria",2019,0.25,"9P50_3","2026-09-27"
"DZA","Algeria",2020,0,"9P50_3","2026-09-27"
"DZA","Algeria",2021,0,"9P50_3","2026-09-27"
"DZA","Algeria",2022,0,"9P50_3","2026-09-27"
"ECU","Ecuador",2010,0,"9P50_3","2026-09-27"
"ECU","Ecuador",2011,0,"9P50_3","2026-09-27"
"ECU","Ecuador",2012,0,"9P50_3","2026-09-27"
"ECU","Ecuador",2013,0,"9P50_3","2026-09-27"
"ECU","Ecuador",2014,0.5,"9P50_3","2026-09-27"
"ECU","Ecuador",2015,0,"9P50_3","2026-09-27"
"ECU","Ecuador",2016,0,"9P50_3","2026-09-27"
"ECU","Ecuador",2017,0,"9P50_3","2026-09-27"
"ECU","Ecuador",2018,0,"9P50_3","2026-09-27"
"ECU","Ecuador",2019,0,"9P50_3","2026-09-27"
"ECU","Ecuador",2020,0,"9P50_3","2026-09-27"
"ECU","Ecuador",2021,0,"9P50_3","2026-09-27"
"ECU","Ecuador",2022,0.16670001,"9P50_3","2026-09-27"
"EGY","Egypt",2010,0.25,"9P50_3","2026-09-27"
"EGY","Egypt",2011,0,"9P50_3","2026-09-27"
"EGY","Egypt",2012,0.1111,"9P50_3","2026-09-27"
"EGY","Egypt",2013,1.25,"9P50_3","2026-09-27"
"EGY","Egypt",2014,2.25,"9P50_3","2026-09-27"
"EGY","Egypt",2015,0.75,"9P50_3","2026-09-27"
"EGY","Egypt",2016,2.8333001,"9P50_3","2026-09-27"
"EGY","Egypt",2017,1.3333,"9P50_3","2026-09-27"
"EGY","Egypt",2018,1.0714,"9P50_3","2026-09-27"
"EGY","Egypt",2019,0.86669999,"9P50_3","2026-09-27"
"EGY","Egypt",2020,0.25,"9P50_3","2026-09-27"
"EGY","Egypt",2021,1.8333,"9P50_3","2026-09-27"
"EGY","Egypt",2022,0.66670001,"9P50_3","2026-09-27"
"ESP","Spain",2010,6.5833001,"9P50_3","2026-09-27"
"ESP","Spain",2011,7.119,"9P50_3","2026-09-27"
"ESP","Spain",2012,10.9778,"9P50_3","2026-09-27"
"ESP","Spain",2013,13.6333,"9P50_3","2026-09-27"
"ESP","Spain",2014,17.381001,"9P50_3","2026-09-27"
"ESP","Spain",2015,11.2333,"9P50_3","2026-09-27"
"ESP","Spain",2016,19.4333,"9P50_3","2026-09-27"
"ESP","Spain",2017,28.049999,"9P50_3","2026-09-27"
"ESP","Spain",2018,34.8452,"9P50_3","2026-09-27"
"ESP","Spain",2019,34.815102,"9P50_3","2026-09-27"
"ESP","Spain",2020,54.806702,"9P50_3","2026-09-27"
"ESP","Spain",2021,53.165501,"9P50_3","2026-09-27"
"ESP","Spain",2022,33.420399,"9P50_3","2026-09-27"
"EST","Estonia",2010,0,"9P50_3","2026-09-27"
"EST","Estonia",2011,0,"9P50_3","2026-09-27"
"EST","Estonia",2012,1,"9P50_3","2026-09-27"
"EST","Estonia",2013,0.57139999,"9P50_3","2026-09-27"
"EST","Estonia",2014,0,"9P50_3","2026-09-27"
"EST","Estonia",2015,0.58329999,"9P50_3","2026-09-27"
"EST","Estonia",2016,0.83329999,"9P50_3","2026-09-27"
"EST","Estonia",2017,3,"9P50_3","2026-09-27"
"EST","Estonia",2018,6,"9P50_3","2026-09-27"
"EST","Estonia",2019,4.6817999,"9P50_3","2026-09-27"
"EST","Estonia",2020,1.3667001,"9P50_3","2026-09-27"
"EST","Estonia",2021,2.5,"9P50_3","2026-09-27"
"EST","Estonia",2022,0,"9P50_3","2026-09-27"
"EU27_2020","European Union (27 countries from 01/02/2020)",2010,174.7274,"9P50_3","2026-09-27"
"EU27_2020","European Union (27 countries from 01/02/2020)",2011,255.2803,"9P50_3","2026-09-27"
"EU27_2020","European Union (27 countries from 01/02/2020)",2012,277.8605,"9P50_3","2026-09-27"
"EU27_2020","European Union (27 countries from 01/02/2020)",2013,311.59399,"9P50_3","2026-09-27"
"EU27_2020","European Union (27 countries from 01/02/2020)",2014,375.43851,"9P50_3","2026-09-27"
"EU27_2020","European Union (27 countries from 01/02/2020)",2015,442.49969,"9P50_3","2026-09-27"
"EU27_2020","European Union (27 countries from 01/02/2020)",2016,628.62402,"9P50_3","2026-09-27"
"EU27_2020","European Union (27 countries from 01/02/2020)",2017,896.05859,"9P50_3","2026-09-27"
"EU27_2020","European Union (27 countries from 01/02/2020)",2018,1366.5679,"9P50_3","2026-09-27"
"EU27_2020","European Union (27 countries from 01/02/2020)",2019,1769.3844,"9P50_3","2026-09-27"
"EU27_2020","European Union (27 countries from 01/02/2020)",2020,2086.1262,"9P50_3","2026-09-27"
"EU27_2020","European Union (27 countries from 01/02/2020)",2021,1906.3695,"9P50_3","2026-09-27"
"EU27_2020","European Union (27 countries from 01/02/2020)",2022,1567.9092,"9P50_3","2026-09-27"
"FIN","Finland",2010,9,"9P50_3","2026-09-27"
"FIN","Finland",2011,3.8499999,"9P50_3","2026-09-27"
"FIN","Finland",2012,9.1786003,"9P50_3","2026-09-27"
"FIN","Finland",2013,12.4762,"9P50_3","2026-09-27"
"FIN","Finland",2014,14.769,"9P50_3","2026-09-27"
"FIN","Finland",2015,15.1786,"9P50_3","2026-09-27"
"FIN","Finland",2016,22.741699,"9P50_3","2026-09-27"
"FIN","Finland",2017,35.366699,"9P50_3","2026-09-27"
"FIN","Finland",2018,50.733299,"9P50_3","2026-09-27"
"FIN","Finland",2019,68.5429,"9P50_3","2026-09-27"
"FIN","Finland",2020,49.7341,"9P50_3","2026-09-27"
"FIN","Finland",2021,65.018997,"9P50_3","2026-09-27"
"FIN","Finland",2022,54.469799,"9P50_3","2026-09-27"
"FRA","France",2010,54.515499,"9P50_3","2026-09-27"
"FRA","France",2011,53.276199,"9P50_3","2026-09-27"
"FRA","France",2012,53.883301,"9P50_3","2026-09-27"
"FRA","France",2013,66.835701,"9P50_3","2026-09-27"
"FRA","France",2014,78.742897,"9P50_3","2026-09-27"
"FRA","France",2015,108.8333,"9P50_3","2026-09-27"
"FRA","France",2016,113.44,"9P50_3","2026-09-27"
"FRA","France",2017,152.5421,"9P50_3","2026-09-27"
"FRA","France",2018,223.2518,"9P50_3","2026-09-27"
"FRA","France",2019,262.82681,"9P50_3","2026-09-27"
"FRA","France",2020,365.67361,"9P50_3","2026-09-27"
"FRA","France",2021,289.7872,"9P50_3","2026-09-27"
"FRA","France",2022,251.7177,"9P50_3","2026-09-27"
"GBR","United Kingdom",2010,47.966702,"9P50_3","2026-09-27"
"GBR","United Kingdom",2011,44.876202,"9P50_3","2026-09-27"
"GBR","United Kingdom",2012,78.069,"9P50_3","2026-09-27"
"GBR","United Kingdom",2013,117.9706,"9P50_3","2026-09-27"
"GBR","United Kingdom",2014,88.368301,"9P50_3","2026-09-27"
"GBR","United Kingdom",2015,127.4598,"9P50_3","2026-09-27"
"GBR","United Kingdom",2016,173.4281,"9P50_3","2026-09-27"
"GBR","United Kingdom",2017,273.4256,"9P50_3","2026-09-27"
"GBR","United Kingdom",2018,329.64459,"9P50_3","2026-09-27"
"GBR","United Kingdom",2019,343.4671,"9P50_3","2026-09-27"
"GBR","United Kingdom",2020,381.95059,"9P50_3","2026-09-27"
"GBR","United Kingdom",2021,401.647,"9P50_3","2026-09-27"
"GBR","United Kingdom",2022,333.01489,"9P50_3","2026-09-27"
"GEO","Georgia",2010,0,"9P50_3","2026-09-27"
"GEO","Georgia",2011,0,"9P50_3","2026-09-27"
"GEO","Georgia",2012,0,"9P50_3","2026-09-27"
"GEO","Georgia",2013,0,"9P50_3","2026-09-27"
"GEO","Georgia",2014,0.16670001,"9P50_3","2026-09-27"
"GEO","Georgia",2015,0.25,"9P50_3","2026-09-27"
"GEO","Georgia",2016,0,"9P50_3","2026-09-27"
"GEO","Georgia",2017,0.25,"9P50_3","2026-09-27"
"GEO","Georgia",2018,0,"9P50_3","2026-09-27"
"GEO","Georgia",2019,0,"9P50_3","2026-09-27"
"GEO","Georgia",2020,0,"9P50_3","2026-09-27"
"GEO","Georgia",2021,0.2667,"9P50_3","2026-09-27"
"GEO","Georgia",2022,0,"9P50_3","2026-09-27"
"GRC","Greece",2010,0,"9P50_3","2026-09-27"
"GRC","Greece",2011,0,"9P50_3","2026-09-27"
"GRC","Greece",2012,3.2,"9P50_3","2026-09-27"
"GRC","Greece",2013,0.2,"9P50_3","2026-09-27"
"GRC","Greece",2014,0,"9P50_3","2026-09-27"
"GRC","Greece",2015,0.25,"9P50_3","2026-09-27"
"GRC","Greece",2016,1,"9P50_3","2026-09-27"
"GRC","Greece",2017,2.6666999,"9P50_3","2026-09-27"
"GRC","Greece",2018,2,"9P50_3","2026-09-27"
"GRC","Greece",2019,5.0833001,"9P50_3","2026-09-27"
"GRC","Greece",2020,5.5667,"9P50_3","2026-09-27"
"GRC","Greece",2021,6.5833001,"9P50_3","2026-09-27"
"GRC","Greece",2022,5.3540001,"9P50_3","2026-09-27"
"GTM","Guatemala",2010,0,"9P50_3","2026-09-27"
"GTM","Guatemala",2011,0,"9P50_3","2026-09-27"
"GTM","Guatemala",2012,0,"9P50_3","2026-09-27"
"GTM","Guatemala",2013,0,"9P50_3","2026-09-27"
"GTM","Guatemala",2014,0,"9P50_3","2026-09-27"
"GTM","Guatemala",2015,0,"9P50_3","2026-09-27"
"GTM","Guatemala",2016,0,"9P50_3","2026-09-27"
"GTM","Guatemala",2017,0,"9P50_3","2026-09-27"
"GTM","Guatemala",2018,0,"9P50_3","2026-09-27"
"GTM","Guatemala",2019,0,"9P50_3","2026-09-27"
"GTM","Guatemala",2020,0,"9P50_3","2026-09-27"
"GTM","Guatemala",2021,0,"9P50_3","2026-09-27"
"GTM","Guatemala",2022,0,"9P50_3","2026-09-27"
"HKG","Hong Kong (China)",2010,5,"9P50_3","2026-09-27"
"HKG","Hong Kong (China)",2011,0,"9P50_3","2026-09-27"
"HKG","Hong Kong (China)",2012,3.25,"9P50_3","2026-09-27"
"HKG","Hong Kong (China)",2013,3.75,"9P50_3","2026-09-27"
"HKG","Hong Kong (China)",2014,3,"9P50_3","2026-09-27"
"HKG","Hong Kong (China)",2015,7.3333001,"9P50_3","2026-09-27"
"HKG","Hong Kong (China)",2016,10.5667,"9P50_3","2026-09-27"
"HKG","Hong Kong (China)",2017,8.7428999,"9P50_3","2026-09-27"
"HKG","Hong Kong (China)",2018,18.766701,"9P50_3","2026-09-27"
"HKG","Hong Kong (China)",2019,10.2833,"9P50_3","2026-09-27"
"HKG","Hong Kong (China)",2020,16.1667,"9P50_3","2026-09-27"
"HKG","Hong Kong (China)",2021,16.6611,"9P50_3","2026-09-27"
"HKG","Hong Kong (China)",2022,20.3929,"9P50_3","2026-09-27"
"HRV","Croatia",2010,0,"9P50_3","2026-09-27"
"HRV","Croatia",2011,0,"9P50_3","2026-09-27"
"HRV","Croatia",2012,0,"9P50_3","2026-09-27"
"HRV","Croatia",2013,0,"9P50_3","2026-09-27"
"HRV","Croatia",2014,2,"9P50_3","2026-09-27"
"HRV","Croatia",2015,0,"9P50_3","2026-09-27"
"HRV","Croatia",2016,1,"9P50_3","2026-09-27"
"HRV","Croatia",2017,0,"9P50_3","2026-09-27"
"HRV","Croatia",2018,0.125,"9P50_3","2026-09-27"
"HRV","Croatia",2019,1.5,"9P50_3","2026-09-27"
"HRV","Croatia",2020,3.1666999,"9P50_3","2026-09-27"
"HRV","Croatia",2021,2.1666999,"9P50_3","2026-09-27"
"HRV","Croatia",2022,2.5999999,"9P50_3","2026-09-27"
"HUN","Hungary",2010,0,"9P50_3","2026-09-27"
"HUN","Hungary",2011,3,"9P50_3","2026-09-27"
"HUN","Hungary",2012,1.25,"9P50_3","2026-09-27"
"HUN","Hungary",2013,3.5,"9P50_3","2026-09-27"
"HUN","Hungary",2014,1.65,"9P50_3","2026-09-27"
"HUN","Hungary",2015,1.35,"9P50_3","2026-09-27"
"HUN","Hungary",2016,8.4499998,"9P50_3","2026-09-27"
"HUN","Hungary",2017,13.5595,"9P50_3","2026-09-27"
"HUN","Hungary",2018,14.625,"9P50_3","2026-09-27"
"HUN","Hungary",2019,12.0238,"9P50_3","2026-09-27"
"HUN","Hungary",2020,16.0016,"9P50_3","2026-09-27"
"HUN","Hungary",2021,8.8902998,"9P50_3","2026-09-27"
"HUN","Hungary",2022,15.2731,"9P50_3","2026-09-27"
"IDN","Indonesia",2010,0,"9P50_3","2026-09-27"
"IDN","Indonesia",2011,0.45829999,"9P50_3","2026-09-27"
"IDN","Indonesia",2012,0,"9P50_3","2026-09-27"
"IDN","Indonesia",2013,0.25,"9P50_3","2026-09-27"
"IDN","Indonesia",2014,0,"9P50_3","2026-09-27"
"IDN","Indonesia",2015,0,"9P50_3","2026-09-27"
"IDN","Indonesia",2016,1,"9P50_3","2026-09-27"
"IDN","Indonesia",2017,0.66670001,"9P50_3","2026-09-27"
"IDN","Indonesia",2018,0.83329999,"9P50_3","2026-09-27"
"IDN","Indonesia",2019,0.25,"9P50_3","2026-09-27"
"IDN","Indonesia",2020,3.1429,"9P50_3","2026-09-27"
"IDN","Indonesia",2021,1.5,"9P50_3","2026-09-27"
"IDN","Indonesia",2022,2.7024,"9P50_3","2026-09-27"
"IND","India",2010,17.258301,"9P50_3","2026-09-27"
"IND","India",2011,21.9524,"9P50_3","2026-09-27"
"IND","India",2012,29.1548,"9P50_3","2026-09-27"
"IND","India",2013,57.501202,"9P50_3","2026-09-27"
"IND","India",2014,37.938499,"9P50_3","2026-09-27"
"IND","India",2015,87.7948,"9P50_3","2026-09-27"
"IND","India",2016,123.0226,"9P50_3","2026-09-27"
"IND","India",2017,217.98621,"9P50_3","2026-09-27"
"IND","India",2018,286.2876,"9P50_3","2026-09-27"
"IND","India",2019,303.40302,"9P50_3","2026-09-27"
"IND","India",2020,409.54599,"9P50_3","2026-09-27"
"IND","India",2021,475.9855,"9P50_3","2026-09-27"
"IND","India",2022,372.56461,"9P50_3","2026-09-27"
"IRL","Ireland",2010,2.3333001,"9P50_3","2026-09-27"
"IRL","Ireland",2011,4.9166999,"9P50_3","2026-09-27"
"IRL","Ireland",2012,5.5332999,"9P50_3","2026-09-27"
"IRL","Ireland",2013,6.8333001,"9P50_3","2026-09-27"
"IRL","Ireland",2014,9.1750002,"9P50_3","2026-09-27"
"IRL","Ireland",2015,10.2952,"9P50_3","2026-09-27"
"IRL","Ireland",2016,27.7449,"9P50_3","2026-09-27"
"IRL","Ireland",2017,29.7752,"9P50_3","2026-09-27"
"IRL","Ireland",2018,48.9786,"9P50_3","2026-09-27"
"IRL","Ireland",2019,49.974998,"9P50_3","2026-09-27"
"IRL","Ireland",2020,34.299198,"9P50_3","2026-09-27"
"IRL","Ireland",2021,34.176998,"9P50_3","2026-09-27"
"IRL","Ireland",2022,32.016701,"9P50_3","2026-09-27"
"IRN","Iran",2010,0.2,"9P50_3","2026-09-27"
"IRN","Iran",2011,0,"9P50_3","2026-09-27"
"IRN","Iran",2012,0.91670001,"9P50_3","2026-09-27"
"IRN","Iran",2013,0.33329999,"9P50_3","2026-09-27"
"IRN","Iran",2014,0,"9P50_3","2026-09-27"
"IRN","Iran",2015,0.75,"9P50_3","2026-09-27"
"IRN","Iran",2016,0.33329999,"9P50_3","2026-09-27"
"IRN","Iran",2017,0.1429,"9P50_3","2026-09-27"
"IRN","Iran",2018,0.60000002,"9P50_3","2026-09-27"
"IRN","Iran",2019,0.69999999,"9P50_3","2026-09-27"
"IRN","Iran",2020,0,"9P50_3","2026-09-27"
"IRN","Iran",2021,1.875,"9P50_3","2026-09-27"
"IRN","Iran",2022,0.76249999,"9P50_3","2026-09-27"
"ISL","Iceland",2010,0,"9P50_3","2026-09-27"
"ISL","Iceland",2011,0,"9P50_3","2026-09-27"
"ISL","Iceland",2012,0,"9P50_3","2026-09-27"
"ISL","Iceland",2013,0,"9P50_3","2026-09-27"
"ISL","Iceland",2014,0,"9P50_3","2026-09-27"
"ISL","Iceland",2015,0.25,"9P50_3","2026-09-27"
"ISL","Iceland",2016,1,"9P50_3","2026-09-27"
"ISL","Iceland",2017,0,"9P50_3","2026-09-27"
"ISL","Iceland",2018,1.3333,"9P50_3","2026-09-27"
"ISL","Iceland",2019,0.16670001,"9P50_3","2026-09-27"
"ISL","Iceland",2020,1.3333,"9P50_3","2026-09-27"
"ISL","Iceland",2021,2,"9P50_3","2026-09-27"
"ISL","Iceland",2022,2.0908999,"9P50_3","2026-09-27"
"ISR","Israel",2010,24.4,"9P50_3","2026-09-27"
"ISR","Israel",2011,29.9524,"9P50_3","2026-09-27"
"ISR","Israel",2012,35.983299,"9P50_3","2026-09-27"
"ISR","Israel",2013,45.266701,"9P50_3","2026-09-27"
"ISR","Israel",2014,46.200001,"9P50_3","2026-09-27"
"ISR","Israel",2015,78.735703,"9P50_3","2026-09-27"
"ISR","Israel",2016,101.4465,"9P50_3","2026-09-27"
"ISR","Israel",2017,143.0154,"9P50_3","2026-09-27"
"ISR","Israel",2018,174.418,"9P50_3","2026-09-27"
"ISR","Israel",2019,233.3867,"9P50_3","2026-09-27"
"ISR","Israel",2020,275.61789,"9P50_3","2026-09-27"
"ISR","Israel",2021,261.6492,"9P50_3","2026-09-27"
"ISR","Israel",2022,188.7702,"9P50_3","2026-09-27"
"ITA","Italy",2010,10.6,"9P50_3","2026-09-27"
"ITA","Italy",2011,13.4714,"9P50_3","2026-09-27"
"ITA","Italy",2012,11.7143,"9P50_3","2026-09-27"
"ITA","Italy",2013,7.6999998,"9P50_3","2026-09-27"
"ITA","Italy",2014,13.0952,"9P50_3","2026-09-27"
"ITA","Italy",2015,17.3333,"9P50_3","2026-09-27"
"ITA","Italy",2016,25.4881,"9P50_3","2026-09-27"
"ITA","Italy",2017,37.408298,"9P50_3","2026-09-27"
"ITA","Italy",2018,52.1833,"9P50_3","2026-09-27"
"ITA","Italy",2019,61.5881,"9P50_3","2026-09-27"
"ITA","Italy",2020,86.648003,"9P50_3","2026-09-27"
"ITA","Italy",2021,87.0933,"9P50_3","2026-09-27"
"ITA","Italy",2022,51.049999,"9P50_3","2026-09-27"
"JAM","Jamaica",2010,1,"9P50_3","2026-09-27"
"JAM","Jamaica",2011,0,"9P50_3","2026-09-27"
"JAM","Jamaica",2012,0,"9P50_3","2026-09-27"
"JAM","Jamaica",2013,0,"9P50_3","2026-09-27"
"JAM","Jamaica",2014,0,"9P50_3","2026-09-27"
"JAM","Jamaica",2015,0,"9P50_3","2026-09-27"
"JAM","Jamaica",2016,0,"9P50_3","2026-09-27"
"JAM","Jamaica",2017,0.25,"9P50_3","2026-09-27"
"JAM","Jamaica",2018,0,"9P50_3","2026-09-27"
"JAM","Jamaica",2019,0,"9P50_3","2026-09-27"
"JAM","Jamaica",2020,0,"9P50_3","2026-09-27"
"JAM","Jamaica",2021,0,"9P50_3","2026-09-27"
"JAM","Jamaica",2022,0,"9P50_3","2026-09-27"
"JOR","Jordan",2010,1,"9P50_3","2026-09-27"
"JOR","Jordan",2011,0.25,"9P50_3","2026-09-27"
"JOR","Jordan",2012,0,"9P50_3","2026-09-27"
"JOR","Jordan",2013,0,"9P50_3","2026-09-27"
"JOR","Jordan",2014,0,"9P50_3","2026-09-27"
"JOR","Jordan",2015,0,"9P50_3","2026-09-27"
"JOR","Jordan",2016,0,"9P50_3","2026-09-27"
"JOR","Jordan",2017,0,"9P50_3","2026-09-27"
"JOR","Jordan",2018,0,"9P50_3","2026-09-27"
"JOR","Jordan",2019,2,"9P50_3","2026-09-27"
"JOR","Jordan",2020,1,"9P50_3","2026-09-27"
"JOR","Jordan",2021,0,"9P50_3","2026-09-27"
"JOR","Jordan",2022,0.2,"9P50_3","2026-09-27"
"JPN","Japan",2010,941.19128,"9P50_3","2026-09-27"
"JPN","Japan",2011,1012.2024,"9P50_3","2026-09-27"
"JPN","Japan",2012,1174.1333,"9P50_3","2026-09-27"
"JPN","Japan",2013,1044.6595,"9P50_3","2026-09-27"
"JPN","Japan",2014,1299.1952,"9P50_3","2026-09-27"
"JPN","Japan",2015,1371.3988,"9P50_3","2026-09-27"
"JPN","Japan",2016,1736.1976,"9P50_3","2026-09-27"
"JPN","Japan",2017,2254.45,"9P50_3","2026-09-27"
"JPN","Japan",2018,2879.5811,"9P50_3","2026-09-27"
"JPN","Japan",2019,3116.9424,"9P50_3","2026-09-27"
"JPN","Japan",2020,2869.2544,"9P50_3","2026-09-27"
"JPN","Japan",2021,2587.0176,"9P50_3","2026-09-27"
"JPN","Japan",2022,2059.3235,"9P50_3","2026-09-27"
"KAZ","Kazakhstan",2010,0,"9P50_3","2026-09-27"
"KAZ","Kazakhstan",2011,0,"9P50_3","2026-09-27"
"KAZ","Kazakhstan",2012,0,"9P50_3","2026-09-27"
"KAZ","Kazakhstan",2013,0,"9P50_3","2026-09-27"
"KAZ","Kazakhstan",2014,0,"9P50_3","2026-09-27"
"KAZ","Kazakhstan",2015,0.33329999,"9P50_3","2026-09-27"
"KAZ","Kazakhstan",2016,0,"9P50_3","2026-09-27"
"KAZ","Kazakhstan",2017,0,"9P50_3","2026-09-27"
"KAZ","Kazakhstan",2018,0,"9P50_3","2026-09-27"
"KAZ","Kazakhstan",2019,0,"9P50_3","2026-09-27"
"KAZ","Kazakhstan",2020,0,"9P50_3","2026-09-27"
"KAZ","Kazakhstan",2021,0,"9P50_3","2026-09-27"
"KAZ","Kazakhstan",2022,0,"9P50_3","2026-09-27"
"KEN","Kenya",2010,0,"9P50_3","2026-09-27"
"KEN","Kenya",2011,0.33329999,"9P50_3","2026-09-27"
"KEN","Kenya",2012,0,"9P50_3","2026-09-27"
"KEN","Kenya",2013,0,"9P50_3","2026-09-27"
"KEN","Kenya",2014,0,"9P50_3","2026-09-27"
"KEN","Kenya",2015,0,"9P50_3","2026-09-27"
"KEN","Kenya",2016,0,"9P50_3","2026-09-27"
"KEN","Kenya",2017,0.5,"9P50_3","2026-09-27"
"KEN","Kenya",2018,0.86900002,"9P50_3","2026-09-27"
"KEN","Kenya",2019,1.625,"9P50_3","2026-09-27"
"KEN","Kenya",2020,0.91670001,"9P50_3","2026-09-27"
"KEN","Kenya",2021,1.3036,"9P50_3","2026-09-27"
"KEN","Kenya",2022,0,"9P50_3","2026-09-27"
"KOR","Korea",2010,167.24519,"9P50_3","2026-09-27"
"KOR","Korea",2011,248.5083,"9P50_3","2026-09-27"
"KOR","Korea",2012,292.4274,"9P50_3","2026-09-27"
"KOR","Korea",2013,336.0321,"9P50_3","2026-09-27"
"KOR","Korea",2014,389.8476,"9P50_3","2026-09-27"
"KOR","Korea",2015,350.43051,"9P50_3","2026-09-27"
"KOR","Korea",2016,563.32892,"9P50_3","2026-09-27"
"KOR","Korea",2017,754.49481,"9P50_3","2026-09-27"
"KOR","Korea",2018,1112.5758,"9P50_3","2026-09-27"
"KOR","Korea",2019,2164.8726,"9P50_3","2026-09-27"
"KOR","Korea",2020,1792.8632,"9P50_3","2026-09-27"
"KOR","Korea",2021,2009.6935,"9P50_3","2026-09-27"
"KOR","Korea",2022,2023.2417,"9P50_3","2026-09-27"
"KWT","Kuwait",2010,0,"9P50_3","2026-09-27"
"KWT","Kuwait",2011,0,"9P50_3","2026-09-27"
"KWT","Kuwait",2012,0,"9P50_3","2026-09-27"
"KWT","Kuwait",2013,0,"9P50_3","2026-09-27"
"KWT","Kuwait",2014,0,"9P50_3","2026-09-27"
"KWT","Kuwait",2015,0,"9P50_3","2026-09-27"
"KWT","Kuwait",2016,0,"9P50_3","2026-09-27"
"KWT","Kuwait",2017,0,"9P50_3","2026-09-27"
"KWT","Kuwait",2018,0,"9P50_3","2026-09-27"
"KWT","Kuwait",2019,0,"9P50_3","2026-09-27"
"KWT","Kuwait",2020,0,"9P50_3","2026-09-27"
"KWT","Kuwait",2021,0.1429,"9P50_3","2026-09-27"
"KWT","Kuwait",2022,0,"9P50_3","2026-09-27"
"LBN","Lebanon",2010,0,"9P50_3","2026-09-27"
"LBN","Lebanon",2011,0,"9P50_3","2026-09-27"
"LBN","Lebanon",2012,0,"9P50_3","2026-09-27"
"LBN","Lebanon",2013,0,"9P50_3","2026-09-27"
"LBN","Lebanon",2014,0,"9P50_3","2026-09-27"
"LBN","Lebanon",2015,0,"9P50_3","2026-09-27"
"LBN","Lebanon",2016,0,"9P50_3","2026-09-27"
"LBN","Lebanon",2017,1,"9P50_3","2026-09-27"
"LBN","Lebanon",2018,0,"9P50_3","2026-09-27"
"LBN","Lebanon",2019,0.33329999,"9P50_3","2026-09-27"
"LBN","Lebanon",2020,0.66670001,"9P50_3","2026-09-27"
"LBN","Lebanon",2021,0.5,"9P50_3","2026-09-27"
"LBN","Lebanon",2022,0.33329999,"9P50_3","2026-09-27"
"LIE","Liechtenstein",2010,0,"9P50_3","2026-09-27"
"LIE","Liechtenstein",2011,0,"9P50_3","2026-09-27"
"LIE","Liechtenstein",2012,0,"9P50_3","2026-09-27"
"LIE","Liechtenstein",2013,0,"9P50_3","2026-09-27"
"LIE","Liechtenstein",2014,0.1111,"9P50_3","2026-09-27"
"LIE","Liechtenstein",2015,0,"9P50_3","2026-09-27"
"LIE","Liechtenstein",2016,0,"9P50_3","2026-09-27"
"LIE","Liechtenstein",2017,0,"9P50_3","2026-09-27"
"LIE","Liechtenstein",2018,0.16670001,"9P50_3","2026-09-27"
"LIE","Liechtenstein",2019,0,"9P50_3","2026-09-27"
"LIE","Liechtenstein",2020,0.33329999,"9P50_3","2026-09-27"
"LIE","Liechtenstein",2021,0,"9P50_3","2026-09-27"
"LIE","Liechtenstein",2022,1,"9P50_3","2026-09-27"
"LKA","Sri Lanka",2010,0,"9P50_3","2026-09-27"
"LKA","Sri Lanka",2011,0,"9P50_3","2026-09-27"
"LKA","Sri Lanka",2012,1,"9P50_3","2026-09-27"
"LKA","Sri Lanka",2013,0,"9P50_3","2026-09-27"
"LKA","Sri Lanka",2014,0,"9P50_3","2026-09-27"
"LKA","Sri Lanka",2015,1,"9P50_3","2026-09-27"
"LKA","Sri Lanka",2016,0,"9P50_3","2026-09-27"
"LKA","Sri Lanka",2017,0,"9P50_3","2026-09-27"
"LKA","Sri Lanka",2018,0,"9P50_3","2026-09-27"
"LKA","Sri Lanka",2019,0,"9P50_3","2026-09-27"
"LKA","Sri Lanka",2020,0,"9P50_3","2026-09-27"
"LKA","Sri Lanka",2021,2.2,"9P50_3","2026-09-27"
"LKA","Sri Lanka",2022,0,"9P50_3","2026-09-27"
"LTU","Lithuania",2010,0,"9P50_3","2026-09-27"
"LTU","Lithuania",2011,0,"9P50_3","2026-09-27"
"LTU","Lithuania",2012,0,"9P50_3","2026-09-27"
"LTU","Lithuania",2013,0,"9P50_3","2026-09-27"
"LTU","Lithuania",2014,0,"9P50_3","2026-09-27"
"LTU","Lithuania",2015,0,"9P50_3","2026-09-27"
"LTU","Lithuania",2016,0,"9P50_3","2026-09-27"
"LTU","Lithuania",2017,1,"9P50_3","2026-09-27"
"LTU","Lithuania",2018,1,"9P50_3","2026-09-27"
"LTU","Lithuania",2019,1,"9P50_3","2026-09-27"
"LTU","Lithuania",2020,4,"9P50_3","2026-09-27"
"LTU","Lithuania",2021,3.2,"9P50_3","2026-09-27"
"LTU","Lithuania",2022,1.25,"9P50_3","2026-09-27"
"LUX","Luxembourg",2010,0,"9P50_3","2026-09-27"
"LUX","Luxembourg",2011,0,"9P50_3","2026-09-27"
"LUX","Luxembourg",2012,0,"9P50_3","2026-09-27"
"LUX","Luxembourg",2013,0,"9P50_3","2026-09-27"
"LUX","Luxembourg",2014,0.66670001,"9P50_3","2026-09-27"
"LUX","Luxembourg",2015,1.25,"9P50_3","2026-09-27"
"LUX","Luxembourg",2016,0.86669999,"9P50_3","2026-09-27"
"LUX","Luxembourg",2017,0.25,"9P50_3","2026-09-27"
"LUX","Luxembourg",2018,1.1667,"9P50_3","2026-09-27"
"LUX","Luxembourg",2019,2.7262001,"9P50_3","2026-09-27"
"LUX","Luxembourg",2020,5.1332998,"9P50_3","2026-09-27"
"LUX","Luxembourg",2021,2.6666999,"9P50_3","2026-09-27"
"LUX","Luxembourg",2022,1.7,"9P50_3","2026-09-27"
"LVA","Latvia",2010,0,"9P50_3","2026-09-27"
"LVA","Latvia",2011,0,"9P50_3","2026-09-27"
"LVA","Latvia",2012,0,"9P50_3","2026-09-27"
"LVA","Latvia",2013,0,"9P50_3","2026-09-27"
"LVA","Latvia",2014,0,"9P50_3","2026-09-27"
"LVA","Latvia",2015,0,"9P50_3","2026-09-27"
"LVA","Latvia",2016,2.6666999,"9P50_3","2026-09-27"
"LVA","Latvia",2017,0,"9P50_3","2026-09-27"
"LVA","Latvia",2018,0,"9P50_3","2026-09-27"
"LVA","Latvia",2019,0,"9P50_3","2026-09-27"
"LVA","Latvia",2020,1,"9P50_3","2026-09-27"
"LVA","Latvia",2021,1,"9P50_3","2026-09-27"
"LVA","Latvia",2022,0,"9P50_3","2026-09-27"
"MAR","Morocco",2010,0,"9P50_3","2026-09-27"
"MAR","Morocco",2011,0,"9P50_3","2026-09-27"
"MAR","Morocco",2012,0,"9P50_3","2026-09-27"
"MAR","Morocco",2013,0,"9P50_3","2026-09-27"
"MAR","Morocco",2014,0,"9P50_3","2026-09-27"
"MAR","Morocco",2015,0,"9P50_3","2026-09-27"
"MAR","Morocco",2016,0,"9P50_3","2026-09-27"
"MAR","Morocco",2017,1,"9P50_3","2026-09-27"
"MAR","Morocco",2018,0,"9P50_3","2026-09-27"
"MAR","Morocco",2019,0,"9P50_3","2026-09-27"
"MAR","Morocco",2020,3.9166999,"9P50_3","2026-09-27"
"MAR","Morocco",2021,1.7333,"9P50_3","2026-09-27"
"MAR","Morocco",2022,1.5611,"9P50_3","2026-09-27"
"MCO","Monaco",2010,0,"9P50_3","2026-09-27"
"MCO","Monaco",2011,0,"9P50_3","2026-09-27"
"MCO","Monaco",2012,0,"9P50_3","2026-09-27"
"MCO","Monaco",2013,0,"9P50_3","2026-09-27"
"MCO","Monaco",2014,0,"9P50_3","2026-09-27"
"MCO","Monaco",2015,0.25,"9P50_3","2026-09-27"
"MCO","Monaco",2016,0,"9P50_3","2026-09-27"
"MCO","Monaco",2017,0,"9P50_3","2026-09-27"
"MCO","Monaco",2018,0,"9P50_3","2026-09-27"
"MCO","Monaco",2019,3,"9P50_3","2026-09-27"
"MCO","Monaco",2020,0,"9P50_3","2026-09-27"
"MCO","Monaco",2021,0.2,"9P50_3","2026-09-27"
"MCO","Monaco",2022,0,"9P50_3","2026-09-27"
"MDA","Moldova",2010,0,"9P50_3","2026-09-27"
"MDA","Moldova",2011,0,"9P50_3","2026-09-27"
"MDA","Moldova",2012,0,"9P50_3","2026-09-27"
"MDA","Moldova",2013,0,"9P50_3","2026-09-27"
"MDA","Moldova",2014,0,"9P50_3","2026-09-27"
"MDA","Moldova",2015,0,"9P50_3","2026-09-27"
"MDA","Moldova",2016,0,"9P50_3","2026-09-27"
"MDA","Moldova",2017,0,"9P50_3","2026-09-27"
"MDA","Moldova",2018,0,"9P50_3","2026-09-27"
"MDA","Moldova",2019,0,"9P50_3","2026-09-27"
"MDA","Moldova",2020,0,"9P50_3","2026-09-27"
"MDA","Moldova",2021,0,"9P50_3","2026-09-27"
"MDA","Moldova",2022,0,"9P50_3","2026-09-27"
"MEX","Mexico",2010,1,"9P50_3","2026-09-27"
"MEX","Mexico",2011,0,"9P50_3","2026-09-27"
"MEX","Mexico",2012,0,"9P50_3","2026-09-27"
"MEX","Mexico",2013,1.0833,"9P50_3","2026-09-27"
"MEX","Mexico",2014,0.86669999,"9P50_3","2026-09-27"
"MEX","Mexico",2015,0,"9P50_3","2026-09-27"
"MEX","Mexico",2016,2.6666999,"9P50_3","2026-09-27"
"MEX","Mexico",2017,6.9833002,"9P50_3","2026-09-27"
"MEX","Mexico",2018,3.2083001,"9P50_3","2026-09-27"
"MEX","Mexico",2019,15.352,"9P50_3","2026-09-27"
"MEX","Mexico",2020,11.3767,"9P50_3","2026-09-27"
"MEX","Mexico",2021,5.0286002,"9P50_3","2026-09-27"
"MEX","Mexico",2022,4.8408999,"9P50_3","2026-09-27"
"MKD","North Macedonia",2010,0,"9P50_3","2026-09-27"
"MKD","North Macedonia",2011,0,"9P50_3","2026-09-27"
"MKD","North Macedonia",2012,0,"9P50_3","2026-09-27"
"MKD","North Macedonia",2013,0,"9P50_3","2026-09-27"
"MKD","North Macedonia",2014,0,"9P50_3","2026-09-27"
"MKD","North Macedonia",2015,0,"9P50_3","2026-09-27"
"MKD","North Macedonia",2016,0,"9P50_3","2026-09-27"
"MKD","North Macedonia",2017,0,"9P50_3","2026-09-27"
"MKD","North Macedonia",2018,0,"9P50_3","2026-09-27"
"MKD","North Macedonia",2019,0,"9P50_3","2026-09-27"
"MKD","North Macedonia",2020,0,"9P50_3","2026-09-27"
"MKD","North Macedonia",2021,0.2,"9P50_3","2026-09-27"
"MKD","North Macedonia",2022,0,"9P50_3","2026-09-27"
"MLT","Malta",2010,0,"9P50_3","2026-09-27"
"MLT","Malta",2011,0,"9P50_3","2026-09-27"
"MLT","Malta",2012,0,"9P50_3","2026-09-27"
"MLT","Malta",2013,0,"9P50_3","2026-09-27"
"MLT","Malta",2014,0,"9P50_3","2026-09-27"
"MLT","Malta",2015,0,"9P50_3","2026-09-27"
"MLT","Malta",2016,0.33329999,"9P50_3","2026-09-27"
"MLT","Malta",2017,0,"9P50_3","2026-09-27"
"MLT","Malta",2018,1,"9P50_3","2026-09-27"
"MLT","Malta",2019,3.6429,"9P50_3","2026-09-27"
"MLT","Malta",2020,10,"9P50_3","2026-09-27"
"MLT","Malta",2021,1,"9P50_3","2026-09-27"
"MLT","Malta",2022,0.0625,"9P50_3","2026-09-27"
"MNG","Mongolia",2010,0,"9P50_3","2026-09-27"
"MNG","Mongolia",2011,0,"9P50_3","2026-09-27"
"MNG","Mongolia",2012,0,"9P50_3","2026-09-27"
"MNG","Mongolia",2013,0,"9P50_3","2026-09-27"
"MNG","Mongolia",2014,0,"9P50_3","2026-09-27"
"MNG","Mongolia",2015,0,"9P50_3","2026-09-27"
"MNG","Mongolia",2016,0,"9P50_3","2026-09-27"
"MNG","Mongolia",2017,0,"9P50_3","2026-09-27"
"MNG","Mongolia",2018,0,"9P50_3","2026-09-27"
"MNG","Mongolia",2019,0,"9P50_3","2026-09-27"
"MNG","Mongolia",2020,0,"9P50_3","2026-09-27"
"MNG","Mongolia",2021,0,"9P50_3","2026-09-27"
"MNG","Mongolia",2022,0,"9P50_3","2026-09-27"
"MYS","Malaysia",2010,3,"9P50_3","2026-09-27"
"MYS","Malaysia",2011,0,"9P50_3","2026-09-27"
"MYS","Malaysia",2012,0.625,"9P50_3","2026-09-27"
"MYS","Malaysia",2013,0.33329999,"9P50_3","2026-09-27"
"MYS","Malaysia",2014,0,"9P50_3","2026-09-27"
"MYS","Malaysia",2015,2.125,"9P50_3","2026-09-27"
"MYS","Malaysia",2016,1,"9P50_3","2026-09-27"
"MYS","Malaysia",2017,3.1666999,"9P50_3","2026-09-27"
"MYS","Malaysia",2018,3.7249999,"9P50_3","2026-09-27"
"MYS","Malaysia",2019,4.3333001,"9P50_3","2026-09-27"
"MYS","Malaysia",2020,11.3873,"9P50_3","2026-09-27"
"MYS","Malaysia",2021,9.3667002,"9P50_3","2026-09-27"
"MYS","Malaysia",2022,2.1083,"9P50_3","2026-09-27"
"NGA","Nigeria",2010,0,"9P50_3","2026-09-27"
"NGA","Nigeria",2011,0,"9P50_3","2026-09-27"
"NGA","Nigeria",2012,0,"9P50_3","2026-09-27"
"NGA","Nigeria",2013,0,"9P50_3","2026-09-27"
"NGA","Nigeria",2014,0,"9P50_3","2026-09-27"
"NGA","Nigeria",2015,0,"9P50_3","2026-09-27"
"NGA","Nigeria",2016,0,"9P50_3","2026-09-27"
"NGA","Nigeria",2017,0,"9P50_3","2026-09-27"
"NGA","Nigeria",2018,0,"9P50_3","2026-09-27"
"NGA","Nigeria",2019,0,"9P50_3","2026-09-27"
"NGA","Nigeria",2020,0.25,"9P50_3","2026-09-27"
"NGA","Nigeria",2021,0,"9P50_3","2026-09-27"
"NGA","Nigeria",2022,0,"9P50_3","2026-09-27"
"NLD","Netherlands",2010,13.3333,"9P50_3","2026-09-27"
"NLD","Netherlands",2011,35.983299,"9P50_3","2026-09-27"
"NLD","Netherlands",2012,34.383301,"9P50_3","2026-09-27"
"NLD","Netherlands",2013,30.9167,"9P50_3","2026-09-27"
"NLD","Netherlands",2014,38.964298,"9P50_3","2026-09-27"
"NLD","Netherlands",2015,59.997601,"9P50_3","2026-09-27"
"NLD","Netherlands",2016,69.742897,"9P50_3","2026-09-27"
"NLD","Netherlands",2017,97.630203,"9P50_3","2026-09-27"
"NLD","Netherlands",2018,164.4167,"9P50_3","2026-09-27"
"NLD","Netherlands",2019,156.35361,"9P50_3","2026-09-27"
"NLD","Netherlands",2020,162.93491,"9P50_3","2026-09-27"
"NLD","Netherlands",2021,168.28239,"9P50_3","2026-09-27"
"NLD","Netherlands",2022,177.0376,"9P50_3","2026-09-27"
"NOR","Norway",2010,0,"9P50_3","2026-09-27"
"NOR","Norway",2011,2,"9P50_3","2026-09-27"
"NOR","Norway",2012,2.3333001,"9P50_3","2026-09-27"
"NOR","Norway",2013,3.75,"9P50_3","2026-09-27"
"NOR","Norway",2014,4,"9P50_3","2026-09-27"
"NOR","Norway",2015,9.6667004,"9P50_3","2026-09-27"
"NOR","Norway",2016,8.3332996,"9P50_3","2026-09-27"
"NOR","Norway",2017,13.55,"9P50_3","2026-09-27"
"NOR","Norway",2018,6.9333,"9P50_3","2026-09-27"
"NOR","Norway",2019,26.4512,"9P50_3","2026-09-27"
"NOR","Norway",2020,11.8262,"9P50_3","2026-09-27"
"NOR","Norway",2021,18.801201,"9P50_3","2026-09-27"
"NOR","Norway",2022,15.0786,"9P50_3","2026-09-27"
"NZL","New Zealand",2010,3.5,"9P50_3","2026-09-27"
"NZL","New Zealand",2011,0,"9P50_3","2026-09-27"
"NZL","New Zealand",2012,0.5,"9P50_3","2026-09-27"
"NZL","New Zealand",2013,2.75,"9P50_3","2026-09-27"
"NZL","New Zealand",2014,0,"9P50_3","2026-09-27"
"NZL","New Zealand",2015,4.3333001,"9P50_3","2026-09-27"
"NZL","New Zealand",2016,2.4000001,"9P50_3","2026-09-27"
"NZL","New Zealand",2017,6.4166999,"9P50_3","2026-09-27"
"NZL","New Zealand",2018,3.8333001,"9P50_3","2026-09-27"
"NZL","New Zealand",2019,7.8929,"9P50_3","2026-09-27"
"NZL","New Zealand",2020,20.859501,"9P50_3","2026-09-27"
"NZL","New Zealand",2021,17.3333,"9P50_3","2026-09-27"
"NZL","New Zealand",2022,5.7178998,"9P50_3","2026-09-27"
"OECD","OECD",2010,1776.4727,"9P50_3","2026-09-27"
"OECD","OECD",2011,2043.5155,"9P50_3","2026-09-27"
"OECD","OECD",2012,2455.7329,"9P50_3","2026-09-27"
"OECD","OECD",2013,2643.5737,"9P50_3","2026-09-27"
"OECD","OECD",2014,3150.8333,"9P50_3","2026-09-27"
"OECD","OECD",2015,3581.3308,"9P50_3","2026-09-27"
"OECD","OECD",2016,5059.6968,"9P50_3","2026-09-27"
"OECD","OECD",2017,6857.2134,"9P50_3","2026-09-27"
"OECD","OECD",2018,9536.9385,"9P50_3","2026-09-27"
"OECD","OECD",2019,12042.023,"9P50_3","2026-09-27"
"OECD","OECD",2020,12250.142,"9P50_3","2026-09-27"
"OECD","OECD",2021,11749.241,"9P50_3","2026-09-27"
"OECD","OECD",2022,9330.7412,"9P50_3","2026-09-27"
"PAK","Pakistan",2010,0,"9P50_3","2026-09-27"
"PAK","Pakistan",2011,0.5,"9P50_3","2026-09-27"
"PAK","Pakistan",2012,0,"9P50_3","2026-09-27"
"PAK","Pakistan",2013,0,"9P50_3","2026-09-27"
"PAK","Pakistan",2014,0.25,"9P50_3","2026-09-27"
"PAK","Pakistan",2015,0.80000001,"9P50_3","2026-09-27"
"PAK","Pakistan",2016,0,"9P50_3","2026-09-27"
"PAK","Pakistan",2017,0.83329999,"9P50_3","2026-09-27"
"PAK","Pakistan",2018,0,"9P50_3","2026-09-27"
"PAK","Pakistan",2019,0.66670001,"9P50_3","2026-09-27"
"PAK","Pakistan",2020,0,"9P50_3","2026-09-27"
"PAK","Pakistan",2021,4.7476001,"9P50_3","2026-09-27"
"PAK","Pakistan",2022,0.44999999,"9P50_3","2026-09-27"
"PAN","Panama",2010,0,"9P50_3","2026-09-27"
"PAN","Panama",2011,0,"9P50_3","2026-09-27"
"PAN","Panama",2012,0,"9P50_3","2026-09-27"
"PAN","Panama",2013,0,"9P50_3","2026-09-27"
"PAN","Panama",2014,0,"9P50_3","2026-09-27"
"PAN","Panama",2015,0,"9P50_3","2026-09-27"
"PAN","Panama",2016,0,"9P50_3","2026-09-27"
"PAN","Panama",2017,0,"9P50_3","2026-09-27"
"PAN","Panama",2018,0,"9P50_3","2026-09-27"
"PAN","Panama",2019,0,"9P50_3","2026-09-27"
"PAN","Panama",2020,0.25,"9P50_3","2026-09-27"
"PAN","Panama",2021,0,"9P50_3","2026-09-27"
"PAN","Panama",2022,0,"9P50_3","2026-09-27"
"PER","Peru",2010,0,"9P50_3","2026-09-27"
"PER","Peru",2011,0,"9P50_3","2026-09-27"
"PER","Peru",2012,0,"9P50_3","2026-09-27"
"PER","Peru",2013,0,"9P50_3","2026-09-27"
"PER","Peru",2014,0,"9P50_3","2026-09-27"
"PER","Peru",2015,0,"9P50_3","2026-09-27"
"PER","Peru",2016,0,"9P50_3","2026-09-27"
"PER","Peru",2017,0,"9P50_3","2026-09-27"
"PER","Peru",2018,0,"9P50_3","2026-09-27"
"PER","Peru",2019,0,"9P50_3","2026-09-27"
"PER","Peru",2020,0,"9P50_3","2026-09-27"
"PER","Peru",2021,1,"9P50_3","2026-09-27"
"PER","Peru",2022,0,"9P50_3","2026-09-27"
"PHL","Philippines",2010,0.2,"9P50_3","2026-09-27"
"PHL","Philippines",2011,0,"9P50_3","2026-09-27"
"PHL","Philippines",2012,0,"9P50_3","2026-09-27"
"PHL","Philippines",2013,0,"9P50_3","2026-09-27"
"PHL","Philippines",2014,0,"9P50_3","2026-09-27"
"PHL","Philippines",2015,0,"9P50_3","2026-09-27"
"PHL","Philippines",2016,3.5,"9P50_3","2026-09-27"
"PHL","Philippines",2017,2.1052999,"9P50_3","2026-09-27"
"PHL","Philippines",2018,4.3333001,"9P50_3","2026-09-27"
"PHL","Philippines",2019,1.825,"9P50_3","2026-09-27"
"PHL","Philippines",2020,2.0908999,"9P50_3","2026-09-27"
"PHL","Philippines",2021,1.3333,"9P50_3","2026-09-27"
"PHL","Philippines",2022,1.0111001,"9P50_3","2026-09-27"
"POL","Poland",2010,1,"9P50_3","2026-09-27"
"POL","Poland",2011,0,"9P50_3","2026-09-27"
"POL","Poland",2012,2,"9P50_3","2026-09-27"
"POL","Poland",2013,4.5,"9P50_3","2026-09-27"
"POL","Poland",2014,2.7,"9P50_3","2026-09-27"
"POL","Poland",2015,10.3333,"9P50_3","2026-09-27"
"POL","Poland",2016,8,"9P50_3","2026-09-27"
"POL","Poland",2017,14.4595,"9P50_3","2026-09-27"
"POL","Poland",2018,14.5333,"9P50_3","2026-09-27"
"POL","Poland",2019,17.4846,"9P50_3","2026-09-27"
"POL","Poland",2020,32.288898,"9P50_3","2026-09-27"
"POL","Poland",2021,50.674999,"9P50_3","2026-09-27"
"POL","Poland",2022,17.4548,"9P50_3","2026-09-27"
"PRI","Puerto Rico",2010,0,"9P50_3","2026-09-27"
"PRI","Puerto Rico",2011,0,"9P50_3","2026-09-27"
"PRI","Puerto Rico",2012,0,"9P50_3","2026-09-27"
"PRI","Puerto Rico",2013,0,"9P50_3","2026-09-27"
"PRI","Puerto Rico",2014,0,"9P50_3","2026-09-27"
"PRI","Puerto Rico",2015,0,"9P50_3","2026-09-27"
"PRI","Puerto Rico",2016,0,"9P50_3","2026-09-27"
"PRI","Puerto Rico",2017,0,"9P50_3","2026-09-27"
"PRI","Puerto Rico",2018,0,"9P50_3","2026-09-27"
"PRI","Puerto Rico",2019,0,"9P50_3","2026-09-27"
"PRI","Puerto Rico",2020,0,"9P50_3","2026-09-27"
"PRI","Puerto Rico",2021,0,"9P50_3","2026-09-27"
"PRI","Puerto Rico",2022,1.1429,"9P50_3","2026-09-27"
"PRK","Democratic People’s Republic of Korea",2010,0.33329999,"9P50_3","2026-09-27"
"PRK","Democratic People’s Republic of Korea",2011,0,"9P50_3","2026-09-27"
"PRK","Democratic People’s Republic of Korea",2012,0,"9P50_3","2026-09-27"
"PRK","Democratic People’s Republic of Korea",2013,0,"9P50_3","2026-09-27"
"PRK","Democratic People’s Republic of Korea",2014,0,"9P50_3","2026-09-27"
"PRK","Democratic People’s Republic of Korea",2015,0,"9P50_3","2026-09-27"
"PRK","Democratic People’s Republic of Korea",2016,0,"9P50_3","2026-09-27"
"PRK","Democratic People’s Republic of Korea",2017,0,"9P50_3","2026-09-27"
"PRK","Democratic People’s Republic of Korea",2018,0,"9P50_3","2026-09-27"
"PRK","Democratic People’s Republic of Korea",2019,0,"9P50_3","2026-09-27"
"PRK","Democratic People’s Republic of Korea",2020,0,"9P50_3","2026-09-27"
"PRK","Democratic People’s Republic of Korea",2021,0,"9P50_3","2026-09-27"
"PRK","Democratic People’s Republic of Korea",2022,0,"9P50_3","2026-09-27"
"PRT","Portugal",2010,0,"9P50_3","2026-09-27"
"PRT","Portugal",2011,0,"9P50_3","2026-09-27"
"PRT","Portugal",2012,0,"9P50_3","2026-09-27"
"PRT","Portugal",2013,1.1429,"9P50_3","2026-09-27"
"PRT","Portugal",2014,2.9762001,"9P50_3","2026-09-27"
"PRT","Portugal",2015,4.3333001,"9P50_3","2026-09-27"
"PRT","Portugal",2016,4.125,"9P50_3","2026-09-27"
"PRT","Portugal",2017,1.25,"9P50_3","2026-09-27"
"PRT","Portugal",2018,4.8499999,"9P50_3","2026-09-27"
"PRT","Portugal",2019,9.375,"9P50_3","2026-09-27"
"PRT","Portugal",2020,19.9083,"9P50_3","2026-09-27"
"PRT","Portugal",2021,16.825001,"9P50_3","2026-09-27"
"PRT","Portugal",2022,12.3167,"9P50_3","2026-09-27"
"ROU","Romania",2010,0.5,"9P50_3","2026-09-27"
"ROU","Romania",2011,0.375,"9P50_3","2026-09-27"
"ROU","Romania",2012,0.2,"9P50_3","2026-09-27"
"ROU","Romania",2013,0,"9P50_3","2026-09-27"
"ROU","Romania",2014,3.1861,"9P50_3","2026-09-27"
"ROU","Romania",2015,5.4762001,"9P50_3","2026-09-27"
"ROU","Romania",2016,3.9166999,"9P50_3","2026-09-27"
"ROU","Romania",2017,4.4833002,"9P50_3","2026-09-27"
"ROU","Romania",2018,13.636,"9P50_3","2026-09-27"
"ROU","Romania",2019,19.8333,"9P50_3","2026-09-27"
"ROU","Romania",2020,6.7856998,"9P50_3","2026-09-27"
"ROU","Romania",2021,12.794,"9P50_3","2026-09-27"
"ROU","Romania",2022,8.0929003,"9P50_3","2026-09-27"
"RUS","Russia",2010,8.1667004,"9P50_3","2026-09-27"
"RUS","Russia",2011,6.3333001,"9P50_3","2026-09-27"
"RUS","Russia",2012,6.3832998,"9P50_3","2026-09-27"
"RUS","Russia",2013,36.4417,"9P50_3","2026-09-27"
"RUS","Russia",2014,37.266701,"9P50_3","2026-09-27"
"RUS","Russia",2015,41.107101,"9P50_3","2026-09-27"
"RUS","Russia",2016,54.133301,"9P50_3","2026-09-27"
"RUS","Russia",2017,58.620602,"9P50_3","2026-09-27"
"RUS","Russia",2018,87.951897,"9P50_3","2026-09-27"
"RUS","Russia",2019,65.800003,"9P50_3","2026-09-27"
"RUS","Russia",2020,65.458298,"9P50_3","2026-09-27"
"RUS","Russia",2021,31.796,"9P50_3","2026-09-27"
"RUS","Russia",2022,19.566401,"9P50_3","2026-09-27"
"SAU","Saudi Arabia",2010,1,"9P50_3","2026-09-27"
"SAU","Saudi Arabia",2011,1.75,"9P50_3","2026-09-27"
"SAU","Saudi Arabia",2012,2,"9P50_3","2026-09-27"
"SAU","Saudi Arabia",2013,1,"9P50_3","2026-09-27"
"SAU","Saudi Arabia",2014,3,"9P50_3","2026-09-27"
"SAU","Saudi Arabia",2015,3,"9P50_3","2026-09-27"
"SAU","Saudi Arabia",2016,4,"9P50_3","2026-09-27"
"SAU","Saudi Arabia",2017,13.9167,"9P50_3","2026-09-27"
"SAU","Saudi Arabia",2018,13.981,"9P50_3","2026-09-27"
"SAU","Saudi Arabia",2019,19.5833,"9P50_3","2026-09-27"
"SAU","Saudi Arabia",2020,40.400002,"9P50_3","2026-09-27"
"SAU","Saudi Arabia",2021,36.216702,"9P50_3","2026-09-27"
"SAU","Saudi Arabia",2022,8.5429001,"9P50_3","2026-09-27"
"SGP","Singapore",2010,5.9667001,"9P50_3","2026-09-27"
"SGP","Singapore",2011,8.8999996,"9P50_3","2026-09-27"
"SGP","Singapore",2012,7.75,"9P50_3","2026-09-27"
"SGP","Singapore",2013,8.5,"9P50_3","2026-09-27"
"SGP","Singapore",2014,21.8333,"9P50_3","2026-09-27"
"SGP","Singapore",2015,17.6667,"9P50_3","2026-09-27"
"SGP","Singapore",2016,20.9167,"9P50_3","2026-09-27"
"SGP","Singapore",2017,33.278599,"9P50_3","2026-09-27"
"SGP","Singapore",2018,53.307899,"9P50_3","2026-09-27"
"SGP","Singapore",2019,73.209099,"9P50_3","2026-09-27"
"SGP","Singapore",2020,99.775597,"9P50_3","2026-09-27"
"SGP","Singapore",2021,141.86749,"9P50_3","2026-09-27"
"SGP","Singapore",2022,75.778999,"9P50_3","2026-09-27"
"SLV","El Salvador",2010,0,"9P50_3","2026-09-27"
"SLV","El Salvador",2011,0,"9P50_3","2026-09-27"
"SLV","El Salvador",2012,0,"9P50_3","2026-09-27"
"SLV","El Salvador",2013,0,"9P50_3","2026-09-27"
"SLV","El Salvador",2014,0,"9P50_3","2026-09-27"
"SLV","El Salvador",2015,0,"9P50_3","2026-09-27"
"SLV","El Salvador",2016,0,"9P50_3","2026-09-27"
"SLV","El Salvador",2017,0,"9P50_3","2026-09-27"
"SLV","El Salvador",2018,0,"9P50_3","2026-09-27"
"SLV","El Salvador",2019,0,"9P50_3","2026-09-27"
"SLV","El Salvador",2020,0,"9P50_3","2026-09-27"
"SLV","El Salvador",2021,0,"9P50_3","2026-09-27"
"SLV","El Salvador",2022,0,"9P50_3","2026-09-27"
"SVK","Slovak Republic",2010,0.33329999,"9P50_3","2026-09-27"
"SVK","Slovak Republic",2011,0,"9P50_3","2026-09-27"
"SVK","Slovak Republic",2012,0.25,"9P50_3","2026-09-27"
"SVK","Slovak Republic",2013,0.1429,"9P50_3","2026-09-27"
"SVK","Slovak Republic",2014,0,"9P50_3","2026-09-27"
"SVK","Slovak Republic",2015,1.875,"9P50_3","2026-09-27"
"SVK","Slovak Republic",2016,2,"9P50_3","2026-09-27"
"SVK","Slovak Republic",2017,1.25,"9P50_3","2026-09-27"
"SVK","Slovak Republic",2018,1.75,"9P50_3","2026-09-27"
"SVK","Slovak Republic",2019,2.6111,"9P50_3","2026-09-27"
"SVK","Slovak Republic",2020,2.9261999,"9P50_3","2026-09-27"
"SVK","Slovak Republic",2021,1.2556,"9P50_3","2026-09-27"
"SVK","Slovak Republic",2022,0.33329999,"9P50_3","2026-09-27"
"SVN","Slovenia",2010,0,"9P50_3","2026-09-27"
"SVN","Slovenia",2011,0,"9P50_3","2026-09-27"
"SVN","Slovenia",2012,0,"9P50_3","2026-09-27"
"SVN","Slovenia",2013,0,"9P50_3","2026-09-27"
"SVN","Slovenia",2014,0,"9P50_3","2026-09-27"
"SVN","Slovenia",2015,1,"9P50_3","2026-09-27"
"SVN","Slovenia",2016,0.5,"9P50_3","2026-09-27"
"SVN","Slovenia",2017,0.25,"9P50_3","2026-09-27"
"SVN","Slovenia",2018,2.875,"9P50_3","2026-09-27"
"SVN","Slovenia",2019,0.1111,"9P50_3","2026-09-27"
"SVN","Slovenia",2020,0,"9P50_3","2026-09-27"
"SVN","Slovenia",2021,0.1429,"9P50_3","2026-09-27"
"SVN","Slovenia",2022,1.5,"9P50_3","2026-09-27"
"SWE","Sweden",2010,10.25,"9P50_3","2026-09-27"
"SWE","Sweden",2011,15.5,"9P50_3","2026-09-27"
"SWE","Sweden",2012,19.6667,"9P50_3","2026-09-27"
"SWE","Sweden",2013,21.398399,"9P50_3","2026-09-27"
"SWE","Sweden",2014,29.5667,"9P50_3","2026-09-27"
"SWE","Sweden",2015,31.25,"9P50_3","2026-09-27"
"SWE","Sweden",2016,47.326,"9P50_3","2026-09-27"
"SWE","Sweden",2017,58.395199,"9P50_3","2026-09-27"
"SWE","Sweden",2018,82.349998,"9P50_3","2026-09-27"
"SWE","Sweden",2019,132.1333,"9P50_3","2026-09-27"
"SWE","Sweden",2020,161.7968,"9P50_3","2026-09-27"
"SWE","Sweden",2021,163.44209,"9P50_3","2026-09-27"
"SWE","Sweden",2022,115.585,"9P50_3","2026-09-27"
"SYC","Seychelles",2010,0,"9P50_3","2026-09-27"
"SYC","Seychelles",2011,0,"9P50_3","2026-09-27"
"SYC","Seychelles",2012,0,"9P50_3","2026-09-27"
"SYC","Seychelles",2013,0,"9P50_3","2026-09-27"
"SYC","Seychelles",2014,0,"9P50_3","2026-09-27"
"SYC","Seychelles",2015,0,"9P50_3","2026-09-27"
"SYC","Seychelles",2016,0,"9P50_3","2026-09-27"
"SYC","Seychelles",2017,0,"9P50_3","2026-09-27"
"SYC","Seychelles",2018,0,"9P50_3","2026-09-27"
"SYC","Seychelles",2019,0,"9P50_3","2026-09-27"
"SYC","Seychelles",2020,0,"9P50_3","2026-09-27"
"SYC","Seychelles",2021,0,"9P50_3","2026-09-27"
"SYC","Seychelles",2022,0,"9P50_3","2026-09-27"
"THA","Thailand",2010,0,"9P50_3","2026-09-27"
"THA","Thailand",2011,0.25,"9P50_3","2026-09-27"
"THA","Thailand",2012,0,"9P50_3","2026-09-27"
"THA","Thailand",2013,1,"9P50_3","2026-09-27"
"THA","Thailand",2014,1,"9P50_3","2026-09-27"
"THA","Thailand",2015,0,"9P50_3","2026-09-27"
"THA","Thailand",2016,0,"9P50_3","2026-09-27"
"THA","Thailand",2017,1.2381001,"9P50_3","2026-09-27"
"THA","Thailand",2018,1.8,"9P50_3","2026-09-27"
"THA","Thailand",2019,1.9524,"9P50_3","2026-09-27"
"THA","Thailand",2020,1.5429,"9P50_3","2026-09-27"
"THA","Thailand",2021,0.5,"9P50_3","2026-09-27"
"THA","Thailand",2022,4,"9P50_3","2026-09-27"
"TTO","Trinidad and Tobago",2010,0,"9P50_3","2026-09-27"
"TTO","Trinidad and Tobago",2011,0,"9P50_3","2026-09-27"
"TTO","Trinidad and Tobago",2012,0,"9P50_3","2026-09-27"
"TTO","Trinidad and Tobago",2013,0.5,"9P50_3","2026-09-27"
"TTO","Trinidad and Tobago",2014,0,"9P50_3","2026-09-27"
"TTO","Trinidad and Tobago",2015,0,"9P50_3","2026-09-27"
"TTO","Trinidad and Tobago",2016,0,"9P50_3","2026-09-27"
"TTO","Trinidad and Tobago",2017,0,"9P50_3","2026-09-27"
"TTO","Trinidad and Tobago",2018,0,"9P50_3","2026-09-27"
"TTO","Trinidad and Tobago",2019,0,"9P50_3","2026-09-27"
"TTO","Trinidad and Tobago",2020,0,"9P50_3","2026-09-27"
"TTO","Trinidad and Tobago",2021,0,"9P50_3","2026-09-27"
"TTO","Trinidad and Tobago",2022,0,"9P50_3","2026-09-27"
"TUN","Tunisia",2010,0,"9P50_3","2026-09-27"
"TUN","Tunisia",2011,0,"9P50_3","2026-09-27"
"TUN","Tunisia",2012,0,"9P50_3","2026-09-27"
"TUN","Tunisia",2013,0,"9P50_3","2026-09-27"
"TUN","Tunisia",2014,0,"9P50_3","2026-09-27"
"TUN","Tunisia",2015,0,"9P50_3","2026-09-27"
"TUN","Tunisia",2016,0.16670001,"9P50_3","2026-09-27"
"TUN","Tunisia",2017,1.5833,"9P50_3","2026-09-27"
"TUN","Tunisia",2018,0,"9P50_3","2026-09-27"
"TUN","Tunisia",2019,0.53329998,"9P50_3","2026-09-27"
"TUN","Tunisia",2020,1,"9P50_3","2026-09-27"
"TUN","Tunisia",2021,0,"9P50_3","2026-09-27"
"TUN","Tunisia",2022,0.058800001,"9P50_3","2026-09-27"
"TUR","Türkiye",2010,1,"9P50_3","2026-09-27"
"TUR","Türkiye",2011,2,"9P50_3","2026-09-27"
"TUR","Türkiye",2012,3,"9P50_3","2026-09-27"
"TUR","Türkiye",2013,4,"9P50_3","2026-09-27"
"TUR","Türkiye",2014,1.3333,"9P50_3","2026-09-27"
"TUR","Türkiye",2015,0.25,"9P50_3","2026-09-27"
"TUR","Türkiye",2016,7.1666999,"9P50_3","2026-09-27"
"TUR","Türkiye",2017,10.25,"9P50_3","2026-09-27"
"TUR","Türkiye",2018,8.9167004,"9P50_3","2026-09-27"
"TUR","Türkiye",2019,6.5833001,"9P50_3","2026-09-27"
"TUR","Türkiye",2020,14.5,"9P50_3","2026-09-27"
"TUR","Türkiye",2021,17.2778,"9P50_3","2026-09-27"
"TUR","Türkiye",2022,10.5179,"9P50_3","2026-09-27"
"TWN","Chinese Taipei",2010,61.133301,"9P50_3","2026-09-27"
"TWN","Chinese Taipei",2011,67.342903,"9P50_3","2026-09-27"
"TWN","Chinese Taipei",2012,71.185303,"9P50_3","2026-09-27"
"TWN","Chinese Taipei",2013,76.983299,"9P50_3","2026-09-27"
"TWN","Chinese Taipei",2014,87.226196,"9P50_3","2026-09-27"
"TWN","Chinese Taipei",2015,108.1845,"9P50_3","2026-09-27"
"TWN","Chinese Taipei",2016,146.2417,"9P50_3","2026-09-27"
"TWN","Chinese Taipei",2017,207.4931,"9P50_3","2026-09-27"
"TWN","Chinese Taipei",2018,374.80829,"9P50_3","2026-09-27"
"TWN","Chinese Taipei",2019,367.4389,"9P50_3","2026-09-27"
"TWN","Chinese Taipei",2020,450.82059,"9P50_3","2026-09-27"
"TWN","Chinese Taipei",2021,422.27179,"9P50_3","2026-09-27"
"TWN","Chinese Taipei",2022,421.3869,"9P50_3","2026-09-27"
"UKR","Ukraine",2010,0.91670001,"9P50_3","2026-09-27"
"UKR","Ukraine",2011,0.66670001,"9P50_3","2026-09-27"
"UKR","Ukraine",2012,2,"9P50_3","2026-09-27"
"UKR","Ukraine",2013,2.5999999,"9P50_3","2026-09-27"
"UKR","Ukraine",2014,1,"9P50_3","2026-09-27"
"UKR","Ukraine",2015,1.3333,"9P50_3","2026-09-27"
"UKR","Ukraine",2016,2.5999999,"9P50_3","2026-09-27"
"UKR","Ukraine",2017,0.95560002,"9P50_3","2026-09-27"
"UKR","Ukraine",2018,2.5999999,"9P50_3","2026-09-27"
"UKR","Ukraine",2019,8.5249996,"9P50_3","2026-09-27"
"UKR","Ukraine",2020,10.6667,"9P50_3","2026-09-27"
"UKR","Ukraine",2021,6.0047998,"9P50_3","2026-09-27"
"UKR","Ukraine",2022,5.3778,"9P50_3","2026-09-27"
"URY","Uruguay",2010,0,"9P50_3","2026-09-27"
"URY","Uruguay",2011,0,"9P50_3","2026-09-27"
"URY","Uruguay",2012,0,"9P50_3","2026-09-27"
"URY","Uruguay",2013,0,"9P50_3","2026-09-27"
"URY","Uruguay",2014,0,"9P50_3","2026-09-27"
"URY","Uruguay",2015,0,"9P50_3","2026-09-27"
"URY","Uruguay",2016,0,"9P50_3","2026-09-27"
"URY","Uruguay",2017,0,"9P50_3","2026-09-27"
"URY","Uruguay",2018,0,"9P50_3","2026-09-27"
"URY","Uruguay",2019,1.5,"9P50_3","2026-09-27"
"URY","Uruguay",2020,0,"9P50_3","2026-09-27"
"URY","Uruguay",2021,1,"9P50_3","2026-09-27"
"URY","Uruguay",2022,0.1429,"9P50_3","2026-09-27"
"USA","United States",2010,366.80042,"9P50_3","2026-09-27"
"USA","United States",2011,389.30069,"9P50_3","2026-09-27"
"USA","United States",2012,520.41058,"9P50_3","2026-09-27"
"USA","United States",2013,703.34723,"9P50_3","2026-09-27"
"USA","United States",2014,837.20203,"9P50_3","2026-09-27"
"USA","United States",2015,1060.1436,"9P50_3","2026-09-27"
"USA","United States",2016,1633.3536,"9P50_3","2026-09-27"
"USA","United States",2017,2248.4612,"9P50_3","2026-09-27"
"USA","United States",2018,3211.3953,"9P50_3","2026-09-27"
"USA","United States",2019,3874.8608,"9P50_3","2026-09-27"
"USA","United States",2020,4179.2363,"9P50_3","2026-09-27"
"USA","United States",2021,3974.1609,"9P50_3","2026-09-27"
"USA","United States",2022,2755.8843,"9P50_3","2026-09-27"
"UZB","Uzbekistan",2010,0,"9P50_3","2026-09-27"
"UZB","Uzbekistan",2011,0,"9P50_3","2026-09-27"
"UZB","Uzbekistan",2012,0,"9P50_3","2026-09-27"
"UZB","Uzbekistan",2013,0,"9P50_3","2026-09-27"
"UZB","Uzbekistan",2014,0,"9P50_3","2026-09-27"
"UZB","Uzbekistan",2015,1,"9P50_3","2026-09-27"
"UZB","Uzbekistan",2016,0,"9P50_3","2026-09-27"
"UZB","Uzbekistan",2017,0,"9P50_3","2026-09-27"
"UZB","Uzbekistan",2018,0,"9P50_3","2026-09-27"
"UZB","Uzbekistan",2019,0,"9P50_3","2026-09-27"
"UZB","Uzbekistan",2020,0,"9P50_3","2026-09-27"
"UZB","Uzbekistan",2021,0,"9P50_3","2026-09-27"
"UZB","Uzbekistan",2022,0,"9P50_3","2026-09-27"
"VEN","Venezuela",2010,0,"9P50_3","2026-09-27"
"VEN","Venezuela",2011,0,"9P50_3","2026-09-27"
"VEN","Venezuela",2012,0.1429,"9P50_3","2026-09-27"
"VEN","Venezuela",2013,0,"9P50_3","2026-09-27"
"VEN","Venezuela",2014,0,"9P50_3","2026-09-27"
"VEN","Venezuela",2015,0,"9P50_3","2026-09-27"
"VEN","Venezuela",2016,0,"9P50_3","2026-09-27"
"VEN","Venezuela",2017,0,"9P50_3","2026-09-27"
"VEN","Venezuela",2018,0,"9P50_3","2026-09-27"
"VEN","Venezuela",2019,0,"9P50_3","2026-09-27"
"VEN","Venezuela",2020,0,"9P50_3","2026-09-27"
"VEN","Venezuela",2021,0,"9P50_3","2026-09-27"
"VEN","Venezuela",2022,0,"9P50_3","2026-09-27"
"W","World",2010,1968,"9P50_3","2026-09-27"
"W","World",2011,2273,"9P50_3","2026-09-27"
"W","World",2012,2754,"9P50_3","2026-09-27"
"W","World",2013,3124,"9P50_3","2026-09-27"
"W","World",2014,3775,"9P50_3","2026-09-27"
"W","World",2015,4494,"9P50_3","2026-09-27"
"W","World",2016,6430,"9P50_3","2026-09-27"
"W","World",2017,9180,"9P50_3","2026-09-27"
"W","World",2018,12612,"9P50_3","2026-09-27"
"W","World",2019,15611,"9P50_3","2026-09-27"
"W","World",2020,17196,"9P50_3","2026-09-27"
"W","World",2021,16444,"9P50_3","2026-09-27"
"W","World",2022,13116,"9P50_3","2026-09-27"
"YUG_F","Former Yugoslavia",2010,0,"9P50_3","2026-09-27"
"YUG_F","Former Yugoslavia",2011,0,"9P50_3","2026-09-27"
"YUG_F","Former Yugoslavia",2012,0,"9P50_3","2026-09-27"
"YUG_F","Former Yugoslavia",2013,0,"9P50_3","2026-09-27"
"YUG_F","Former Yugoslavia",2014,0,"9P50_3","2026-09-27"
"YUG_F","Former Yugoslavia",2015,0,"9P50_3","2026-09-27"
"YUG_F","Former Yugoslavia",2016,0,"9P50_3","2026-09-27"
"YUG_F","Former Yugoslavia",2017,0,"9P50_3","2026-09-27"
"YUG_F","Former Yugoslavia",2018,0,"9P50_3","2026-09-27"
"YUG_F","Former Yugoslavia",2019,0,"9P50_3","2026-09-27"
"YUG_F","Former Yugoslavia",2020,0,"9P50_3","2026-09-27"
"YUG_F","Former Yugoslavia",2021,0,"9P50_3","2026-09-27"
"YUG_F","Former Yugoslavia",2022,0,"9P50_3","2026-09-27"
"ZAF","South Africa",2010,0,"9P50_3","2026-09-27"
"ZAF","South Africa",2011,1.5,"9P50_3","2026-09-27"
"ZAF","South Africa",2012,0.33329999,"9P50_3","2026-09-27"
"ZAF","South Africa",2013,1,"9P50_3","2026-09-27"
"ZAF","South Africa",2014,1.6667,"9P50_3","2026-09-27"
"ZAF","South Africa",2015,0.25,"9P50_3","2026-09-27"
"ZAF","South Africa",2016,0,"9P50_3","2026-09-27"
"ZAF","South Africa",2017,4.6666999,"9P50_3","2026-09-27"
"ZAF","South Africa",2018,7.3333001,"9P50_3","2026-09-27"
"ZAF","South Africa",2019,5.5179,"9P50_3","2026-09-27"
"ZAF","South Africa",2020,13.5714,"9P50_3","2026-09-27"
"ZAF","South Africa",2021,0.86669999,"9P50_3","2026-09-27"
"ZAF","South Africa",2022,3.2571001,"9P50_3","2026-09-27"
"ZWE","Zimbabwe",2010,0,"9P50_3","2026-09-27"
"ZWE","Zimbabwe",2011,0,"9P50_3","2026-09-27"
"ZWE","Zimbabwe",2012,0,"9P50_3","2026-09-27"
"ZWE","Zimbabwe",2013,0,"9P50_3","2026-09-27"
"ZWE","Zimbabwe",2014,0,"9P50_3","2026-09-27"
"ZWE","Zimbabwe",2015,0,"9P50_3","2026-09-27"
"ZWE","Zimbabwe",2016,0,"9P50_3","2026-09-27"
"ZWE","Zimbabwe",2017,0,"9P50_3","2026-09-27"
"ZWE","Zimbabwe",2018,0,"9P50_3","2026-09-27"
"ZWE","Zimbabwe",2019,0,"9P50_3","2026-09-27"
"ZWE","Zimbabwe",2020,0,"9P50_3","2026-09-27"
"ZWE","Zimbabwe",2021,0,"9P50_3","2026-09-27"
"ZWE","Zimbabwe",2022,0,"9P50_3","2026-09-27"
